action,player_name,player_id,note,team_id,team_name,timestamp,season
add,Matthew Stafford,9265.0,Free Agent,1,A Boy Named Suh,"Dec 19, 11:30 pm",2015
drop,Andy Dalton,24822.0,To Waivers,1,A Boy Named Suh,"Dec 19, 11:30 pm",2015
add,Eli Manning,6760.0,Free Agent,4,Joe Buck Yourself,"Dec 19, 9:30 pm",2015
drop,Tyler Eifert,26644.0,To Waivers,4,Joe Buck Yourself,"Dec 19, 9:30 pm",2015
add,Darren Sproles,7306.0,Free Agent,7,The Roethlisburger s,"Dec 19, 2:40 pm",2015
drop,LeGarrette Blount,24318.0,To Waivers,7,The Roethlisburger s,"Dec 19, 2:40 pm",2015
add,Ted Ginn Jr.,8263.0,Waiver,4,Joe Buck Yourself,"Dec 16, 4:31 am",2015
drop,C.J. Spiller,23984.0,To Waivers,4,Joe Buck Yourself,"Dec 13, 10:18 pm",2015
add,Justin Forsett,9010.0,Free Agent,5,Lambeau Leapers,"Dec 13, 10:10 am",2015
drop,Keenan Allen,26699.0,To Waivers,5,Lambeau Leapers,"Dec 13, 10:10 am",2015
add,Julian Edelman,9496.0,Free Agent,5,Lambeau Leapers,"Dec 13, 10:08 am",2015
drop,Marshawn Lynch,8266.0,To Waivers,5,Lambeau Leapers,"Dec 13, 10:08 am",2015
add,C.J. Spiller,23984.0,Free Agent,4,Joe Buck Yourself,"Dec 9, 5:36 pm",2015
drop,Mark Ingram II,24815.0,To Waivers,4,Joe Buck Yourself,"Dec 9, 5:36 pm",2015
add,Doug Baldwin,25105.0,Waiver,4,Joe Buck Yourself,"Dec 9, 2:46 am",2015
drop,Adam Vinatieri,3727.0,To Waivers,4,Joe Buck Yourself,"Dec 9, 2:46 am",2015
add,Austin Seferian-Jenkins,27566.0,Free Agent,3,Hyde your wife,"Dec 6, 11:02 am",2015
drop,Justin Forsett,9010.0,To Waivers,3,Hyde your wife,"Dec 6, 11:02 am",2015
add,Tavon Austin,26631.0,Free Agent,2,The Thunder Cats,"Dec 3, 10:17 am",2015
drop,Julian Edelman,9496.0,To Waivers,2,The Thunder Cats,"Dec 3, 10:17 am",2015
add,Jason Myers,28378.0,Free Agent,2,The Thunder Cats,"Nov 27, 12:02 pm",2015
drop,Matt Bryant,6243.0,To Waivers,2,The Thunder Cats,"Nov 27, 12:02 pm",2015
add,Danny Amendola,9037.0,Free Agent,1,A Boy Named Suh,"Nov 20, 10:14 pm",2015
drop,Pierre Garcon,8982.0,To Waivers,1,A Boy Named Suh,"Nov 20, 10:14 pm",2015
add,Jordan Reed,26708.0,Waiver,4,Joe Buck Yourself,"Nov 18, 4:56 am",2015
drop,Martellus Bennett,8838.0,To Waivers,4,Joe Buck Yourself,"Nov 18, 4:56 am",2015
add,Robbie Gould,7520.0,Waiver,5,Lambeau Leapers,"Nov 18, 4:56 am",2015
drop,Eli Manning,6760.0,To Waivers,5,Lambeau Leapers,"Nov 18, 4:56 am",2015
add,Tyler Eifert,26644.0,Free Agent,4,Joe Buck Yourself,"Nov 16, 9:57 am",2015
drop,Tavon Austin,26631.0,To Waivers,4,Joe Buck Yourself,"Nov 16, 9:56 am",2015
add,Kirk Cousins,25812.0,Free Agent,7,The Roethlisburger s,"Nov 15, 9:41 am",2015
drop,C.J. Anderson,26878.0,To Waivers,7,The Roethlisburger s,"Nov 15, 9:41 am",2015
add,Graham Gano,9526.0,Free Agent,4,Joe Buck Yourself,"Nov 12, 2:25 pm",2015
drop,Eagles,,To Waivers,4,Joe Buck Yourself,"Nov 12, 2:25 pm",2015
add,Joe Flacco,8795.0,Waiver,3,Hyde your wife,"Nov 11, 2:27 am",2015
drop,Vincent Jackson,7237.0,To Waivers,3,Hyde your wife,"Nov 11, 2:27 am",2015
add,Brandon McManus,27120.0,Waiver,3,Hyde your wife,"Nov 11, 2:27 am",2015
drop,Josh Lambo,28685.0,To Waivers,3,Hyde your wife,"Nov 11, 2:27 am",2015
add,Giovani Bernard,26660.0,Waiver,3,Hyde your wife,"Nov 11, 2:27 am",2015
drop,Giants,,To Waivers,3,Hyde your wife,"Nov 11, 2:27 am",2015
add,Ryan Mathews,23987.0,Waiver,2,The Thunder Cats,"Nov 11, 2:27 am",2015
drop,Tyler Eifert,26644.0,To Waivers,2,The Thunder Cats,"Nov 11, 2:27 am",2015
add,Derek Carr,27564.0,Free Agent,1,A Boy Named Suh,"Nov 6, 9:36 pm",2015
drop,Andrew Luck,25711.0,To Waivers,1,A Boy Named Suh,"Nov 6, 9:36 pm",2015
add,James Jones,8332.0,Waiver,4,Joe Buck Yourself,"Nov 6, 3:46 am",2015
add,Giants,,Free Agent,3,Hyde your wife,"Nov 5, 8:48 pm",2015
drop,Jordan Cameron,24889.0,To Waivers,3,Hyde your wife,"Nov 5, 8:48 pm",2015
add,Danny Woodhead,9560.0,Free Agent,3,Hyde your wife,"Nov 5, 8:47 pm",2015
drop,Bengals,,To Waivers,3,Hyde your wife,"Nov 5, 8:47 pm",2015
drop,Le'Veon Bell,26671.0,To Waivers,4,Joe Buck Yourself,"Nov 5, 6:15 pm",2015
add,Marvin Jones Jr.,25876.0,Free Agent,4,Joe Buck Yourself,"Nov 5, 7:27 am",2015
drop,Sammy Watkins,27532.0,To Waivers,4,Joe Buck Yourself,"Nov 5, 7:27 am",2015
add,DeAngelo Williams,7776.0,Waiver,4,Joe Buck Yourself,"Nov 4, 4:07 am",2015
drop,Anquan Boldin,6390.0,To Waivers,4,Joe Buck Yourself,"Nov 4, 4:07 am",2015
add,Jeremy Langford,28494.0,Waiver,8,manning bros,"Nov 4, 4:07 am",2015
drop,Rashad Jennings,9514.0,To Waivers,8,manning bros,"Nov 4, 4:07 am",2015
add,Bengals,,Waiver,3,Hyde your wife,"Nov 4, 4:07 am",2015
drop,Ryan Tannehill,25718.0,To Waivers,3,Hyde your wife,"Nov 4, 4:07 am",2015
add,Michael Floyd,25723.0,Waiver,5,Lambeau Leapers,"Nov 4, 4:07 am",2015
drop,Alfred Blue,27709.0,To Waivers,5,Lambeau Leapers,"Nov 4, 4:07 am",2015
add,Gary Barnidge,8907.0,Waiver,2,The Thunder Cats,"Nov 4, 4:07 am",2015
drop,James Jones,8332.0,To Waivers,2,The Thunder Cats,"Nov 4, 4:07 am",2015
add,Delanie Walker,7924.0,Waiver,1,A Boy Named Suh,"Nov 4, 4:07 am",2015
drop,Kendall Wright,25730.0,To Waivers,1,A Boy Named Suh,"Nov 4, 4:07 am",2015
add,Tavon Austin,26631.0,Waiver,4,Joe Buck Yourself,"Nov 4, 4:07 am",2015
drop,Donte Moncrief,27618.0,To Waivers,4,Joe Buck Yourself,"Nov 4, 4:07 am",2015
add,Malcom Floyd,7149.0,Waiver,8,manning bros,"Nov 4, 4:07 am",2015
drop,Danny Amendola,9037.0,To Waivers,8,manning bros,"Nov 4, 4:07 am",2015
add,Allen Hurns,27874.0,Waiver,3,Hyde your wife,"Nov 4, 4:07 am",2015
drop,Steve Smith,5521.0,To Waivers,3,Hyde your wife,"Nov 4, 4:07 am",2015
add,Shane Vereen,24843.0,Waiver,5,Lambeau Leapers,"Nov 4, 4:07 am",2015
drop,Vikings,,To Waivers,5,Lambeau Leapers,"Nov 4, 4:07 am",2015
add,Vikings,,Free Agent,5,Lambeau Leapers,"Oct 30, 11:14 am",2015
drop,Steelers,,To Free Agent,5,Lambeau Leapers,"Oct 30, 11:14 am",2015
add,Steelers,,Free Agent,5,Lambeau Leapers,"Oct 30, 11:14 am",2015
drop,Charles Clay,24961.0,To Waivers,5,Lambeau Leapers,"Oct 30, 11:14 am",2015
add,Danny Amendola,9037.0,Free Agent,8,manning bros,"Oct 28, 6:24 pm",2015
drop,Willie Snead IV,28026.0,To Waivers,8,manning bros,"Oct 28, 6:24 pm",2015
add,Michael Crabtree,9274.0,Free Agent,1,A Boy Named Suh,"Oct 28, 5:37 pm",2015
drop,Arian Foster,9527.0,To Waivers,1,A Boy Named Suh,"Oct 28, 5:37 pm",2015
add,Alfred Blue,27709.0,Free Agent,5,Lambeau Leapers,"Oct 28, 3:48 pm",2015
drop,Andre Ellington,26810.0,To Waivers,5,Lambeau Leapers,"Oct 28, 3:48 pm",2015
add,Chris Johnson,8801.0,Waiver,2,The Thunder Cats,"Oct 28, 3:29 am",2015
drop,David Johnson,28474.0,To Waivers,2,The Thunder Cats,"Oct 28, 3:29 am",2015
add,T.J. Yeldon,28424.0,Waiver,1,A Boy Named Suh,"Oct 28, 3:29 am",2015
drop,Chris Boswell,28188.0,To Waivers,1,A Boy Named Suh,"Oct 28, 3:29 am",2015
add,Panthers,,Waiver,4,Joe Buck Yourself,"Oct 28, 3:29 am",2015
drop,Antonio Gates,6663.0,To Waivers,4,Joe Buck Yourself,"Oct 28, 3:29 am",2015
add,Stefon Diggs,28534.0,Waiver,2,The Thunder Cats,"Oct 28, 3:29 am",2015
drop,Delanie Walker,7924.0,To Waivers,2,The Thunder Cats,"Oct 28, 3:29 am",2015
add,Darren McFadden,8781.0,Waiver,8,manning bros,"Oct 28, 3:29 am",2015
drop,Joseph Randle,26774.0,To Waivers,8,manning bros,"Oct 28, 3:29 am",2015
add,Eli Manning,6760.0,Free Agent,5,Lambeau Leapers,"Oct 23, 10:59 pm",2015
drop,Ameer Abdullah,28442.0,To Waivers,5,Lambeau Leapers,"Oct 23, 10:59 pm",2015
add,Chris Boswell,28188.0,Free Agent,1,A Boy Named Suh,"Oct 21, 8:12 am",2015
drop,Mike Nugent,7223.0,To Waivers,1,A Boy Named Suh,"Oct 21, 8:12 am",2015
add,Mike Nugent,7223.0,Waiver,1,A Boy Named Suh,"Oct 21, 2:28 am",2015
drop,Andre Johnson,6339.0,To Waivers,1,A Boy Named Suh,"Oct 21, 2:28 am",2015
add,Sammy Watkins,27532.0,Waiver,4,Joe Buck Yourself,"Oct 21, 2:28 am",2015
drop,Darrius Heyward-Bey,9271.0,To Waivers,4,Joe Buck Yourself,"Oct 21, 2:28 am",2015
add,David Johnson,28474.0,Waiver,2,The Thunder Cats,"Oct 21, 2:28 am",2015
drop,Alfred Morris,25883.0,To Waivers,2,The Thunder Cats,"Oct 21, 2:28 am",2015
add,Josh Lambo,28685.0,Waiver,3,Hyde your wife,"Oct 21, 2:28 am",2015
drop,Brandon McManus,27120.0,To Waivers,3,Hyde your wife,"Oct 21, 2:28 am",2015
add,Cam Newton,24788.0,Waiver,8,manning bros,"Oct 21, 2:28 am",2015
drop,Peyton Manning,4256.0,To Waivers,8,manning bros,"Oct 21, 2:28 am",2015
add,Anquan Boldin,6390.0,Free Agent,4,Joe Buck Yourself,"Oct 18, 2:06 pm",2015
drop,Joe Flacco,8795.0,To Waivers,4,Joe Buck Yourself,"Oct 18, 2:06 pm",2015
add,Rams,,Free Agent,1,A Boy Named Suh,"Oct 17, 10:36 am",2015
drop,Marques Colston,8001.0,To Waivers,1,A Boy Named Suh,"Oct 17, 10:36 am",2015
add,Ameer Abdullah,28442.0,Waiver,5,Lambeau Leapers,"Oct 16, 4:07 am",2015
drop,Dan Carpenter,9032.0,To Waivers,5,Lambeau Leapers,"Oct 16, 4:07 am",2015
add,Richard Rodgers,27626.0,Free Agent,7,The Roethlisburger s,"Oct 15, 10:56 pm",2015
drop,Cole Beasley,26060.0,To Waivers,7,The Roethlisburger s,"Oct 15, 10:56 pm",2015
add,Cairo Santos,28227.0,Free Agent,8,manning bros,"Oct 15, 8:15 am",2015
drop,Dan Bailey,25427.0,To Waivers,8,manning bros,"Oct 15, 8:15 am",2015
add,Martavis Bryant,27646.0,Free Agent,8,manning bros,"Oct 15, 8:13 am",2015
drop,Sammy Watkins,27532.0,To Waivers,8,manning bros,"Oct 15, 8:13 am",2015
add,Lamar Miller,25807.0,Free Agent,8,manning bros,"Oct 15, 8:11 am",2015
drop,Eli Manning,6760.0,To Waivers,8,manning bros,"Oct 15, 8:11 am",2015
add,Julius Thomas,24916.0,Free Agent,8,manning bros,"Oct 15, 8:02 am",2015
drop,James Starks,24169.0,To Waivers,8,manning bros,"Oct 15, 8:02 am",2015
add,Willie Snead IV,28026.0,Free Agent,8,manning bros,"Oct 15, 8:00 am",2015
drop,Dwayne Allen,25774.0,To Waivers,8,manning bros,"Oct 15, 8:00 am",2015
add,Charcandrick West,28044.0,Waiver,1,A Boy Named Suh,"Oct 14, 2:52 am",2015
drop,Ameer Abdullah,28442.0,To Waivers,1,A Boy Named Suh,"Oct 14, 2:52 am",2015
add,Antonio Gates,6663.0,Waiver,4,Joe Buck Yourself,"Oct 14, 2:52 am",2015
drop,Eric Ebron,27538.0,To Waivers,4,Joe Buck Yourself,"Oct 14, 2:52 am",2015
add,Andre Johnson,6339.0,Waiver,1,A Boy Named Suh,"Oct 14, 2:52 am",2015
drop,Marcus Mariota,28390.0,To Waivers,1,A Boy Named Suh,"Oct 14, 2:52 am",2015
add,Darrius Heyward-Bey,9271.0,Waiver,4,Joe Buck Yourself,"Oct 7, 3:20 am",2015
drop,Victor Cruz,24553.0,To Waivers,4,Joe Buck Yourself,"Oct 7, 3:20 am",2015
add,Drew Brees,5479.0,Waiver,2,The Thunder Cats,"Oct 7, 3:20 am",2015
drop,Cam Newton,24788.0,To Waivers,2,The Thunder Cats,"Oct 7, 3:20 am",2015
add,Kendall Wright,25730.0,Free Agent,1,A Boy Named Suh,"Oct 4, 8:59 pm",2015
drop,Melvin Gordon III,28403.0,To Waivers,1,A Boy Named Suh,"Oct 4, 8:59 pm",2015
add,Andy Dalton,24822.0,Free Agent,1,A Boy Named Suh,"Oct 4, 9:36 am",2015
drop,Martavis Bryant,27646.0,To Waivers,1,A Boy Named Suh,"Oct 4, 9:36 am",2015
add,Charles Clay,24961.0,Free Agent,5,Lambeau Leapers,"Oct 3, 9:56 am",2015
drop,Percy Harvin,9286.0,To Waivers,5,Lambeau Leapers,"Oct 3, 9:56 am",2015
add,Donte Moncrief,27618.0,Free Agent,4,Joe Buck Yourself,"Oct 2, 8:00 pm",2015
drop,Stevie Johnson,9001.0,To Waivers,4,Joe Buck Yourself,"Oct 2, 8:00 pm",2015
add,Cam Newton,24788.0,Free Agent,2,The Thunder Cats,"Oct 2, 10:32 am",2015
drop,Teddy Bridgewater,27560.0,To Waivers,2,The Thunder Cats,"Oct 2, 10:32 am",2015
add,Eric Decker,24062.0,Waiver,1,A Boy Named Suh,"Oct 2, 2:24 am",2015
drop,Andre Johnson,6339.0,To Waivers,1,A Boy Named Suh,"Oct 2, 2:24 am",2015
add,Packers,,Waiver,7,The Roethlisburger s,"Oct 2, 2:24 am",2015
drop,Dolphins,,To Waivers,7,The Roethlisburger s,"Oct 2, 2:24 am",2015
add,Brandon McManus,27120.0,Free Agent,3,Hyde your wife,"Oct 1, 10:22 pm",2015
drop,Cody Parkey,27911.0,To Waivers,3,Hyde your wife,"Oct 1, 10:22 pm",2015
add,Devonta Freeman,27631.0,Free Agent,2,The Thunder Cats,"Sep 30, 10:35 am",2015
drop,Lamar Miller,25807.0,To Waivers,2,The Thunder Cats,"Sep 30, 10:35 am",2015
add,Eric Ebron,27538.0,Waiver,4,Joe Buck Yourself,"Sep 30, 2:27 am",2015
drop,Julius Thomas,24916.0,To Waivers,4,Joe Buck Yourself,"Sep 30, 2:27 am",2015
add,Travis Benjamin,25810.0,Waiver,3,Hyde your wife,"Sep 30, 2:27 am",2015
drop,Eric Decker,24062.0,To Waivers,3,Hyde your wife,"Sep 30, 2:27 am",2015
add,Joe Flacco,8795.0,Waiver,4,Joe Buck Yourself,"Sep 30, 2:27 am",2015
drop,Matthew Stafford,9265.0,To Waivers,4,Joe Buck Yourself,"Sep 30, 2:27 am",2015
add,Josh Brown,6558.0,Waiver,5,Lambeau Leapers,"Sep 30, 2:27 am",2015
drop,Saints,,To Waivers,5,Lambeau Leapers,"Sep 30, 2:27 am",2015
add,Carson Palmer,6337.0,Waiver,2,The Thunder Cats,"Sep 30, 2:27 am",2015
drop,Drew Brees,5479.0,To Waivers,2,The Thunder Cats,"Sep 30, 2:27 am",2015
add,Steve Smith,5521.0,Waiver,3,Hyde your wife,"Sep 30, 2:27 am",2015
drop,Packers,,To Waivers,3,Hyde your wife,"Sep 30, 2:27 am",2015
add,Dion Lewis,24936.0,Free Agent,7,The Roethlisburger s,"Sep 25, 5:48 am",2015
drop,Denard Robinson,26758.0,To Waivers,7,The Roethlisburger s,"Sep 25, 5:48 am",2015
add,Broncos,,Waiver,1,A Boy Named Suh,"Sep 23, 3:13 am",2015
drop,Panthers,,To Waivers,1,A Boy Named Suh,"Sep 23, 3:13 am",2015
add,James Starks,24169.0,Waiver,8,manning bros,"Sep 23, 3:13 am",2015
drop,Mike Wallace,9348.0,To Waivers,8,manning bros,"Sep 23, 3:13 am",2015
add,Stevie Johnson,9001.0,Waiver,4,Joe Buck Yourself,"Sep 23, 3:13 am",2015
drop,Rueben Randle,25773.0,To Waivers,4,Joe Buck Yourself,"Sep 23, 3:13 am",2015
add,Mike Wallace,9348.0,Free Agent,8,manning bros,"Sep 16, 10:51 am",2015
drop,Anquan Boldin,6390.0,To Waivers,8,manning bros,"Sep 16, 10:51 am",2015
add,Tyler Eifert,26644.0,Free Agent,2,The Thunder Cats,"Sep 16, 10:50 am",2015
drop,Kyle Rudolph,24830.0,To Waivers,2,The Thunder Cats,"Sep 16, 10:50 am",2015
add,Arian Foster,9527.0,Waiver,1,A Boy Named Suh,"Sep 16, 3:35 am",2015
drop,Cam Newton,24788.0,To Waivers,1,A Boy Named Suh,"Sep 16, 3:35 am",2015
add,Marcus Mariota,28390.0,Waiver,1,A Boy Named Suh,"Sep 16, 3:35 am",2015
drop,Tre Mason,27603.0,To Waivers,1,A Boy Named Suh,"Sep 16, 3:35 am",2015
add,Saints,,Waiver,5,Lambeau Leapers,"Sep 16, 3:35 am",2015
drop,Vernon Davis,7755.0,To Waivers,5,Lambeau Leapers,"Sep 16, 3:35 am",2015
add,James Jones,8332.0,Waiver,2,The Thunder Cats,"Sep 16, 3:35 am",2015
drop,Steve Smith,5521.0,To Waivers,2,The Thunder Cats,"Sep 16, 3:35 am",2015
add,Cody Parkey,27911.0,Waiver,3,Hyde your wife,"Sep 16, 3:35 am",2015
drop,Connor Barth,9219.0,To Waivers,3,Hyde your wife,"Sep 16, 3:35 am",2015
add,Chris Ivory,24400.0,Free Agent,1,A Boy Named Suh,"Sep 3, 9:55 pm",2015
drop,Mike Wallace,9348.0,To Waivers,1,A Boy Named Suh,"Sep 3, 9:55 pm",2015
add,Pierre Garcon,8982.0,Free Agent,1,A Boy Named Suh,"Aug 24, 5:56 am",2015
drop,Jordy Nelson,8813.0,To Waivers,1,A Boy Named Suh,"Aug 24, 5:55 am",2015
add,John Brown,27619.0,Free Agent,4,Joe Buck Yourself,"Aug 19, 7:48 pm",2015
drop,Kelvin Benjamin,27556.0,To Waivers,4,Joe Buck Yourself,"Aug 19, 7:46 pm",2015
add,Panthers,,Free Agent,1,A Boy Named Suh,"Aug 19, 12:03 pm",2015
drop,Rams,,To Waivers,1,A Boy Named Suh,"Aug 19, 12:03 pm",2015
add,Rashad Jennings,9514.0,Waiver,8,manning bros,"Aug 18, 2:23 am",2015
add,Tre Mason,27603.0,Waiver,1,A Boy Named Suh,"Aug 18, 2:23 am",2015
drop,Giovani Bernard,26660.0,To Waivers,1,A Boy Named Suh,"Aug 18, 2:23 am",2015
drop,Tim Tebow,24000.0,To Waivers,8,manning bros,"Aug 16, 1:57 pm",2015
add,Tyrell Williams,28691.0,Free Agent,3,Joe Buck Yourself,"Dec 22, 9:44 pm",2016
drop,Tyreek Hill,29399.0,To Waivers,3,Joe Buck Yourself,"Dec 22, 9:44 pm",2016
add,Tyreek Hill,29399.0,Free Agent,3,Joe Buck Yourself,"Dec 16, 6:56 am",2016
drop,Brandon Marshall,7868.0,To Waivers,3,Joe Buck Yourself,"Dec 16, 6:56 am",2016
add,Alshon Jeffery,25755.0,Free Agent,1,Hingle McCringlebery,"Dec 14, 1:31 pm",2016
drop,John Brown,27619.0,To Waivers,1,Hingle McCringlebery,"Dec 14, 1:31 pm",2016
add,Falcons,,Free Agent,4,Lambeau Leapers,"Dec 14, 11:36 am",2016
drop,Rob Gronkowski,24017.0,To Waivers,4,Lambeau Leapers,"Dec 14, 11:36 am",2016
add,Sammy Watkins,27532.0,Waiver,2,Hyde your wife,"Dec 14, 2:40 am",2016
drop,Christine Michael,26685.0,To Waivers,2,Hyde your wife,"Dec 14, 2:40 am",2016
add,Kai Forbath,25648.0,Waiver,1,Hingle McCringlebery,"Dec 7, 2:43 am",2016
drop,Dustin Hopkins,26800.0,To Waivers,1,Hingle McCringlebery,"Dec 7, 2:43 am",2016
add,Dustin Hopkins,26800.0,Free Agent,1,Hingle McCringlebery,"Dec 4, 2:21 pm",2016
drop,Chris Boswell,28188.0,To Waivers,1,Hingle McCringlebery,"Dec 4, 2:21 pm",2016
add,Jason Witten,6405.0,Free Agent,4,Lambeau Leapers,"Dec 1, 3:19 pm",2016
drop,Victor Cruz,24553.0,To Waivers,4,Lambeau Leapers,"Dec 1, 3:19 pm",2016
add,Cameron Brate,28267.0,Waiver,5,manning bros,"Nov 30, 3:43 am",2016
drop,Sterling Shepard,29274.0,To Waivers,5,manning bros,"Nov 30, 3:43 am",2016
add,Cole Beasley,26060.0,Waiver,5,manning bros,"Nov 30, 3:43 am",2016
drop,Terrelle Pryor Sr.,25681.0,To Waivers,5,manning bros,"Nov 30, 3:43 am",2016
add,Davante Adams,27581.0,Waiver,8,The Thunder Cats,"Nov 30, 3:43 am",2016
drop,Alshon Jeffery,25755.0,To Waivers,8,The Thunder Cats,"Nov 30, 3:43 am",2016
add,DeSean Jackson,8826.0,Waiver,6,The Benchwarmers,"Nov 30, 3:43 am",2016
add,Adrian Peterson,8261.0,Waiver,4,Lambeau Leapers,"Nov 30, 3:43 am",2016
drop,Eli Manning,6760.0,To Waivers,4,Lambeau Leapers,"Nov 30, 3:43 am",2016
add,Marcus Mariota,28390.0,Free Agent,7,The Roethlisburger s,"Nov 24, 8:41 am",2016
drop,DeSean Jackson,8826.0,To Waivers,7,The Roethlisburger s,"Nov 24, 8:41 am",2016
add,Rob Kelley,29694.0,Free Agent,3,Joe Buck Yourself,"Nov 23, 4:21 pm",2016
drop,Davante Adams,27581.0,To Waivers,3,Joe Buck Yourself,"Nov 23, 4:21 pm",2016
add,Dan Bailey,25427.0,Waiver,3,Joe Buck Yourself,"Nov 23, 2:47 am",2016
drop,Mason Crosby,8447.0,To Waivers,3,Joe Buck Yourself,"Nov 23, 2:47 am",2016
add,Doug Martin,25741.0,Free Agent,8,The Thunder Cats,"Nov 18, 11:07 am",2016
add,Giants,,Free Agent,4,Lambeau Leapers,"Nov 17, 7:54 pm",2016
drop,Jamaal Charles,8850.0,To Waivers,4,Lambeau Leapers,"Nov 17, 7:54 pm",2016
add,Spencer Ware,26817.0,Free Agent,2,Hyde your wife,"Nov 17, 6:26 pm",2016
drop,Graham Gano,9526.0,To Waivers,2,Hyde your wife,"Nov 17, 6:26 pm",2016
drop,Carson Wentz,29236.0,To Waivers,6,The Benchwarmers,"Nov 17, 8:14 am",2016
add,Victor Cruz,24553.0,Free Agent,4,Lambeau Leapers,"Nov 16, 11:35 am",2016
drop,Mohamed Sanu,25793.0,To Waivers,4,Lambeau Leapers,"Nov 16, 11:35 am",2016
add,Golden Tate,24035.0,Waiver,5,manning bros,"Nov 16, 3:35 am",2016
drop,Jason Witten,6405.0,To Waivers,5,manning bros,"Nov 16, 3:35 am",2016
add,Stephen Gostkowski,7867.0,Waiver,7,The Roethlisburger s,"Nov 16, 3:35 am",2016
drop,Blair Walsh,25885.0,To Waivers,7,The Roethlisburger s,"Nov 16, 3:35 am",2016
add,John Brown,27619.0,Free Agent,1,Hingle McCringlebery,"Nov 12, 9:59 pm",2016
drop,Jameis Winston,28389.0,To Waivers,1,Hingle McCringlebery,"Nov 12, 9:59 pm",2016
add,Carson Wentz,29236.0,Free Agent,6,The Benchwarmers,"Nov 10, 5:18 pm",2016
drop,Golden Tate,24035.0,To Waivers,6,The Benchwarmers,"Nov 10, 5:18 pm",2016
add,Rams,,Free Agent,6,The Benchwarmers,"Nov 10, 5:16 pm",2016
drop,Stephen Gostkowski,7867.0,To Waivers,6,The Benchwarmers,"Nov 10, 5:16 pm",2016
add,Davante Adams,27581.0,Free Agent,3,Joe Buck Yourself,"Nov 10, 6:44 am",2016
drop,Chiefs,,To Waivers,3,Joe Buck Yourself,"Nov 10, 6:44 am",2016
add,Rishard Matthews,25937.0,Free Agent,5,manning bros,"Nov 9, 9:13 am",2016
drop,Spencer Ware,26817.0,To Waivers,5,manning bros,"Nov 9, 9:13 am",2016
add,Rashad Jennings,9514.0,Waiver,8,The Thunder Cats,"Nov 9, 3:26 am",2016
drop,Jerick McKinnon,27624.0,To Waivers,8,The Thunder Cats,"Nov 9, 3:26 am",2016
add,Tavon Austin,26631.0,Waiver,2,Hyde your wife,"Nov 9, 3:26 am",2016
drop,Charcandrick West,28044.0,To Waivers,2,Hyde your wife,"Nov 9, 3:26 am",2016
add,Antonio Gates,6663.0,Waiver,1,Hingle McCringlebery,"Nov 6, 1:33 am",2016
drop,Jack Doyle,27299.0,To Waivers,1,Hingle McCringlebery,"Nov 6, 1:33 am",2016
add,Dak Prescott,29369.0,Free Agent,3,Joe Buck Yourself,"Nov 4, 7:11 am",2016
add,Kyle Rudolph,24830.0,Waiver,8,The Thunder Cats,"Nov 4, 3:11 am",2016
drop,Antonio Gates,6663.0,To Waivers,8,The Thunder Cats,"Nov 4, 3:11 am",2016
add,Darren Sproles,7306.0,Free Agent,7,The Roethlisburger s,"Nov 3, 8:24 pm",2016
drop,Eddie Lacy,26684.0,To Waivers,7,The Roethlisburger s,"Nov 3, 8:24 pm",2016
add,Charcandrick West,28044.0,Free Agent,2,Hyde your wife,"Nov 2, 7:45 pm",2016
drop,T.J. Yeldon,28424.0,To Waivers,2,Hyde your wife,"Nov 2, 7:45 pm",2016
add,Jamison Crowder,28493.0,Waiver,3,Joe Buck Yourself,"Nov 2, 2:49 am",2016
drop,Kyle Rudolph,24830.0,To Waivers,3,Joe Buck Yourself,"Nov 2, 2:49 am",2016
add,Tyler Eifert,26644.0,Waiver,3,Joe Buck Yourself,"Nov 2, 2:49 am",2016
drop,Matt Jones,28483.0,To Waivers,3,Joe Buck Yourself,"Nov 2, 2:49 am",2016
add,Jack Doyle,27299.0,Waiver,1,Hingle McCringlebery,"Nov 2, 2:49 am",2016
drop,Tavon Austin,26631.0,To Waivers,1,Hingle McCringlebery,"Nov 2, 2:49 am",2016
add,Terrance West,27622.0,Waiver,3,Joe Buck Yourself,"Nov 2, 2:49 am",2016
drop,Jacquizz Rodgers,24932.0,To Waivers,3,Joe Buck Yourself,"Nov 2, 2:49 am",2016
add,Chris Boswell,28188.0,Waiver,1,Hingle McCringlebery,"Nov 2, 2:49 am",2016
drop,Chandler Catanzaro,28103.0,To Waivers,1,Hingle McCringlebery,"Nov 2, 2:49 am",2016
add,Chiefs,,Waiver,3,Joe Buck Yourself,"Nov 2, 2:49 am",2016
drop,Jets,,To Waivers,3,Joe Buck Yourself,"Nov 2, 2:49 am",2016
drop,Will Fuller V,29255.0,To Waivers,3,Joe Buck Yourself,"Nov 1, 7:02 am",2016
add,Mohamed Sanu,25793.0,Free Agent,4,Lambeau Leapers,"Oct 30, 2:29 pm",2016
drop,Michael Floyd,25723.0,To Waivers,4,Lambeau Leapers,"Oct 30, 2:29 pm",2016
add,Jacquizz Rodgers,24932.0,Free Agent,3,Joe Buck Yourself,"Oct 30, 10:13 am",2016
drop,C.J. Anderson,26878.0,To Waivers,3,Joe Buck Yourself,"Oct 30, 10:06 am",2016
add,Stephen Gostkowski,7867.0,Waiver,6,The Benchwarmers,"Oct 28, 2:43 am",2016
drop,Texans,,To Waivers,6,The Benchwarmers,"Oct 28, 2:43 am",2016
add,Tavon Austin,26631.0,Free Agent,1,Hingle McCringlebery,"Oct 27, 12:34 pm",2016
drop,Jack Doyle,27299.0,To Waivers,1,Hingle McCringlebery,"Oct 27, 12:34 pm",2016
add,Michael Thomas,29281.0,Free Agent,3,Joe Buck Yourself,"Oct 27, 11:21 am",2016
drop,Cameron Meredith,28697.0,To Waivers,3,Joe Buck Yourself,"Oct 27, 11:21 am",2016
add,Devontae Booker,29370.0,Free Agent,4,Lambeau Leapers,"Oct 27, 10:49 am",2016
drop,Jeremy Langford,28494.0,To Waivers,4,Lambeau Leapers,"Oct 27, 10:49 am",2016
add,Jack Doyle,27299.0,Waiver,1,Hingle McCringlebery,"Oct 26, 4:01 am",2016
drop,Doug Martin,25741.0,To Waivers,1,Hingle McCringlebery,"Oct 26, 4:01 am",2016
add,Jets,,Waiver,3,Joe Buck Yourself,"Oct 26, 4:01 am",2016
drop,Kenny Britt,9294.0,To Waivers,3,Joe Buck Yourself,"Oct 26, 4:01 am",2016
add,Jameis Winston,28389.0,Waiver,1,Hingle McCringlebery,"Oct 26, 4:01 am",2016
drop,Blake Bortles,27531.0,To Waivers,1,Hingle McCringlebery,"Oct 26, 4:01 am",2016
add,Christine Michael,26685.0,Waiver,2,Hyde your wife,"Oct 26, 4:01 am",2016
drop,Jacob Tamme,8916.0,To Waivers,2,Hyde your wife,"Oct 26, 4:01 am",2016
add,Mason Crosby,8447.0,Waiver,3,Joe Buck Yourself,"Oct 26, 4:01 am",2016
drop,Stephen Gostkowski,7867.0,To Waivers,3,Joe Buck Yourself,"Oct 26, 4:01 am",2016
add,Spencer Ware,26817.0,Waiver,5,manning bros,"Oct 26, 4:01 am",2016
drop,Kirk Cousins,25812.0,To Waivers,5,manning bros,"Oct 26, 4:01 am",2016
add,Eagles,,Waiver,8,The Thunder Cats,"Oct 26, 4:01 am",2016
drop,Chiefs,,To Waivers,8,The Thunder Cats,"Oct 26, 4:01 am",2016
add,Bills,,Waiver,6,The Benchwarmers,"Oct 26, 4:01 am",2016
drop,Steve Smith,5521.0,To Waivers,6,The Benchwarmers,"Oct 26, 4:01 am",2016
drop,Arian Foster,9527.0,To Waivers,8,The Thunder Cats,"Oct 25, 11:19 am",2016
add,Mike Wallace,9348.0,Free Agent,8,The Thunder Cats,"Oct 21, 11:45 am",2016
drop,DeVante Parker,28402.0,To Waivers,8,The Thunder Cats,"Oct 21, 11:45 am",2016
add,Kenny Britt,9294.0,Free Agent,3,Joe Buck Yourself,"Oct 21, 9:41 am",2016
drop,Dan Bailey,25427.0,To Waivers,3,Joe Buck Yourself,"Oct 21, 9:41 am",2016
add,Blake Bortles,27531.0,Waiver,1,Hingle McCringlebery,"Oct 19, 4:11 am",2016
drop,Eagles,,To Waivers,1,Hingle McCringlebery,"Oct 19, 4:11 am",2016
add,Nick Novak,7505.0,Waiver,2,Hyde your wife,"Oct 19, 4:11 am",2016
drop,Sammy Watkins,27532.0,To Waivers,2,Hyde your wife,"Oct 19, 4:11 am",2016
add,Doug Martin,25741.0,Waiver,1,Hingle McCringlebery,"Oct 19, 4:11 am",2016
drop,Dennis Pitta,24089.0,To Waivers,1,Hingle McCringlebery,"Oct 19, 4:11 am",2016
add,Cameron Meredith,28697.0,Waiver,3,Joe Buck Yourself,"Oct 19, 4:11 am",2016
add,Jacob Tamme,8916.0,Waiver,2,Hyde your wife,"Oct 19, 4:11 am",2016
drop,Steelers,,To Waivers,2,Hyde your wife,"Oct 19, 4:11 am",2016
add,Terrelle Pryor Sr.,25681.0,Waiver,5,manning bros,"Oct 19, 4:11 am",2016
drop,John Brown,27619.0,To Waivers,5,manning bros,"Oct 19, 4:11 am",2016
add,Ty Montgomery II,28482.0,Waiver,4,Lambeau Leapers,"Oct 19, 4:11 am",2016
add,Jay Ajayi,28537.0,Waiver,7,The Roethlisburger s,"Oct 19, 4:11 am",2016
drop,DeAngelo Williams,7776.0,To Waivers,7,The Roethlisburger s,"Oct 19, 4:11 am",2016
drop,Theo Riddick,26822.0,To Waivers,3,Joe Buck Yourself,"Oct 18, 6:58 am",2016
add,Dennis Pitta,24089.0,Free Agent,1,Hingle McCringlebery,"Oct 16, 9:47 am",2016
drop,Christine Michael,26685.0,To Waivers,1,Hingle McCringlebery,"Oct 16, 9:47 am",2016
add,T.J. Yeldon,28424.0,Free Agent,2,Hyde your wife,"Oct 14, 7:28 am",2016
drop,Charles Sims,27597.0,To Waivers,2,Hyde your wife,"Oct 14, 7:28 am",2016
add,Eagles,,Waiver,1,Hingle McCringlebery,"Oct 12, 3:52 am",2016
drop,Eric Decker,24062.0,To Waivers,1,Hingle McCringlebery,"Oct 12, 3:52 am",2016
add,Theo Riddick,26822.0,Waiver,3,Joe Buck Yourself,"Oct 12, 3:52 am",2016
drop,Victor Cruz,24553.0,To Waivers,3,Joe Buck Yourself,"Oct 12, 3:52 am",2016
add,Arian Foster,9527.0,Waiver,8,The Thunder Cats,"Oct 12, 3:52 am",2016
drop,Carson Wentz,29236.0,To Waivers,8,The Thunder Cats,"Oct 12, 3:52 am",2016
drop,Josh Gordon,26561.0,To Waivers,4,Lambeau Leapers,"Oct 6, 9:10 pm",2016
add,Steelers,,Free Agent,2,Hyde your wife,"Oct 6, 7:49 pm",2016
drop,Doug Martin,25741.0,To Waivers,2,Hyde your wife,"Oct 6, 7:49 pm",2016
add,Carson Wentz,29236.0,Free Agent,8,The Thunder Cats,"Oct 6, 12:31 pm",2016
drop,Rashad Jennings,9514.0,To Waivers,8,The Thunder Cats,"Oct 6, 12:31 pm",2016
add,Steve Smith,5521.0,Free Agent,6,The Benchwarmers,"Oct 5, 11:53 am",2016
drop,Rams,,To Waivers,6,The Benchwarmers,"Oct 5, 11:53 am",2016
add,Jerick McKinnon,27624.0,Free Agent,8,The Thunder Cats,"Oct 5, 11:34 am",2016
drop,Tyler Lockett,28457.0,To Waivers,8,The Thunder Cats,"Oct 5, 11:34 am",2016
add,Christine Michael,26685.0,Waiver,1,Hingle McCringlebery,"Oct 5, 3:53 am",2016
drop,Sam Bradford,23976.0,To Waivers,1,Hingle McCringlebery,"Oct 5, 3:53 am",2016
add,Jordan Howard,29384.0,Waiver,2,Hyde your wife,"Oct 5, 3:53 am",2016
drop,Thomas Rawls,28714.0,To Waivers,2,Hyde your wife,"Oct 5, 3:53 am",2016
add,Kyle Rudolph,24830.0,Free Agent,3,Joe Buck Yourself,"Oct 3, 11:26 am",2016
drop,Dwayne Allen,25774.0,To Waivers,3,Joe Buck Yourself,"Oct 3, 11:26 am",2016
add,Frank Gore,7241.0,Waiver,5,manning bros,"Sep 28, 2:58 am",2016
drop,Arian Foster,9527.0,To Waivers,5,manning bros,"Sep 28, 2:58 am",2016
add,Chandler Catanzaro,28103.0,Waiver,1,Hingle McCringlebery,"Sep 28, 2:58 am",2016
drop,Mason Crosby,8447.0,To Waivers,1,Hingle McCringlebery,"Sep 28, 2:58 am",2016
add,Charles Sims,27597.0,Waiver,2,Hyde your wife,"Sep 28, 2:58 am",2016
drop,Shane Vereen,24843.0,To Waivers,2,Hyde your wife,"Sep 28, 2:58 am",2016
add,Kirk Cousins,25812.0,Waiver,5,manning bros,"Sep 28, 2:58 am",2016
drop,Spencer Ware,26817.0,To Waivers,5,manning bros,"Sep 28, 2:58 am",2016
add,Matt Jones,28483.0,Free Agent,3,Joe Buck Yourself,"Sep 22, 6:40 pm",2016
drop,Adrian Peterson,8261.0,To Waivers,3,Joe Buck Yourself,"Sep 22, 6:39 pm",2016
add,Marvin Jones Jr.,25876.0,Free Agent,1,Hingle McCringlebery,"Sep 22, 11:59 am",2016
drop,Corey Coleman,29249.0,To Waivers,1,Hingle McCringlebery,"Sep 22, 11:59 am",2016
add,Dan Bailey,25427.0,Waiver,3,Joe Buck Yourself,"Sep 21, 2:52 am",2016
add,Dwayne Allen,25774.0,Waiver,3,Joe Buck Yourself,"Sep 21, 2:52 am",2016
add,LeGarrette Blount,24318.0,Waiver,3,Joe Buck Yourself,"Sep 21, 2:52 am",2016
drop,Duke Johnson,28465.0,To Waivers,3,Joe Buck Yourself,"Sep 21, 2:52 am",2016
add,Sam Bradford,23976.0,Waiver,1,Hingle McCringlebery,"Sep 21, 2:52 am",2016
drop,Jameis Winston,28389.0,To Waivers,1,Hingle McCringlebery,"Sep 21, 2:52 am",2016
add,Shane Vereen,24843.0,Waiver,2,Hyde your wife,"Sep 21, 2:52 am",2016
drop,Chris Ivory,24400.0,To Waivers,2,Hyde your wife,"Sep 21, 2:52 am",2016
drop,Tavon Austin,26631.0,To Waivers,3,Joe Buck Yourself,"Sep 19, 10:36 pm",2016
drop,Dak Prescott,29369.0,To Waivers,3,Joe Buck Yourself,"Sep 19, 10:36 pm",2016
add,Willie Snead IV,28026.0,Free Agent,1,Hingle McCringlebery,"Sep 14, 8:53 pm",2016
drop,Laquon Treadwell,29257.0,To Waivers,1,Hingle McCringlebery,"Sep 14, 8:53 pm",2016
add,Matt Ryan,8780.0,Free Agent,2,Hyde your wife,"Sep 14, 7:26 pm",2016
drop,Philip Rivers,6763.0,To Waivers,2,Hyde your wife,"Sep 14, 7:26 pm",2016
add,Victor Cruz,24553.0,Waiver,3,Joe Buck Yourself,"Sep 14, 2:52 am",2016
drop,Jared Cook,9353.0,To Waivers,3,Joe Buck Yourself,"Sep 14, 2:52 am",2016
add,Jameis Winston,28389.0,Waiver,1,Hingle McCringlebery,"Sep 14, 2:52 am",2016
drop,Tyrod Taylor,24967.0,To Waivers,1,Hingle McCringlebery,"Sep 14, 2:52 am",2016
add,Eric Ebron,27538.0,Waiver,4,Lambeau Leapers,"Sep 14, 2:52 am",2016
drop,Kevin White,28395.0,To Waivers,4,Lambeau Leapers,"Sep 14, 2:52 am",2016
add,Will Fuller V,29255.0,Waiver,3,Joe Buck Yourself,"Sep 14, 2:52 am",2016
drop,Keenan Allen,26699.0,To Waivers,3,Joe Buck Yourself,"Sep 14, 2:52 am",2016
add,Emmanuel Sanders,24057.0,Waiver,2,Hyde your wife,"Sep 14, 2:52 am",2016
drop,Giovani Bernard,26660.0,To Waivers,2,Hyde your wife,"Sep 14, 2:52 am",2016
add,Spencer Ware,26817.0,Waiver,5,manning bros,"Sep 14, 2:52 am",2016
drop,Tony Romo,6624.0,To Waivers,5,manning bros,"Sep 14, 2:52 am",2016
add,Dak Prescott,29369.0,Free Agent,3,Joe Buck Yourself,"Aug 27, 10:42 pm",2016
drop,Blake Bortles,27531.0,To Waivers,3,Joe Buck Yourself,"Aug 27, 10:41 pm",2016
add,Tony Romo,6624.0,Free Agent,5,manning bros,"Aug 23, 8:45 pm",2016
drop,Robert Griffin III,25712.0,To Waivers,5,manning bros,"Aug 23, 8:45 pm",2016
add,Mason Crosby,8447.0,Waiver,1,Hingle McCringlebery,"Aug 23, 2:23 am",2016
drop,Marshall Koehn,29834.0,To Waivers,1,Hingle McCringlebery,"Aug 23, 2:23 am",2016
add,Isaiah Crowell,28014.0,Waiver,4,Lambeau Leapers,"Aug 23, 2:23 am",2016
drop,Derrick Henry,29279.0,To Waivers,4,Lambeau Leapers,"Aug 23, 2:23 am",2016
add,Blake Bortles,27531.0,Waiver,3,Joe Buck Yourself,"Aug 23, 2:23 am",2016
drop,Packers,,To Waivers,3,Joe Buck Yourself,"Aug 23, 2:23 am",2016
add,Giovani Bernard,26660.0,Waiver,2,Hyde your wife,"Aug 23, 2:23 am",2016
drop,Mark Sanchez,9269.0,To Waivers,2,Hyde your wife,"Aug 23, 2:23 am",2016
add,Corey Coleman,29249.0,Waiver,1,Hingle McCringlebery,"Aug 23, 2:23 am",2016
drop,Emmanuel Sanders,24057.0,To Waivers,1,Hingle McCringlebery,"Aug 23, 2:23 am",2016
add,Nick Foles,25798.0,Free Agent,4,Lambeau Leapers,"Dec 23, 2:41 pm",2017
drop,Jimmy Garoppolo,27590.0,To Free Agent,4,Lambeau Leapers,"Dec 23, 2:41 pm",2017
add,Jimmy Garoppolo,27590.0,Free Agent,4,Lambeau Leapers,"Dec 23, 2:40 pm",2017
add,Patriots,,Free Agent,3,Joe Buck Yourself,"Dec 23, 12:29 pm",2017
drop,Saints,,To Waivers,3,Joe Buck Yourself,"Dec 23, 12:29 pm",2017
add,Jesse James,28548.0,Free Agent,5,King of the Hill,"Dec 20, 10:38 am",2017
drop,Hunter Henry,29269.0,To Waivers,5,King of the Hill,"Dec 20, 10:38 am",2017
add,Derrick Henry,29279.0,Free Agent,6,Starting Defense,"Dec 13, 8:13 pm",2017
drop,Kai Forbath,25648.0,To Waivers,6,Starting Defense,"Dec 13, 8:13 pm",2017
drop,Packers,,To Waivers,8,Thunder Cats,"Dec 13, 5:09 pm",2017
add,Theo Riddick,26822.0,Free Agent,3,Joe Buck Yourself,"Dec 13, 9:45 am",2017
drop,Austin Ekeler,30423.0,To Waivers,3,Joe Buck Yourself,"Dec 13, 9:45 am",2017
add,Saints,,Waiver,3,Joe Buck Yourself,"Dec 13, 2:35 am",2017
drop,Patriots,,To Waivers,3,Joe Buck Yourself,"Dec 13, 2:35 am",2017
add,Jordy Nelson,8813.0,Waiver,3,Joe Buck Yourself,"Dec 13, 2:35 am",2017
drop,Sterling Shepard,29274.0,To Waivers,3,Joe Buck Yourself,"Dec 13, 2:35 am",2017
drop,Carson Wentz,29236.0,To Waivers,4,Lambeau Leapers,"Dec 12, 9:39 pm",2017
add,Ricky Seals-Jones,30494.0,Free Agent,8,Thunder Cats,"Dec 10, 2:56 pm",2017
drop,Paul Richardson,27573.0,To Waivers,8,Thunder Cats,"Dec 10, 2:56 pm",2017
add,Amari Cooper,28392.0,Waiver,5,King of the Hill,"Dec 8, 4:08 am",2017
add,Bills,,Free Agent,5,King of the Hill,"Dec 7, 11:25 pm",2017
drop,Titans,,To Waivers,5,King of the Hill,"Dec 7, 11:25 pm",2017
drop,Greg Olsen,8285.0,To Waivers,9,Jackson's Team,"Dec 6, 9:55 am",2017
drop,Derrick Henry,29279.0,To Waivers,9,Jackson's Team,"Dec 6, 9:55 am",2017
drop,Ameer Abdullah,28442.0,To Waivers,9,Jackson's Team,"Dec 6, 9:55 am",2017
add,Packers,,Waiver,8,Thunder Cats,"Dec 6, 2:29 am",2017
drop,Will Fuller V,29255.0,To Waivers,8,Thunder Cats,"Dec 6, 2:29 am",2017
add,Blake Bortles,27531.0,Waiver,5,King of the Hill,"Dec 6, 2:29 am",2017
drop,Rishard Matthews,25937.0,To Waivers,5,King of the Hill,"Dec 6, 2:29 am",2017
add,Marquise Goodwin,26701.0,Waiver,10,Talladega Knights,"Dec 6, 2:29 am",2017
drop,Amari Cooper,28392.0,To Waivers,10,Talladega Knights,"Dec 6, 2:29 am",2017
drop,Randall Cobb,24851.0,To Waivers,7,The Roethlisburger s,"Dec 5, 7:28 am",2017
drop,Damien Williams,28115.0,To Waivers,7,The Roethlisburger s,"Dec 5, 7:28 am",2017
add,Martavis Bryant,27646.0,Free Agent,4,Lambeau Leapers,"Dec 2, 10:42 am",2017
drop,Aaron Jones Sr.,30295.0,To Waivers,4,Lambeau Leapers,"Dec 2, 10:42 am",2017
add,Alex Collins,29405.0,Waiver,2,Frank The Tank,"Dec 1, 2:29 am",2017
drop,C.J. Anderson,26878.0,To Waivers,2,Frank The Tank,"Dec 1, 2:29 am",2017
add,Titans,,Free Agent,5,King of the Hill,"Nov 30, 3:07 pm",2017
drop,Jordy Nelson,8813.0,To Waivers,5,King of the Hill,"Nov 30, 3:07 pm",2017
add,Jermaine Kearse,25991.0,Free Agent,5,King of the Hill,"Nov 30, 3:05 pm",2017
drop,Emmanuel Sanders,24057.0,To Waivers,5,King of the Hill,"Nov 30, 3:05 pm",2017
add,Kai Forbath,25648.0,Free Agent,6,Starting Defense,"Nov 29, 8:25 pm",2017
drop,Nick Novak,7505.0,To Waivers,6,Starting Defense,"Nov 29, 8:25 pm",2017
add,Josh Gordon,26561.0,Free Agent,3,Joe Buck Yourself,"Nov 29, 6:09 am",2017
drop,Alex Collins,29405.0,To Waivers,3,Joe Buck Yourself,"Nov 29, 6:09 am",2017
add,Jake Elliott,30266.0,Waiver,8,Thunder Cats,"Nov 29, 2:57 am",2017
drop,Harrison Butker,30346.0,To Waivers,8,Thunder Cats,"Nov 29, 2:57 am",2017
add,Case Keenum,26483.0,Waiver,3,Joe Buck Yourself,"Nov 29, 2:57 am",2017
drop,Andy Dalton,24822.0,To Waivers,3,Joe Buck Yourself,"Nov 29, 2:57 am",2017
add,Cooper Kupp,30182.0,Free Agent,2,Frank The Tank,"Nov 26, 10:49 am",2017
drop,Josh Gordon,26561.0,To Waivers,2,Frank The Tank,"Nov 26, 10:49 am",2017
add,Tyler Kroft,28473.0,Free Agent,1,Hingle McCringlebery,"Nov 26, 7:33 am",2017
drop,Charles Clay,24961.0,To Waivers,1,Hingle McCringlebery,"Nov 26, 7:33 am",2017
add,Andy Dalton,24822.0,Free Agent,3,Joe Buck Yourself,"Nov 25, 12:22 pm",2017
drop,DeVante Parker,28402.0,To Waivers,3,Joe Buck Yourself,"Nov 25, 12:22 pm",2017
add,Kenyan Drake,29307.0,Waiver,1,Hingle McCringlebery,"Nov 24, 2:46 am",2017
drop,James White,27658.0,To Waivers,1,Hingle McCringlebery,"Nov 24, 2:46 am",2017
drop,Isaiah Crowell,28014.0,To Waivers,9,Jackson's Team,"Nov 23, 1:23 pm",2017
add,Derrick Henry,29279.0,Free Agent,9,Jackson's Team,"Nov 23, 1:21 pm",2017
drop,Chris Thompson,26777.0,To Waivers,9,Jackson's Team,"Nov 23, 1:21 pm",2017
add,Rishard Matthews,25937.0,Free Agent,5,King of the Hill,"Nov 23, 9:46 am",2017
drop,Frank Gore,7241.0,To Waivers,5,King of the Hill,"Nov 23, 9:46 am",2017
add,Matt Bryant,6243.0,Free Agent,3,Joe Buck Yourself,"Nov 23, 8:53 am",2017
drop,Jake Elliott,30266.0,To Waivers,3,Joe Buck Yourself,"Nov 23, 8:53 am",2017
add,Patriots,,Free Agent,3,Joe Buck Yourself,"Nov 23, 8:52 am",2017
drop,Cardinals,,To Waivers,3,Joe Buck Yourself,"Nov 23, 8:52 am",2017
add,Josh Gordon,26561.0,Free Agent,2,Frank The Tank,"Nov 22, 10:45 pm",2017
drop,Dede Westbrook,30223.0,To Waivers,2,Frank The Tank,"Nov 22, 10:45 pm",2017
drop,Josh McCown,5967.0,To Waivers,2,Frank The Tank,"Nov 22, 10:45 pm",2017
add,Latavius Murray,26804.0,Waiver,8,Thunder Cats,"Nov 22, 2:32 am",2017
drop,Saints,,To Waivers,8,Thunder Cats,"Nov 22, 2:32 am",2017
add,Kenny Stills,26767.0,Waiver,8,Thunder Cats,"Nov 22, 2:32 am",2017
drop,Matt Forte,8821.0,To Waivers,8,Thunder Cats,"Nov 22, 2:32 am",2017
add,Isaiah Crowell,28014.0,Waiver,9,Jackson's Team,"Nov 22, 2:32 am",2017
drop,Odell Beckham Jr.,27540.0,To Waivers,9,Jackson's Team,"Nov 22, 2:32 am",2017
add,Alfred Morris,25883.0,Waiver,5,King of the Hill,"Nov 22, 2:32 am",2017
drop,Kenyan Drake,29307.0,To Waivers,5,King of the Hill,"Nov 22, 2:32 am",2017
add,Dion Lewis,24936.0,Waiver,10,Talladega Knights,"Nov 22, 2:32 am",2017
drop,Javorius Allen,28513.0,To Waivers,10,Talladega Knights,"Nov 22, 2:32 am",2017
add,Samaje Perine,30227.0,Waiver,4,Lambeau Leapers,"Nov 22, 2:32 am",2017
drop,Cowboys,,To Waivers,4,Lambeau Leapers,"Nov 22, 2:32 am",2017
add,Austin Hooper,29315.0,Free Agent,1,Hingle McCringlebery,"Nov 18, 12:43 pm",2017
drop,Patriots,,To Waivers,1,Hingle McCringlebery,"Nov 18, 12:43 pm",2017
add,Chargers,,Free Agent,4,Lambeau Leapers,"Nov 16, 11:09 pm",2017
drop,Cole Beasley,26060.0,To Waivers,4,Lambeau Leapers,"Nov 16, 11:09 pm",2017
add,Jamaal Williams,30247.0,Free Agent,4,Lambeau Leapers,"Nov 16, 11:08 pm",2017
drop,Eli Manning,6760.0,To Waivers,4,Lambeau Leapers,"Nov 16, 11:08 pm",2017
add,Nick Novak,7505.0,Free Agent,6,Starting Defense,"Nov 16, 8:14 pm",2017
drop,Graham Gano,9526.0,To Waivers,6,Starting Defense,"Nov 16, 8:14 pm",2017
add,Austin Ekeler,30423.0,Free Agent,3,Joe Buck Yourself,"Nov 15, 9:45 pm",2017
drop,Tyler Kroft,28473.0,To Waivers,3,Joe Buck Yourself,"Nov 15, 9:45 pm",2017
add,Corey Coleman,29249.0,Free Agent,1,Hingle McCringlebery,"Nov 15, 12:05 pm",2017
drop,Thomas Rawls,28714.0,To Waivers,1,Hingle McCringlebery,"Nov 15, 12:05 pm",2017
add,Kirk Cousins,25812.0,Free Agent,10,Talladega Knights,"Nov 15, 11:53 am",2017
drop,Tyrod Taylor,24967.0,To Waivers,10,Talladega Knights,"Nov 15, 11:53 am",2017
add,Rex Burkhead,26813.0,Free Agent,7,The Roethlisburger s,"Nov 15, 11:44 am",2017
drop,Deshaun Watson,30125.0,To Waivers,7,The Roethlisburger s,"Nov 15, 11:44 am",2017
add,Cardinals,,Free Agent,3,Joe Buck Yourself,"Nov 15, 7:42 am",2017
drop,Vikings,,To Waivers,3,Joe Buck Yourself,"Nov 15, 7:42 am",2017
add,Saints,,Waiver,8,Thunder Cats,"Nov 15, 2:50 am",2017
drop,Vernon Davis,7755.0,To Waivers,8,Thunder Cats,"Nov 15, 2:50 am",2017
add,Jake Elliott,30266.0,Waiver,3,Joe Buck Yourself,"Nov 15, 2:50 am",2017
drop,Stephen Hauschka,9066.0,To Waivers,3,Joe Buck Yourself,"Nov 15, 2:50 am",2017
add,Josh Doctson,29256.0,Waiver,9,Jackson's Team,"Nov 15, 2:50 am",2017
drop,Titans,,To Waivers,9,Jackson's Team,"Nov 15, 2:50 am",2017
add,Harrison Butker,30346.0,Waiver,8,Thunder Cats,"Nov 15, 2:50 am",2017
drop,Kai Forbath,25648.0,To Waivers,8,Thunder Cats,"Nov 15, 2:50 am",2017
add,Danny Amendola,9037.0,Free Agent,4,Lambeau Leapers,"Nov 10, 3:57 pm",2017
drop,Raiders,,To Waivers,4,Lambeau Leapers,"Nov 10, 3:57 pm",2017
add,Eli Manning,6760.0,Free Agent,4,Lambeau Leapers,"Nov 9, 3:20 pm",2017
drop,Eric Ebron,27538.0,To Waivers,4,Lambeau Leapers,"Nov 9, 3:20 pm",2017
add,Titans,,Free Agent,9,Jackson's Team,"Nov 9, 7:27 am",2017
drop,Derrick Henry,29279.0,To Waivers,9,Jackson's Team,"Nov 9, 7:27 am",2017
add,James White,27658.0,Free Agent,1,Hingle McCringlebery,"Nov 8, 9:50 am",2017
drop,Austin Hooper,29315.0,To Waivers,1,Hingle McCringlebery,"Nov 8, 9:50 am",2017
add,Marqise Lee,27567.0,Free Agent,1,Hingle McCringlebery,"Nov 8, 9:49 am",2017
drop,Latavius Murray,26804.0,To Waivers,5,King of the Hill,"Nov 8, 9:45 am",2017
add,Stephen Hauschka,9066.0,Free Agent,3,Joe Buck Yourself,"Nov 8, 7:26 am",2017
drop,Matt Bryant,6243.0,To Waivers,3,Joe Buck Yourself,"Nov 8, 7:26 am",2017
add,Robert Woods,26664.0,Waiver,2,Frank The Tank,"Nov 8, 3:15 am",2017
drop,Tyler Lockett,28457.0,To Waivers,2,Frank The Tank,"Nov 8, 3:15 am",2017
add,Tyler Kroft,28473.0,Waiver,3,Joe Buck Yourself,"Nov 8, 3:15 am",2017
drop,Bills,,To Waivers,3,Joe Buck Yourself,"Nov 8, 3:15 am",2017
add,Josh McCown,5967.0,Waiver,2,Frank The Tank,"Nov 8, 3:15 am",2017
drop,Rodney Smith,28718.0,To Waivers,2,Frank The Tank,"Nov 8, 3:15 am",2017
add,Patriots,,Waiver,1,Hingle McCringlebery,"Nov 8, 3:15 am",2017
drop,Cardinals,,To Waivers,1,Hingle McCringlebery,"Nov 8, 3:15 am",2017
add,DeVante Parker,28402.0,Waiver,3,Joe Buck Yourself,"Nov 8, 3:15 am",2017
drop,Kirk Cousins,25812.0,To Waivers,3,Joe Buck Yourself,"Nov 8, 3:15 am",2017
add,Chris Boswell,28188.0,Waiver,2,Frank The Tank,"Nov 8, 3:15 am",2017
add,Damien Williams,28115.0,Waiver,7,The Roethlisburger s,"Nov 8, 3:15 am",2017
drop,Ka'imi Fairbairn,29792.0,To Waivers,7,The Roethlisburger s,"Nov 8, 3:15 am",2017
add,Thomas Rawls,28714.0,Waiver,1,Hingle McCringlebery,"Nov 8, 3:15 am",2017
drop,Chris Ivory,24400.0,To Waivers,1,Hingle McCringlebery,"Nov 8, 3:15 am",2017
add,Sammy Watkins,27532.0,Waiver,9,Jackson's Team,"Nov 8, 3:15 am",2017
drop,Terrelle Pryor Sr.,25681.0,To Waivers,9,Jackson's Team,"Nov 8, 3:15 am",2017
add,Kai Forbath,25648.0,Waiver,8,Thunder Cats,"Nov 8, 3:15 am",2017
drop,Harrison Butker,30346.0,To Waivers,8,Thunder Cats,"Nov 8, 3:15 am",2017
add,Charles Clay,24961.0,Waiver,5,King of the Hill,"Nov 8, 3:15 am",2017
drop,Ed Dickson,24045.0,To Waivers,5,King of the Hill,"Nov 8, 3:15 am",2017
add,Graham Gano,9526.0,Waiver,6,Starting Defense,"Nov 8, 3:15 am",2017
drop,Jake Elliott,30266.0,To Waivers,6,Starting Defense,"Nov 8, 3:15 am",2017
add,Matt Prater,8565.0,Free Agent,10,Talladega Knights,"Nov 5, 5:36 pm",2017
drop,Eddie Lacy,26684.0,To Waivers,10,Talladega Knights,"Nov 5, 5:34 pm",2017
add,Vernon Davis,7755.0,Free Agent,8,Thunder Cats,"Nov 5, 11:44 am",2017
add,Chris Ivory,24400.0,Free Agent,1,Hingle McCringlebery,"Nov 5, 10:52 am",2017
drop,Dontrelle Inman,25120.0,To Waivers,1,Hingle McCringlebery,"Nov 5, 10:52 am",2017
add,Corey Davis,30118.0,Free Agent,7,The Roethlisburger s,"Nov 5, 10:36 am",2017
drop,Pierre Garcon,8982.0,To Waivers,7,The Roethlisburger s,"Nov 5, 10:36 am",2017
add,Eddie Lacy,26684.0,Free Agent,10,Talladega Knights,"Nov 4, 2:43 pm",2017
add,Cardinals,,Free Agent,1,Hingle McCringlebery,"Nov 4, 7:02 am",2017
drop,DeVante Parker,28402.0,To Waivers,1,Hingle McCringlebery,"Nov 4, 7:02 am",2017
drop,Alfred Morris,25883.0,To Waivers,10,Talladega Knights,"Nov 3, 1:43 pm",2017
add,Rodney Smith,28718.0,Free Agent,2,Frank The Tank,"Nov 3, 12:11 pm",2017
drop,Robert Woods,26664.0,To Waivers,2,Frank The Tank,"Nov 3, 12:11 pm",2017
drop,Darren McFadden,8781.0,To Waivers,8,Thunder Cats,"Nov 3, 6:58 am",2017
add,Jared Goff,29235.0,Free Agent,9,Jackson's Team,"Nov 2, 11:07 pm",2017
add,Tyler Lockett,28457.0,Free Agent,2,Frank The Tank,"Nov 2, 6:35 pm",2017
drop,Josh Doctson,29256.0,To Waivers,2,Frank The Tank,"Nov 2, 6:35 pm",2017
add,Raiders,,Free Agent,4,Lambeau Leapers,"Nov 2, 2:29 pm",2017
drop,Jonathan Stewart,8790.0,To Waivers,4,Lambeau Leapers,"Nov 2, 2:29 pm",2017
add,Eric Ebron,27538.0,Free Agent,4,Lambeau Leapers,"Nov 2, 2:28 pm",2017
add,Austin Hooper,29315.0,Free Agent,1,Hingle McCringlebery,"Nov 2, 7:13 am",2017
drop,Vernon Davis,7755.0,To Waivers,1,Hingle McCringlebery,"Nov 2, 7:13 am",2017
add,Jeremy Maclin,9283.0,Free Agent,6,Starting Defense,"Nov 1, 9:42 pm",2017
drop,Coby Fleener,25744.0,To Waivers,6,Starting Defense,"Nov 1, 9:42 pm",2017
add,Dontrelle Inman,25120.0,Free Agent,1,Hingle McCringlebery,"Nov 1, 6:20 pm",2017
drop,Josh Gordon,26561.0,To Free Agent,1,Hingle McCringlebery,"Nov 1, 6:20 pm",2017
add,Josh Gordon,26561.0,Free Agent,1,Hingle McCringlebery,"Nov 1, 6:18 pm",2017
drop,Sammy Watkins,27532.0,To Waivers,1,Hingle McCringlebery,"Nov 1, 6:18 pm",2017
add,DeVante Parker,28402.0,Free Agent,1,Hingle McCringlebery,"Nov 1, 11:59 am",2017
drop,Kenny Stills,26767.0,To Waivers,1,Hingle McCringlebery,"Nov 1, 11:59 am",2017
add,Darren McFadden,8781.0,Free Agent,8,Thunder Cats,"Nov 1, 11:50 am",2017
add,Robbie Chosen,29785.0,Free Agent,3,Joe Buck Yourself,"Nov 1, 10:51 am",2017
drop,Rishard Matthews,25937.0,To Waivers,3,Joe Buck Yourself,"Nov 1, 10:51 am",2017
add,Vernon Davis,7755.0,Free Agent,1,Hingle McCringlebery,"Nov 1, 5:53 am",2017
drop,Stephen Hauschka,9066.0,To Waivers,1,Hingle McCringlebery,"Nov 1, 5:53 am",2017
add,Alfred Morris,25883.0,Free Agent,10,Talladega Knights,"Nov 1, 3:23 am",2017
drop,Calvin Johnson,8256.0,To Waivers,10,Talladega Knights,"Nov 1, 3:23 am",2017
add,Bills,,Waiver,3,Joe Buck Yourself,"Nov 1, 2:43 am",2017
drop,Marqise Lee,27567.0,To Waivers,3,Joe Buck Yourself,"Nov 1, 2:43 am",2017
add,Dede Westbrook,30223.0,Waiver,2,Frank The Tank,"Nov 1, 2:43 am",2017
drop,C.J. Fiedorowicz,27593.0,To Waivers,2,Frank The Tank,"Nov 1, 2:43 am",2017
add,Calvin Johnson,8256.0,Waiver,10,Talladega Knights,"Nov 1, 2:43 am",2017
drop,Danny Amendola,9037.0,To Waivers,10,Talladega Knights,"Nov 1, 2:43 am",2017
add,Ka'imi Fairbairn,29792.0,Waiver,7,The Roethlisburger s,"Nov 1, 2:43 am",2017
drop,Bengals,,To Waivers,7,The Roethlisburger s,"Nov 1, 2:43 am",2017
add,Kenyan Drake,29307.0,Waiver,1,Hingle McCringlebery,"Nov 1, 2:43 am",2017
drop,Dion Lewis,24936.0,To Waivers,1,Hingle McCringlebery,"Nov 1, 2:43 am",2017
add,Alex Collins,29405.0,Waiver,3,Joe Buck Yourself,"Nov 1, 2:43 am",2017
drop,Jordan Reed,26708.0,To Waivers,3,Joe Buck Yourself,"Nov 1, 2:43 am",2017
add,Jack Doyle,27299.0,Waiver,2,Frank The Tank,"Nov 1, 2:43 am",2017
drop,George Kittle,30259.0,To Waivers,2,Frank The Tank,"Nov 1, 2:43 am",2017
add,Orleans Darkwa,28169.0,Waiver,9,Jackson's Team,"Nov 1, 2:43 am",2017
drop,Graham Gano,9526.0,To Waivers,9,Jackson's Team,"Nov 1, 2:43 am",2017
add,Tyrod Taylor,24967.0,Waiver,10,Talladega Knights,"Nov 1, 2:43 am",2017
drop,Allen Hurns,27874.0,To Waivers,10,Talladega Knights,"Nov 1, 2:43 am",2017
add,Jamison Crowder,28493.0,Waiver,7,The Roethlisburger s,"Nov 1, 2:43 am",2017
add,Paul Richardson,27573.0,Waiver,8,Thunder Cats,"Nov 1, 2:43 am",2017
drop,Jordan Matthews,27570.0,To Waivers,8,Thunder Cats,"Nov 1, 2:43 am",2017
drop,Charles Clay,24961.0,To Waivers,1,Hingle McCringlebery,"Oct 31, 7:20 am",2017
drop,Zach Miller,9444.0,To Waivers,7,The Roethlisburger s,"Oct 30, 2:30 pm",2017
add,Sammy Watkins,27532.0,Waiver,1,Hingle McCringlebery,"Oct 29, 2:25 am",2017
drop,Jermaine Kearse,25991.0,To Waivers,1,Hingle McCringlebery,"Oct 29, 2:25 am",2017
add,Jordan Matthews,27570.0,Free Agent,8,Thunder Cats,"Oct 27, 11:40 am",2017
add,Derek Carr,27564.0,Waiver,3,Joe Buck Yourself,"Oct 27, 2:17 am",2017
drop,Orleans Darkwa,28169.0,To Waivers,3,Joe Buck Yourself,"Oct 27, 2:17 am",2017
add,Tevin Coleman,28461.0,Waiver,2,Frank The Tank,"Oct 27, 2:17 am",2017
drop,Sammy Watkins,27532.0,To Waivers,2,Frank The Tank,"Oct 27, 2:17 am",2017
add,Matt Forte,8821.0,Free Agent,8,Thunder Cats,"Oct 26, 8:57 pm",2017
drop,Martavis Bryant,27646.0,To Waivers,8,Thunder Cats,"Oct 26, 8:57 pm",2017
add,Jermaine Kearse,25991.0,Free Agent,1,Hingle McCringlebery,"Oct 26, 3:05 pm",2017
drop,Robbie Chosen,29785.0,To Waivers,1,Hingle McCringlebery,"Oct 26, 3:05 pm",2017
add,Ameer Abdullah,28442.0,Waiver,9,Jackson's Team,"Oct 26, 2:15 am",2017
add,Blair Walsh,25885.0,Free Agent,4,Lambeau Leapers,"Oct 26, 12:05 am",2017
drop,Mason Crosby,8447.0,To Waivers,4,Lambeau Leapers,"Oct 26, 12:04 am",2017
add,Cole Beasley,26060.0,Free Agent,4,Lambeau Leapers,"Oct 26, 12:04 am",2017
drop,Brett Hundley,28535.0,To Waivers,4,Lambeau Leapers,"Oct 26, 12:02 am",2017
drop,Carson Palmer,6337.0,To Waivers,4,Lambeau Leapers,"Oct 26, 12:02 am",2017
drop,James White,27658.0,To Waivers,10,Talladega Knights,"Oct 25, 6:57 pm",2017
drop,Tevin Coleman,28461.0,To Waivers,5,King of the Hill,"Oct 25, 6:53 pm",2017
add,Josh Doctson,29256.0,Free Agent,2,Frank The Tank,"Oct 25, 2:00 pm",2017
drop,Jaron Brown,27074.0,To Waivers,2,Frank The Tank,"Oct 25, 2:00 pm",2017
add,Charles Clay,24961.0,Free Agent,1,Hingle McCringlebery,"Oct 25, 8:29 am",2017
drop,Willie Snead IV,28026.0,To Waivers,1,Hingle McCringlebery,"Oct 25, 8:29 am",2017
drop,Mike Wallace,9348.0,To Waivers,1,Hingle McCringlebery,"Oct 25, 8:29 am",2017
add,Stephen Hauschka,9066.0,Waiver,1,Hingle McCringlebery,"Oct 25, 2:55 am",2017
drop,Chris Ivory,24400.0,To Waivers,1,Hingle McCringlebery,"Oct 25, 2:55 am",2017
add,Dion Lewis,24936.0,Waiver,1,Hingle McCringlebery,"Oct 25, 2:55 am",2017
drop,John Brown,27619.0,To Waivers,1,Hingle McCringlebery,"Oct 25, 2:55 am",2017
add,Lions,,Waiver,10,Talladega Knights,"Oct 25, 2:55 am",2017
drop,Zay Jones,30150.0,To Waivers,10,Talladega Knights,"Oct 25, 2:55 am",2017
add,Jordan Reed,26708.0,Waiver,3,Joe Buck Yourself,"Oct 25, 2:55 am",2017
drop,Martellus Bennett,8838.0,To Waivers,3,Joe Buck Yourself,"Oct 25, 2:55 am",2017
add,Mason Crosby,8447.0,Waiver,4,Lambeau Leapers,"Oct 25, 2:55 am",2017
drop,Dan Bailey,25427.0,To Waivers,4,Lambeau Leapers,"Oct 25, 2:55 am",2017
add,Latavius Murray,26804.0,Waiver,5,King of the Hill,"Oct 25, 2:55 am",2017
drop,Derek Carr,27564.0,To Waivers,5,King of the Hill,"Oct 25, 2:55 am",2017
add,Kenny Stills,26767.0,Waiver,1,Hingle McCringlebery,"Oct 25, 2:55 am",2017
drop,Saints,,To Waivers,1,Hingle McCringlebery,"Oct 25, 2:55 am",2017
add,Bengals,,Waiver,7,The Roethlisburger s,"Oct 25, 2:55 am",2017
drop,DeVante Parker,28402.0,To Waivers,7,The Roethlisburger s,"Oct 25, 2:55 am",2017
add,Marshawn Lynch,8266.0,Waiver,6,Starting Defense,"Oct 25, 2:55 am",2017
drop,Jeremy Maclin,9283.0,To Waivers,5,King of the Hill,"Oct 24, 11:12 am",2017
drop,Ameer Abdullah,28442.0,To Waivers,3,Joe Buck Yourself,"Oct 24, 7:35 am",2017
drop,Ka'imi Fairbairn,29792.0,To Waivers,8,Thunder Cats,"Oct 24, 6:12 am",2017
drop,Marlon Mack,30256.0,To Waivers,10,Talladega Knights,"Oct 24, 6:07 am",2017
add,Ted Ginn Jr.,8263.0,Free Agent,9,Jackson's Team,"Oct 22, 11:01 am",2017
drop,Donte Moncrief,27618.0,To Waivers,9,Jackson's Team,"Oct 22, 11:01 am",2017
add,Chris Ivory,24400.0,Free Agent,1,Hingle McCringlebery,"Oct 22, 10:43 am",2017
drop,Charles Clay,24961.0,To Waivers,1,Hingle McCringlebery,"Oct 22, 10:42 am",2017
add,Marlon Mack,30256.0,Waiver,10,Talladega Knights,"Oct 22, 2:17 am",2017
add,Marqise Lee,27567.0,Free Agent,3,Joe Buck Yourself,"Oct 21, 10:30 pm",2017
drop,Jordan Reed,26708.0,To Waivers,3,Joe Buck Yourself,"Oct 21, 10:30 pm",2017
add,JuJu Smith-Schuster,30175.0,Free Agent,6,Starting Defense,"Oct 20, 1:31 pm",2017
drop,Marshawn Lynch,8266.0,To Waivers,9,Jackson's Team,"Oct 20, 1:13 pm",2017
drop,Tyrell Williams,28691.0,To Waivers,9,Jackson's Team,"Oct 20, 1:13 pm",2017
add,James White,27658.0,Free Agent,10,Talladega Knights,"Oct 20, 1:05 pm",2017
drop,Darren McFadden,8781.0,To Waivers,10,Talladega Knights,"Oct 20, 1:05 pm",2017
drop,James White,27658.0,To Free Agent,10,Talladega Knights,"Oct 20, 1:04 pm",2017
add,James White,27658.0,Free Agent,10,Talladega Knights,"Oct 20, 1:04 pm",2017
add,Zay Jones,30150.0,Free Agent,10,Talladega Knights,"Oct 20, 12:55 pm",2017
drop,Jared Goff,29235.0,To Waivers,10,Talladega Knights,"Oct 20, 12:55 pm",2017
drop,Alex Collins,29405.0,To Waivers,5,King of the Hill,"Oct 20, 10:40 am",2017
add,Ameer Abdullah,28442.0,Free Agent,3,Joe Buck Yourself,"Oct 20, 9:18 am",2017
drop,Marlon Mack,30256.0,To Waivers,3,Joe Buck Yourself,"Oct 20, 9:18 am",2017
add,George Kittle,30259.0,Free Agent,2,Frank The Tank,"Oct 19, 8:45 pm",2017
add,Saints,,Free Agent,1,Hingle McCringlebery,"Oct 19, 6:14 pm",2017
drop,Dolphins,,To Waivers,1,Hingle McCringlebery,"Oct 19, 6:14 pm",2017
add,Jake Elliott,30266.0,Free Agent,6,Starting Defense,"Oct 19, 8:17 am",2017
drop,Matt Prater,8565.0,To Waivers,6,Starting Defense,"Oct 19, 8:17 am",2017
add,Marlon Mack,30256.0,Free Agent,3,Joe Buck Yourself,"Oct 18, 11:07 pm",2017
add,Mohamed Sanu,25793.0,Free Agent,2,Frank The Tank,"Oct 18, 10:49 pm",2017
add,Cowboys,,Free Agent,4,Lambeau Leapers,"Oct 18, 10:42 pm",2017
drop,Falcons,,To Waivers,4,Lambeau Leapers,"Oct 18, 10:42 pm",2017
add,Robert Woods,26664.0,Free Agent,2,Frank The Tank,"Oct 18, 10:41 pm",2017
drop,Isaiah Crowell,28014.0,To Waivers,2,Frank The Tank,"Oct 18, 10:41 pm",2017
drop,Eric Decker,24062.0,To Waivers,9,Jackson's Team,"Oct 18, 10:38 pm",2017
drop,Wayne Gallman,30253.0,To Waivers,9,Jackson's Team,"Oct 18, 10:38 pm",2017
add,Jared Goff,29235.0,Free Agent,10,Talladega Knights,"Oct 18, 1:56 pm",2017
drop,Tyrod Taylor,24967.0,To Waivers,10,Talladega Knights,"Oct 18, 1:56 pm",2017
add,Greg Olsen,8285.0,Free Agent,3,Joe Buck Yourself,"Oct 18, 7:23 am",2017
drop,Mike Gillislee,26787.0,To Waivers,3,Joe Buck Yourself,"Oct 18, 7:23 am",2017
drop,Corey Coleman,29249.0,To Waivers,3,Joe Buck Yourself,"Oct 18, 7:23 am",2017
add,Robbie Chosen,29785.0,Free Agent,1,Hingle McCringlebery,"Oct 18, 5:19 am",2017
add,Dolphins,,Free Agent,1,Hingle McCringlebery,"Oct 18, 5:15 am",2017
drop,Alfred Morris,25883.0,To Waivers,1,Hingle McCringlebery,"Oct 18, 5:15 am",2017
add,John Brown,27619.0,Free Agent,1,Hingle McCringlebery,"Oct 18, 5:09 am",2017
drop,Tarik Cohen,30232.0,To Waivers,1,Hingle McCringlebery,"Oct 18, 5:09 am",2017
add,Eric Decker,24062.0,Waiver,9,Jackson's Team,"Oct 18, 2:38 am",2017
drop,J.J. Nelson,28547.0,To Waivers,9,Jackson's Team,"Oct 18, 2:38 am",2017
add,Vikings,,Waiver,3,Joe Buck Yourself,"Oct 18, 2:38 am",2017
drop,Packers,,To Waivers,3,Joe Buck Yourself,"Oct 18, 2:38 am",2017
add,Carson Palmer,6337.0,Waiver,4,Lambeau Leapers,"Oct 18, 2:38 am",2017
drop,Ted Ginn Jr.,8263.0,To Waivers,4,Lambeau Leapers,"Oct 18, 2:38 am",2017
add,Harrison Butker,30346.0,Waiver,8,Thunder Cats,"Oct 18, 2:38 am",2017
drop,Ameer Abdullah,28442.0,To Waivers,8,Thunder Cats,"Oct 18, 2:38 am",2017
add,Darren McFadden,8781.0,Waiver,10,Talladega Knights,"Oct 18, 2:38 am",2017
drop,Andre Ellington,26810.0,To Waivers,10,Talladega Knights,"Oct 18, 2:38 am",2017
add,Eagles,,Waiver,2,Frank The Tank,"Oct 18, 2:38 am",2017
drop,Latavius Murray,26804.0,To Waivers,2,Frank The Tank,"Oct 18, 2:38 am",2017
add,Marvin Jones Jr.,25876.0,Waiver,5,King of the Hill,"Oct 18, 2:38 am",2017
drop,Commanders,,To Waivers,5,King of the Hill,"Oct 18, 2:38 am",2017
add,Tyrell Williams,28691.0,Waiver,9,Jackson's Team,"Oct 18, 2:38 am",2017
drop,Mike Williams,30120.0,To Waivers,9,Jackson's Team,"Oct 18, 2:38 am",2017
add,Orleans Darkwa,28169.0,Waiver,3,Joe Buck Yourself,"Oct 18, 2:38 am",2017
add,Brett Hundley,28535.0,Waiver,4,Lambeau Leapers,"Oct 18, 2:38 am",2017
drop,Dustin Hopkins,26800.0,To Waivers,4,Lambeau Leapers,"Oct 18, 2:38 am",2017
add,Panthers,,Waiver,8,Thunder Cats,"Oct 18, 2:38 am",2017
drop,Cardinals,,To Waivers,8,Thunder Cats,"Oct 18, 2:38 am",2017
add,Alfred Morris,25883.0,Free Agent,1,Hingle McCringlebery,"Oct 16, 6:03 am",2017
drop,Roger Lewis,29855.0,To Waivers,1,Hingle McCringlebery,"Oct 16, 6:03 am",2017
add,Andre Ellington,26810.0,Free Agent,10,Talladega Knights,"Oct 13, 11:41 am",2017
drop,Marlon Mack,30256.0,To Waivers,10,Talladega Knights,"Oct 13, 11:41 am",2017
add,Amari Cooper,28392.0,Waiver,10,Talladega Knights,"Oct 13, 2:17 am",2017
drop,Marvin Jones Jr.,25876.0,To Waivers,10,Talladega Knights,"Oct 13, 2:17 am",2017
add,Alex Smith,7177.0,Waiver,2,Frank The Tank,"Oct 13, 2:17 am",2017
drop,Jameis Winston,28389.0,To Waivers,2,Frank The Tank,"Oct 13, 2:17 am",2017
add,Falcons,,Free Agent,4,Lambeau Leapers,"Oct 11, 7:14 pm",2017
drop,Raiders,,To Waivers,4,Lambeau Leapers,"Oct 11, 7:14 pm",2017
add,Mike Williams,30120.0,Free Agent,9,Jackson's Team,"Oct 11, 12:01 pm",2017
drop,Greg Olsen,8285.0,To Waivers,9,Jackson's Team,"Oct 11, 12:01 pm",2017
add,Ravens,,Free Agent,1,Hingle McCringlebery,"Oct 11, 6:02 am",2017
drop,Vikings,,To Waivers,1,Hingle McCringlebery,"Oct 11, 6:02 am",2017
add,Wil Lutz,29754.0,Waiver,5,King of the Hill,"Oct 11, 2:46 am",2017
drop,Stephen Hauschka,9066.0,To Waivers,5,King of the Hill,"Oct 11, 2:46 am",2017
add,Adrian Peterson,8261.0,Waiver,5,King of the Hill,"Oct 11, 2:46 am",2017
drop,Alex Smith,7177.0,To Waivers,5,King of the Hill,"Oct 11, 2:46 am",2017
add,J.J. Nelson,28547.0,Waiver,9,Jackson's Team,"Oct 11, 2:46 am",2017
drop,Tyrell Williams,28691.0,To Waivers,9,Jackson's Team,"Oct 11, 2:46 am",2017
add,Austin Seferian-Jenkins,27566.0,Waiver,1,Hingle McCringlebery,"Oct 11, 2:46 am",2017
drop,Eli Manning,6760.0,To Waivers,1,Hingle McCringlebery,"Oct 11, 2:46 am",2017
add,Packers,,Waiver,3,Joe Buck Yourself,"Oct 11, 2:46 am",2017
drop,Lions,,To Waivers,3,Joe Buck Yourself,"Oct 11, 2:46 am",2017
add,Commanders,,Waiver,5,King of the Hill,"Oct 11, 2:46 am",2017
drop,Wendell Smallwood,29387.0,To Waivers,5,King of the Hill,"Oct 11, 2:46 am",2017
add,Zach Miller,9444.0,Waiver,7,The Roethlisburger s,"Oct 11, 2:46 am",2017
drop,James Conner,30218.0,To Waivers,7,The Roethlisburger s,"Oct 11, 2:46 am",2017
add,Wayne Gallman,30253.0,Waiver,9,Jackson's Team,"Oct 11, 2:46 am",2017
drop,Eric Decker,24062.0,To Waivers,9,Jackson's Team,"Oct 11, 2:46 am",2017
add,Roger Lewis,29855.0,Waiver,1,Hingle McCringlebery,"Oct 11, 2:46 am",2017
drop,Amari Cooper,28392.0,To Waivers,1,Hingle McCringlebery,"Oct 11, 2:46 am",2017
add,Dustin Hopkins,26800.0,Waiver,4,Lambeau Leapers,"Oct 11, 2:46 am",2017
drop,Jesse James,28548.0,To Waivers,4,Lambeau Leapers,"Oct 11, 2:46 am",2017
add,DeSean Jackson,8826.0,Waiver,3,Joe Buck Yourself,"Oct 11, 2:46 am",2017
drop,Jake Elliott,30266.0,To Waivers,3,Joe Buck Yourself,"Oct 11, 2:46 am",2017
add,Ed Dickson,24045.0,Waiver,5,King of the Hill,"Oct 11, 2:46 am",2017
drop,Eric Ebron,27538.0,To Waivers,5,King of the Hill,"Oct 11, 2:46 am",2017
add,Marlon Mack,30256.0,Waiver,10,Talladega Knights,"Oct 11, 2:46 am",2017
drop,Brandon Marshall,7868.0,To Waivers,10,Talladega Knights,"Oct 11, 2:46 am",2017
add,Jerick McKinnon,27624.0,Waiver,8,Thunder Cats,"Oct 11, 2:46 am",2017
add,Jaguars,,Waiver,7,The Roethlisburger s,"Oct 11, 2:46 am",2017
drop,Bills,,To Waivers,7,The Roethlisburger s,"Oct 11, 2:46 am",2017
drop,Carson Palmer,6337.0,To Waivers,3,Joe Buck Yourself,"Oct 10, 7:26 am",2017
drop,Mason Crosby,8447.0,To Waivers,8,Thunder Cats,"Oct 10, 6:26 am",2017
add,Ka'imi Fairbairn,29792.0,Free Agent,8,Thunder Cats,"Oct 8, 4:57 pm",2017
drop,Sam Bradford,23976.0,To Waivers,8,Thunder Cats,"Oct 8, 4:57 pm",2017
add,Martellus Bennett,8838.0,Waiver,9,Jackson's Team,"Oct 8, 2:18 am",2017
add,Graham Gano,9526.0,Free Agent,9,Jackson's Team,"Oct 7, 3:56 pm",2017
add,Alex Collins,29405.0,Free Agent,5,King of the Hill,"Oct 7, 1:27 pm",2017
drop,Jacquizz Rodgers,24932.0,To Waivers,5,King of the Hill,"Oct 7, 1:27 pm",2017
add,Hunter Henry,29269.0,Free Agent,10,Talladega Knights,"Oct 6, 12:13 pm",2017
drop,Martellus Bennett,8838.0,To Waivers,10,Talladega Knights,"Oct 6, 12:13 pm",2017
add,Mike Wallace,9348.0,Free Agent,1,Hingle McCringlebery,"Oct 5, 9:33 pm",2017
drop,John Brown,27619.0,To Waivers,1,Hingle McCringlebery,"Oct 5, 9:33 pm",2017
add,Sam Bradford,23976.0,Free Agent,8,Thunder Cats,"Oct 5, 9:02 pm",2017
add,Tyrell Williams,28691.0,Free Agent,9,Jackson's Team,"Oct 5, 8:58 pm",2017
drop,DeSean Jackson,8826.0,To Waivers,4,Lambeau Leapers,"Oct 5, 8:25 pm",2017
add,Jesse James,28548.0,Free Agent,4,Lambeau Leapers,"Oct 5, 6:39 pm",2017
drop,Patriots,,To Waivers,4,Lambeau Leapers,"Oct 5, 6:39 pm",2017
add,Greg Zuerlein,25881.0,Free Agent,1,Hingle McCringlebery,"Oct 5, 5:41 pm",2017
drop,Blair Walsh,25885.0,To Waivers,1,Hingle McCringlebery,"Oct 5, 5:41 pm",2017
add,Cameron Brate,28267.0,Free Agent,6,Starting Defense,"Oct 5, 12:39 pm",2017
drop,Tyler Eifert,26644.0,To Waivers,6,Starting Defense,"Oct 5, 12:39 pm",2017
drop,Kenny Golladay,30209.0,To Waivers,8,Thunder Cats,"Oct 5, 10:11 am",2017
add,Bills,,Free Agent,7,The Roethlisburger s,"Oct 4, 10:25 pm",2017
drop,Giants,,To Waivers,7,The Roethlisburger s,"Oct 4, 10:25 pm",2017
add,Aaron Jones Sr.,30295.0,Free Agent,4,Lambeau Leapers,"Oct 4, 11:57 am",2017
drop,Devontae Booker,29370.0,To Waivers,4,Lambeau Leapers,"Oct 4, 11:57 am",2017
add,Carson Palmer,6337.0,Free Agent,3,Joe Buck Yourself,"Oct 4, 7:43 am",2017
drop,Tyrell Williams,28691.0,To Free Agent,3,Joe Buck Yourself,"Oct 4, 7:43 am",2017
add,Duke Johnson,28465.0,Free Agent,3,Joe Buck Yourself,"Oct 4, 7:41 am",2017
drop,Jamaal Charles,8850.0,To Waivers,3,Joe Buck Yourself,"Oct 4, 7:41 am",2017
add,Tyrell Williams,28691.0,Free Agent,3,Joe Buck Yourself,"Oct 4, 7:40 am",2017
drop,Mohamed Sanu,25793.0,To Waivers,3,Joe Buck Yourself,"Oct 4, 7:40 am",2017
add,Vikings,,Waiver,1,Hingle McCringlebery,"Oct 4, 3:19 am",2017
drop,Jaguars,,To Waivers,1,Hingle McCringlebery,"Oct 4, 3:19 am",2017
add,Eli Manning,6760.0,Waiver,1,Hingle McCringlebery,"Oct 4, 3:19 am",2017
drop,Chris Carson,30362.0,To Waivers,1,Hingle McCringlebery,"Oct 4, 3:19 am",2017
add,Raiders,,Waiver,4,Lambeau Leapers,"Oct 4, 3:19 am",2017
drop,Bengals,,To Waivers,4,Lambeau Leapers,"Oct 4, 3:19 am",2017
add,Jaron Brown,27074.0,Waiver,2,Frank The Tank,"Oct 4, 3:19 am",2017
drop,J.J. Nelson,28547.0,To Waivers,2,Frank The Tank,"Oct 4, 3:19 am",2017
add,Jake Elliott,30266.0,Waiver,3,Joe Buck Yourself,"Oct 4, 3:19 am",2017
add,Devin Funchess,28429.0,Waiver,1,Hingle McCringlebery,"Oct 4, 3:19 am",2017
drop,Marqise Lee,27567.0,To Waivers,1,Hingle McCringlebery,"Oct 4, 3:19 am",2017
add,Alex Smith,7177.0,Waiver,5,King of the Hill,"Oct 4, 3:19 am",2017
drop,Geronimo Allison,29719.0,To Waivers,5,King of the Hill,"Oct 4, 3:19 am",2017
add,Alvin Kamara,30180.0,Waiver,4,Lambeau Leapers,"Oct 4, 3:19 am",2017
drop,Tyler Lockett,28457.0,To Waivers,4,Lambeau Leapers,"Oct 4, 3:19 am",2017
add,Eric Decker,24062.0,Waiver,9,Jackson's Team,"Oct 4, 3:19 am",2017
drop,Cole Beasley,26060.0,To Waivers,9,Jackson's Team,"Oct 4, 3:19 am",2017
add,Allen Hurns,27874.0,Waiver,10,Talladega Knights,"Oct 4, 3:19 am",2017
drop,Taylor Gabriel,28234.0,To Waivers,10,Talladega Knights,"Oct 4, 3:19 am",2017
add,Latavius Murray,26804.0,Waiver,2,Frank The Tank,"Oct 4, 3:19 am",2017
drop,Eagles,,To Waivers,2,Frank The Tank,"Oct 4, 3:19 am",2017
add,Ameer Abdullah,28442.0,Waiver,8,Thunder Cats,"Oct 4, 3:19 am",2017
drop,Dalvin Cook,30154.0,To Waivers,8,Thunder Cats,"Oct 4, 3:19 am",2017
drop,James White,27658.0,To Waivers,10,Talladega Knights,"Oct 3, 6:20 am",2017
drop,Panthers,,To Waivers,8,Thunder Cats,"Oct 2, 9:53 pm",2017
add,Deshaun Watson,30125.0,Free Agent,7,The Roethlisburger s,"Sep 28, 9:55 pm",2017
drop,C.J. Beathard,30217.0,To Waivers,7,The Roethlisburger s,"Sep 28, 9:55 pm",2017
add,Will Fuller V,29255.0,Free Agent,1,Hingle McCringlebery,"Sep 28, 5:30 pm",2017
drop,Ryan Griffin,26824.0,To Waivers,1,Hingle McCringlebery,"Sep 28, 5:30 pm",2017
add,Marqise Lee,27567.0,Free Agent,1,Hingle McCringlebery,"Sep 27, 2:28 pm",2017
drop,Allen Hurns,27874.0,To Waivers,1,Hingle McCringlebery,"Sep 27, 2:28 pm",2017
add,Lions,,Free Agent,3,Joe Buck Yourself,"Sep 27, 10:13 am",2017
drop,Packers,,To Waivers,3,Joe Buck Yourself,"Sep 27, 10:13 am",2017
add,Wendell Smallwood,29387.0,Free Agent,5,King of the Hill,"Sep 27, 8:34 am",2017
drop,Adrian Peterson,8261.0,To Waivers,5,King of the Hill,"Sep 27, 8:34 am",2017
add,Ryan Griffin,26824.0,Free Agent,1,Hingle McCringlebery,"Sep 27, 6:04 am",2017
drop,Jamison Crowder,28493.0,To Waivers,1,Hingle McCringlebery,"Sep 27, 6:04 am",2017
add,Charles Clay,24961.0,Free Agent,1,Hingle McCringlebery,"Sep 27, 6:02 am",2017
drop,Ben Watson,6791.0,To Waivers,1,Hingle McCringlebery,"Sep 27, 6:02 am",2017
add,Jaguars,,Free Agent,1,Hingle McCringlebery,"Sep 27, 5:53 am",2017
drop,Ravens,,To Waivers,1,Hingle McCringlebery,"Sep 27, 5:53 am",2017
add,Jamaal Charles,8850.0,Waiver,3,Joe Buck Yourself,"Sep 27, 2:36 am",2017
drop,Terrance West,27622.0,To Waivers,3,Joe Buck Yourself,"Sep 27, 2:36 am",2017
add,Ben Watson,6791.0,Waiver,1,Hingle McCringlebery,"Sep 27, 2:36 am",2017
drop,Austin Hooper,29315.0,To Waivers,1,Hingle McCringlebery,"Sep 27, 2:36 am",2017
add,Geronimo Allison,29719.0,Waiver,5,King of the Hill,"Sep 27, 2:36 am",2017
drop,Tyrell Williams,28691.0,To Waivers,5,King of the Hill,"Sep 27, 2:36 am",2017
add,Bengals,,Waiver,4,Lambeau Leapers,"Sep 27, 2:36 am",2017
drop,Terrance Williams,26697.0,To Waivers,4,Lambeau Leapers,"Sep 27, 2:36 am",2017
add,Sterling Shepard,29274.0,Waiver,3,Joe Buck Yourself,"Sep 27, 2:36 am",2017
drop,Rashard Higgins,29406.0,To Waivers,3,Joe Buck Yourself,"Sep 27, 2:36 am",2017
add,Joe Mixon,30161.0,Waiver,1,Hingle McCringlebery,"Sep 27, 2:36 am",2017
drop,Cooper Kupp,30182.0,To Waivers,1,Hingle McCringlebery,"Sep 27, 2:36 am",2017
add,Jared Cook,9353.0,Waiver,5,King of the Hill,"Sep 27, 2:36 am",2017
drop,Hunter Henry,29269.0,To Waivers,5,King of the Hill,"Sep 27, 2:36 am",2017
add,Allen Hurns,27874.0,Free Agent,1,Hingle McCringlebery,"Sep 22, 1:43 pm",2017
drop,Sam Bradford,23976.0,To Waivers,1,Hingle McCringlebery,"Sep 22, 1:43 pm",2017
add,Chris Thompson,26777.0,Free Agent,8,Thunder Cats,"Sep 22, 12:36 pm",2017
drop,Kerwynn Williams,26853.0,To Waivers,8,Thunder Cats,"Sep 22, 12:36 pm",2017
add,DeSean Jackson,8826.0,Waiver,4,Lambeau Leapers,"Sep 22, 4:54 am",2017
drop,Jamaal Williams,30247.0,To Waivers,4,Lambeau Leapers,"Sep 22, 4:54 am",2017
add,Marvin Jones Jr.,25876.0,Free Agent,10,Talladega Knights,"Sep 21, 11:00 pm",2017
drop,Mike Wallace,9348.0,To Waivers,10,Talladega Knights,"Sep 21, 11:00 pm",2017
add,Eagles,,Free Agent,2,Frank The Tank,"Sep 21, 9:24 pm",2017
add,Mohamed Sanu,25793.0,Free Agent,3,Joe Buck Yourself,"Sep 21, 9:16 pm",2017
drop,Trevor Siemian,28638.0,To Waivers,3,Joe Buck Yourself,"Sep 21, 9:16 pm",2017
add,Rashard Higgins,29406.0,Free Agent,3,Joe Buck Yourself,"Sep 20, 7:24 am",2017
drop,Corey Davis,30118.0,To Waivers,3,Joe Buck Yourself,"Sep 20, 7:24 am",2017
add,Packers,,Waiver,3,Joe Buck Yourself,"Sep 20, 2:36 am",2017
drop,Raiders,,To Waivers,3,Joe Buck Yourself,"Sep 20, 2:36 am",2017
add,Frank Gore,7241.0,Waiver,1,Hingle McCringlebery,"Sep 20, 2:36 am",2017
drop,Vikings,,To Waivers,1,Hingle McCringlebery,"Sep 20, 2:36 am",2017
add,Trevor Siemian,28638.0,Waiver,3,Joe Buck Yourself,"Sep 20, 2:36 am",2017
add,Chris Carson,30362.0,Waiver,1,Hingle McCringlebery,"Sep 20, 2:36 am",2017
drop,Thomas Rawls,28714.0,To Waivers,1,Hingle McCringlebery,"Sep 20, 2:36 am",2017
add,Devontae Booker,29370.0,Waiver,4,Lambeau Leapers,"Sep 20, 2:36 am",2017
add,James Conner,30218.0,Waiver,7,The Roethlisburger s,"Sep 20, 2:36 am",2017
drop,Danny Woodhead,9560.0,To Waivers,7,The Roethlisburger s,"Sep 20, 2:36 am",2017
add,Jason Witten,6405.0,Waiver,9,Jackson's Team,"Sep 20, 2:36 am",2017
drop,DeSean Jackson,8826.0,To Waivers,9,Jackson's Team,"Sep 20, 2:36 am",2017
add,Evan Engram,30136.0,Waiver,10,Talladega Knights,"Sep 20, 2:36 am",2017
add,J.J. Nelson,28547.0,Waiver,2,Frank The Tank,"Sep 20, 2:36 am",2017
drop,Paul Perkins,29383.0,To Waivers,2,Frank The Tank,"Sep 20, 2:36 am",2017
drop,Julius Thomas,24916.0,To Waivers,10,Talladega Knights,"Sep 19, 12:09 pm",2017
add,Rams,,Free Agent,6,Starting Defense,"Sep 17, 11:47 am",2017
drop,Andrew Luck,25711.0,To Waivers,6,Starting Defense,"Sep 17, 11:47 am",2017
add,Thomas Rawls,28714.0,Free Agent,1,Hingle McCringlebery,"Sep 16, 6:44 pm",2017
drop,Joe Mixon,30161.0,To Waivers,1,Hingle McCringlebery,"Sep 16, 6:44 pm",2017
add,Tevin Coleman,28461.0,Waiver,3,Joe Buck Yourself,"Sep 16, 2:25 am",2017
drop,Ameer Abdullah,28442.0,To Waivers,3,Joe Buck Yourself,"Sep 16, 2:25 am",2017
add,Javorius Allen,28513.0,Free Agent,2,Frank The Tank,"Sep 14, 12:17 pm",2017
drop,Tevin Coleman,28461.0,To Waivers,2,Frank The Tank,"Sep 14, 12:17 pm",2017
add,Jacquizz Rodgers,24932.0,Free Agent,5,King of the Hill,"Sep 13, 1:05 pm",2017
drop,Samaje Perine,30227.0,To Waivers,5,King of the Hill,"Sep 13, 1:05 pm",2017
add,Kerwynn Williams,26853.0,Free Agent,8,Thunder Cats,"Sep 13, 11:19 am",2017
drop,Frank Gore,7241.0,To Waivers,8,Thunder Cats,"Sep 13, 11:19 am",2017
add,Cooper Kupp,30182.0,Free Agent,1,Hingle McCringlebery,"Sep 13, 11:03 am",2017
drop,Rob Kelley,29694.0,To Waivers,3,Joe Buck Yourself,"Sep 13, 11:01 am",2017
add,Raiders,,Free Agent,3,Joe Buck Yourself,"Sep 13, 10:02 am",2017
drop,Falcons,,To Waivers,3,Joe Buck Yourself,"Sep 13, 10:02 am",2017
drop,Darren McFadden,8781.0,To Waivers,4,Lambeau Leapers,"Sep 13, 9:59 am",2017
add,Ravens,,Free Agent,1,Hingle McCringlebery,"Sep 13, 9:48 am",2017
drop,Eric Decker,24062.0,To Waivers,1,Hingle McCringlebery,"Sep 13, 9:48 am",2017
add,Corey Davis,30118.0,Free Agent,3,Joe Buck Yourself,"Sep 13, 7:14 am",2017
drop,Eddie Lacy,26684.0,To Waivers,3,Joe Buck Yourself,"Sep 13, 7:14 am",2017
add,Nelson Agholor,28408.0,Free Agent,1,Hingle McCringlebery,"Sep 13, 6:03 am",2017
add,Blair Walsh,25885.0,Waiver,1,Hingle McCringlebery,"Sep 13, 2:50 am",2017
drop,Chris Boswell,28188.0,To Waivers,1,Hingle McCringlebery,"Sep 13, 2:50 am",2017
add,Terrance Williams,26697.0,Waiver,4,Lambeau Leapers,"Sep 13, 2:50 am",2017
drop,Sterling Shepard,29274.0,To Waivers,4,Lambeau Leapers,"Sep 13, 2:50 am",2017
add,Sam Bradford,23976.0,Waiver,1,Hingle McCringlebery,"Sep 13, 2:50 am",2017
drop,Eli Manning,6760.0,To Waivers,1,Hingle McCringlebery,"Sep 13, 2:50 am",2017
add,Tyler Lockett,28457.0,Waiver,4,Lambeau Leapers,"Sep 13, 2:50 am",2017
add,Tarik Cohen,30232.0,Waiver,1,Hingle McCringlebery,"Sep 13, 2:50 am",2017
drop,Jamaal Charles,8850.0,To Waivers,1,Hingle McCringlebery,"Sep 13, 2:50 am",2017
add,Austin Hooper,29315.0,Waiver,3,Joe Buck Yourself,"Sep 13, 2:50 am",2017
drop,Allen Robinson,27589.0,To Waivers,3,Joe Buck Yourself,"Sep 13, 2:50 am",2017
add,Chris Hogan,25178.0,Waiver,4,Lambeau Leapers,"Sep 13, 2:50 am",2017
add,Kareem Hunt,30199.0,Waiver,7,The Roethlisburger s,"Sep 13, 2:50 am",2017
drop,Spencer Ware,26817.0,To Waivers,7,The Roethlisburger s,"Sep 13, 2:50 am",2017
add,Jamaal Charles,8850.0,Free Agent,1,Hingle McCringlebery,"Sep 10, 6:41 pm",2017
drop,Matt Forte,8821.0,To Waivers,1,Hingle McCringlebery,"Sep 10, 6:41 pm",2017
drop,Kevin White,28395.0,To Waivers,4,Lambeau Leapers,"Sep 10, 6:11 pm",2017
add,Ted Ginn Jr.,8263.0,Free Agent,9,Jackson's Team,"Sep 10, 4:46 pm",2017
drop,Antonio Gates,6663.0,To Waivers,9,Jackson's Team,"Sep 10, 4:46 pm",2017
add,Matt Prater,8565.0,Free Agent,6,Starting Defense,"Sep 9, 10:46 pm",2017
drop,Sebastian Janikowski,5046.0,To Waivers,6,Starting Defense,"Sep 9, 10:46 pm",2017
add,Terrance West,27622.0,Free Agent,3,Joe Buck Yourself,"Sep 9, 6:13 pm",2017
add,Ryan Succop,9520.0,Free Agent,9,Jackson's Team,"Sep 7, 11:47 pm",2017
drop,Josh Lambo,28685.0,To Waivers,9,Jackson's Team,"Sep 7, 11:45 pm",2017
add,Randall Cobb,24851.0,Free Agent,3,Joe Buck Yourself,"Sep 7, 7:58 pm",2017
drop,Kenny Stills,26767.0,To Waivers,3,Joe Buck Yourself,"Sep 7, 7:58 pm",2017
add,Carson Wentz,29236.0,Free Agent,2,Frank The Tank,"Sep 7, 7:43 am",2017
drop,John Ross,30122.0,To Waivers,2,Frank The Tank,"Sep 7, 7:43 am",2017
add,Danny Amendola,9037.0,Free Agent,5,King of the Hill,"Aug 31, 11:04 pm",2017
drop,Julian Edelman,9496.0,To Waivers,5,King of the Hill,"Aug 31, 11:03 pm",2017
drop,Cameron Meredith,28697.0,To Waivers,3,Joe Buck Yourself,"Aug 28, 1:43 pm",2017
drop,Jack Doyle,27299.0,To Waivers,1,Hingle McCringlebery,"Aug 26, 8:55 am",2017
add,Chris Boswell,28188.0,Free Agent,1,Hingle McCringlebery,"Aug 16, 8:24 am",2017
drop,Marvin Jones Jr.,25876.0,To Waivers,1,Hingle McCringlebery,"Aug 16, 8:24 am",2017
add,Jack Doyle,27299.0,Free Agent,1,Hingle McCringlebery,"Aug 16, 8:23 am",2017
add,Samaje Perine,30227.0,Free Agent,5,King of the Hill,"Aug 15, 5:52 pm",2017
drop,C.J. Prosise,29324.0,To Waivers,5,King of the Hill,"Aug 15, 5:52 pm",2017
add,Kenny Golladay,30209.0,Free Agent,2,Frank The Tank,"Aug 14, 8:42 pm",2017
drop,Zay Jones,30150.0,To Waivers,2,Frank The Tank,"Aug 14, 8:42 pm",2017
add,Tyrod Taylor,24967.0,Free Agent,10,Talladega Knights,"Aug 14, 9:04 am",2017
drop,Randall Cobb,24851.0,To Waivers,10,Talladega Knights,"Aug 14, 9:04 am",2017
add,Taylor Gabriel,28234.0,Free Agent,10,Talladega Knights,"Aug 14, 9:00 am",2017
drop,Jordan Matthews,27570.0,To Waivers,10,Talladega Knights,"Aug 14, 9:00 am",2017
add,Philip Rivers,6763.0,Waiver,9,Jackson's Team,"Aug 14, 2:10 am",2017
drop,Kenny Britt,9294.0,To Waivers,9,Jackson's Team,"Aug 14, 2:10 am",2017
add,Bilal Powell,24913.0,Waiver,10,Talladega Knights,"Aug 14, 2:10 am",2017
drop,Theo Riddick,26822.0,To Waivers,10,Talladega Knights,"Aug 13, 6:16 pm",2017
drop,Tyler Lockett,28457.0,To Waivers,5,King of the Hill,"Aug 12, 1:07 pm",2017
add,C.J. Anderson,26878.0,Free Agent,1,Hingle McCringlebery,"Dec 23, 9:34 am",2018
drop,Adrian Peterson,8261.0,To Waivers,1,Hingle McCringlebery,"Dec 23, 9:34 am",2018
add,Jordan Howard,29384.0,Free Agent,7,Starting Defense,"Dec 22, 12:10 pm",2018
drop,Aaron Jones Sr.,30295.0,To Waivers,7,Starting Defense,"Dec 22, 12:10 pm",2018
add,Jameis Winston,28389.0,Free Agent,7,Starting Defense,"Dec 22, 12:09 pm",2018
drop,Cam Newton,24788.0,To Waivers,7,Starting Defense,"Dec 22, 12:09 pm",2018
add,Robbie Chosen,29785.0,Free Agent,3,Hingle Handlers,"Dec 21, 2:31 pm",2018
drop,Case Keenum,26483.0,To Waivers,3,Hingle Handlers,"Dec 21, 2:31 pm",2018
add,DaeSean Hamilton,31083.0,Waiver,5,King of the Hill,"Dec 20, 2:50 am",2018
drop,Seahawks,,To Waivers,5,King of the Hill,"Dec 20, 2:50 am",2018
add,Case Keenum,26483.0,Free Agent,3,Hingle Handlers,"Dec 19, 7:29 am",2018
add,Josh Allen,30977.0,Free Agent,3,Hingle Handlers,"Dec 19, 7:28 am",2018
add,Nick Foles,25798.0,Free Agent,3,Hingle Handlers,"Dec 19, 7:28 am",2018
add,Baker Mayfield,30971.0,Free Agent,3,Hingle Handlers,"Dec 19, 7:28 am",2018
add,Mitchell Trubisky,30115.0,Waiver,3,Hingle Handlers,"Dec 19, 2:48 am",2018
add,Adam Vinatieri,3727.0,Waiver,3,Hingle Handlers,"Dec 19, 2:48 am",2018
drop,Michael Badgley,31366.0,To Waivers,3,Hingle Handlers,"Dec 19, 2:48 am",2018
add,Vikings,,Waiver,3,Hingle Handlers,"Dec 19, 2:48 am",2018
add,Jamaal Williams,30247.0,Waiver,1,Hingle McCringlebery,"Dec 19, 2:48 am",2018
drop,Jordan Reed,26708.0,To Waivers,1,Hingle McCringlebery,"Dec 19, 2:48 am",2018
drop,Jaguars,,To Waivers,3,Hingle Handlers,"Dec 18, 7:34 am",2018
drop,Robert Foster,31601.0,To Waivers,3,Hingle Handlers,"Dec 18, 7:33 am",2018
drop,DaeSean Hamilton,31083.0,To Waivers,3,Hingle Handlers,"Dec 18, 7:33 am",2018
drop,Justin Jackson,31221.0,To Waivers,3,Hingle Handlers,"Dec 18, 7:25 am",2018
drop,Doug Martin,25741.0,To Waivers,3,Hingle Handlers,"Dec 18, 7:25 am",2018
add,Cameron Brate,28267.0,Free Agent,3,Hingle Handlers,"Dec 15, 11:28 am",2018
drop,Ian Thomas,31071.0,To Waivers,3,Hingle Handlers,"Dec 15, 11:28 am",2018
drop,Charcandrick West,28044.0,To Waivers,4,Joe Buck Yourself,"Dec 14, 1:55 pm",2018
add,Robert Foster,31601.0,Free Agent,3,Hingle Handlers,"Dec 14, 9:35 am",2018
drop,Chargers,,To Waivers,3,Hingle Handlers,"Dec 14, 9:35 am",2018
add,DaeSean Hamilton,31083.0,Free Agent,3,Hingle Handlers,"Dec 13, 3:07 pm",2018
add,Ian Thomas,31071.0,Free Agent,3,Hingle Handlers,"Dec 12, 5:59 pm",2018
drop,Vance McDonald,26678.0,To Waivers,3,Hingle Handlers,"Dec 12, 5:59 pm",2018
add,Kenneth Dixon,29368.0,Free Agent,4,Joe Buck Yourself,"Dec 12, 2:31 pm",2018
add,Lions,,Free Agent,7,Starting Defense,"Dec 12, 11:33 am",2018
drop,Saints,,To Waivers,7,Starting Defense,"Dec 12, 11:33 am",2018
drop,LeGarrette Blount,24318.0,To Waivers,3,Hingle Handlers,"Dec 12, 7:43 am",2018
add,Evan Engram,30136.0,Waiver,5,King of the Hill,"Dec 12, 3:11 am",2018
drop,Kyle Rudolph,24830.0,To Waivers,5,King of the Hill,"Dec 12, 3:11 am",2018
add,Curtis Samuel,30153.0,Waiver,5,King of the Hill,"Dec 12, 3:11 am",2018
drop,Demaryius Thomas,23997.0,To Waivers,5,King of the Hill,"Dec 12, 3:11 am",2018
add,Doug Martin,25741.0,Waiver,3,Hingle Handlers,"Dec 12, 3:11 am",2018
drop,Austin Ekeler,30423.0,To Waivers,3,Hingle Handlers,"Dec 12, 3:11 am",2018
add,Derrick Henry,29279.0,Waiver,7,Starting Defense,"Dec 12, 3:11 am",2018
drop,Colts,,To Waivers,8,Talladega Knights,"Dec 12, 12:36 am",2018
add,Devonta Freeman,27631.0,Free Agent,4,Joe Buck Yourself,"Dec 7, 8:02 pm",2018
drop,Kenyan Drake,29307.0,To Waivers,4,Joe Buck Yourself,"Dec 7, 8:02 pm",2018
add,Marlon Mack,30256.0,Waiver,5,King of the Hill,"Dec 7, 2:24 am",2018
drop,Ito Smith,31096.0,To Waivers,5,King of the Hill,"Dec 7, 2:24 am",2018
add,Kelvin Benjamin,27556.0,Free Agent,9,The Roethlisburger s,"Dec 6, 7:40 pm",2018
drop,Tre'Quan Smith,31061.0,To Waivers,9,The Roethlisburger s,"Dec 6, 7:40 pm",2018
add,Chris Godwin Jr.,30197.0,Free Agent,9,The Roethlisburger s,"Dec 6, 4:44 pm",2018
drop,Emmanuel Sanders,24057.0,To Waivers,9,The Roethlisburger s,"Dec 6, 4:44 pm",2018
add,Saints,,Free Agent,7,Starting Defense,"Dec 6, 9:23 am",2018
drop,Dolphins,,To Waivers,7,Starting Defense,"Dec 6, 9:23 am",2018
add,Damien Williams,28115.0,Free Agent,1,Hingle McCringlebery,"Dec 5, 8:35 pm",2018
drop,Malcolm Brown,28990.0,To Waivers,1,Hingle McCringlebery,"Dec 5, 8:35 pm",2018
add,LeGarrette Blount,24318.0,Free Agent,3,Hingle Handlers,"Dec 5, 5:59 pm",2018
drop,Marlon Mack,30256.0,To Waivers,3,Hingle Handlers,"Dec 5, 5:59 pm",2018
add,Chris Boswell,28188.0,Free Agent,9,The Roethlisburger s,"Dec 5, 2:19 pm",2018
drop,Adam Vinatieri,3727.0,To Waivers,9,The Roethlisburger s,"Dec 5, 2:19 pm",2018
add,Titans,,Free Agent,9,The Roethlisburger s,"Dec 5, 2:08 pm",2018
drop,Commanders,,To Waivers,9,The Roethlisburger s,"Dec 5, 2:08 pm",2018
add,Jaguars,,Free Agent,3,Hingle Handlers,"Dec 5, 1:00 pm",2018
drop,Lions,,To Waivers,3,Hingle Handlers,"Dec 5, 1:00 pm",2018
add,Jalen Richard,30000.0,Free Agent,4,Joe Buck Yourself,"Dec 5, 8:15 am",2018
drop,Peyton Barber,29560.0,To Waivers,4,Joe Buck Yourself,"Dec 5, 8:15 am",2018
add,Jeff Wilson Jr.,31394.0,Free Agent,4,Joe Buck Yourself,"Dec 5, 8:10 am",2018
drop,Kareem Hunt,30199.0,To Waivers,4,Joe Buck Yourself,"Dec 5, 8:10 am",2018
add,Bills,,Waiver,8,Talladega Knights,"Dec 5, 3:03 am",2018
add,Michael Badgley,31366.0,Waiver,3,Hingle Handlers,"Dec 5, 3:03 am",2018
drop,Robbie Gould,7520.0,To Waivers,3,Hingle Handlers,"Dec 5, 3:03 am",2018
add,John Kelly Jr.,31145.0,Waiver,8,Talladega Knights,"Dec 5, 3:03 am",2018
add,Justin Jackson,31221.0,Waiver,3,Hingle Handlers,"Dec 5, 3:03 am",2018
add,Dante Pettis,31014.0,Waiver,2,Brokaw's Bums,"Dec 5, 3:03 am",2018
drop,Marvin Jones Jr.,25876.0,To Waivers,2,Brokaw's Bums,"Dec 5, 3:03 am",2018
add,Jaylen Samuels,31135.0,Waiver,8,Talladega Knights,"Dec 5, 3:03 am",2018
add,Charcandrick West,28044.0,Waiver,4,Joe Buck Yourself,"Dec 5, 3:03 am",2018
drop,Packers,,To Waivers,4,Joe Buck Yourself,"Dec 5, 3:03 am",2018
add,Vance McDonald,26678.0,Waiver,3,Hingle Handlers,"Dec 5, 3:03 am",2018
drop,Greg Olsen,8285.0,To Waivers,3,Hingle Handlers,"Dec 4, 11:21 am",2018
drop,T.J. Yeldon,28424.0,To Waivers,3,Hingle Handlers,"Dec 4, 11:21 am",2018
drop,Devin Funchess,28429.0,To Waivers,8,Talladega Knights,"Dec 4, 9:59 am",2018
drop,Vikings,,To Waivers,5,King of the Hill,"Dec 4, 9:47 am",2018
drop,Gerald Everett,30157.0,To Waivers,4,Joe Buck Yourself,"Dec 4, 9:47 am",2018
drop,Keke Coutee,31073.0,To Waivers,10,Thunder Cats,"Dec 4, 6:56 am",2018
drop,Latavius Murray,26804.0,To Waivers,10,Thunder Cats,"Dec 4, 6:52 am",2018
add,Kenyan Drake,29307.0,Free Agent,4,Joe Buck Yourself,"Dec 1, 12:49 pm",2018
drop,Theo Riddick,26822.0,To Waivers,4,Joe Buck Yourself,"Dec 1, 12:49 pm",2018
add,Jared Cook,9353.0,Waiver,2,Brokaw's Bums,"Dec 1, 2:49 am",2018
drop,Cameron Brate,28267.0,To Waivers,2,Brokaw's Bums,"Dec 1, 2:49 am",2018
add,Spencer Ware,26817.0,Free Agent,4,Joe Buck Yourself,"Nov 30, 4:00 pm",2018
add,Adam Humphries,29070.0,Waiver,8,Talladega Knights,"Nov 30, 3:09 am",2018
add,Seahawks,,Free Agent,5,King of the Hill,"Nov 29, 7:29 pm",2018
add,Dolphins,,Free Agent,7,Starting Defense,"Nov 29, 1:25 pm",2018
drop,Seahawks,,To Free Agent,7,Starting Defense,"Nov 29, 1:25 pm",2018
add,Seahawks,,Free Agent,7,Starting Defense,"Nov 29, 1:24 pm",2018
drop,Bills,,To Waivers,7,Starting Defense,"Nov 29, 1:24 pm",2018
add,Cameron Brate,28267.0,Free Agent,2,Brokaw's Bums,"Nov 29, 11:36 am",2018
drop,Mitchell Trubisky,30115.0,To Waivers,2,Brokaw's Bums,"Nov 29, 11:36 am",2018
add,T.J. Yeldon,28424.0,Free Agent,3,Hingle Handlers,"Nov 29, 11:07 am",2018
drop,Jordan Howard,29384.0,To Waivers,3,Hingle Handlers,"Nov 29, 11:07 am",2018
drop,Jared Cook,9353.0,To Waivers,6,Lambeau Leapers,"Nov 29, 10:23 am",2018
drop,John Brown,27619.0,To Waivers,6,Lambeau Leapers,"Nov 29, 10:22 am",2018
drop,Isaiah Crowell,28014.0,To Waivers,6,Lambeau Leapers,"Nov 29, 10:20 am",2018
drop,Randall Cobb,24851.0,To Waivers,6,Lambeau Leapers,"Nov 29, 10:20 am",2018
add,Ka'imi Fairbairn,29792.0,Waiver,5,King of the Hill,"Nov 29, 3:32 am",2018
drop,Mason Crosby,8447.0,To Waivers,5,King of the Hill,"Nov 29, 3:32 am",2018
add,Mike Williams,30120.0,Free Agent,9,The Roethlisburger s,"Nov 28, 8:25 pm",2018
drop,Jonnu Smith,30213.0,To Waivers,9,The Roethlisburger s,"Nov 28, 8:25 pm",2018
add,Malcolm Brown,28990.0,Free Agent,1,Hingle McCringlebery,"Nov 28, 6:12 am",2018
drop,Matt Bryant,6243.0,To Waivers,1,Hingle McCringlebery,"Nov 28, 6:12 am",2018
add,Kyle Rudolph,24830.0,Waiver,5,King of the Hill,"Nov 28, 2:34 am",2018
drop,Vance McDonald,26678.0,To Waivers,5,King of the Hill,"Nov 28, 2:34 am",2018
add,Ravens,,Waiver,4,Joe Buck Yourself,"Nov 28, 2:34 am",2018
drop,DeSean Jackson,8826.0,To Waivers,4,Joe Buck Yourself,"Nov 28, 2:34 am",2018
add,Gerald Everett,30157.0,Waiver,8,Talladega Knights,"Nov 28, 2:34 am",2018
add,Broncos,,Waiver,5,King of the Hill,"Nov 28, 2:34 am",2018
drop,Adam Humphries,29070.0,To Waivers,5,King of the Hill,"Nov 28, 2:34 am",2018
add,Steelers,,Waiver,4,Joe Buck Yourself,"Nov 28, 2:34 am",2018
drop,Jaguars,,To Waivers,4,Joe Buck Yourself,"Nov 28, 2:34 am",2018
drop,Ka'imi Fairbairn,29792.0,To Waivers,8,Talladega Knights,"Nov 27, 6:51 am",2018
drop,Evan Engram,30136.0,To Waivers,8,Talladega Knights,"Nov 26, 2:16 pm",2018
add,Chargers,,Waiver,3,Hingle Handlers,"Nov 24, 2:26 am",2018
drop,Ravens,,To Waivers,3,Hingle Handlers,"Nov 24, 2:26 am",2018
add,Ka'imi Fairbairn,29792.0,Waiver,8,Talladega Knights,"Nov 23, 2:55 am",2018
drop,Mike Davis,28514.0,To Waivers,8,Talladega Knights,"Nov 23, 2:55 am",2018
add,Bills,,Free Agent,7,Starting Defense,"Nov 22, 10:21 pm",2018
drop,Giants,,To Waivers,7,Starting Defense,"Nov 22, 10:21 pm",2018
add,Jonnu Smith,30213.0,Free Agent,9,The Roethlisburger s,"Nov 22, 11:26 am",2018
drop,Chargers,,To Waivers,9,The Roethlisburger s,"Nov 22, 11:26 am",2018
add,Packers,,Free Agent,4,Joe Buck Yourself,"Nov 22, 10:44 am",2018
drop,Steelers,,To Waivers,4,Joe Buck Yourself,"Nov 22, 10:44 am",2018
add,Cowboys,,Free Agent,6,Lambeau Leapers,"Nov 21, 11:42 pm",2018
drop,Doug Martin,25741.0,To Waivers,6,Lambeau Leapers,"Nov 21, 11:42 pm",2018
add,LeSean McCoy,9317.0,Free Agent,5,King of the Hill,"Nov 21, 1:31 pm",2018
drop,Alex Collins,29405.0,To Waivers,5,King of the Hill,"Nov 21, 1:31 pm",2018
add,Robbie Gould,7520.0,Free Agent,3,Hingle Handlers,"Nov 21, 11:54 am",2018
drop,Ryan Succop,9520.0,To Waivers,3,Hingle Handlers,"Nov 21, 11:54 am",2018
add,Ravens,,Free Agent,3,Hingle Handlers,"Nov 21, 11:47 am",2018
drop,Titans,,To Waivers,3,Hingle Handlers,"Nov 21, 11:47 am",2018
add,Matt Bryant,6243.0,Free Agent,1,Hingle McCringlebery,"Nov 21, 10:20 am",2018
drop,Marquez Valdes-Scantling,31144.0,To Waivers,1,Hingle McCringlebery,"Nov 21, 10:20 am",2018
add,Tre'Quan Smith,31061.0,Free Agent,9,The Roethlisburger s,"Nov 21, 7:40 am",2018
drop,Tyrell Williams,28691.0,To Waivers,9,The Roethlisburger s,"Nov 21, 7:40 am",2018
add,Gus Edwards,31424.0,Free Agent,4,Joe Buck Yourself,"Nov 21, 7:13 am",2018
drop,Christian Kirk,31017.0,To Waivers,4,Joe Buck Yourself,"Nov 21, 7:13 am",2018
add,Lamar Jackson,31002.0,Waiver,8,Talladega Knights,"Nov 21, 2:34 am",2018
drop,Ryan Fitzpatrick,7426.0,To Waivers,8,Talladega Knights,"Nov 21, 2:34 am",2018
add,Josh Reynolds,30230.0,Waiver,10,Thunder Cats,"Nov 21, 2:34 am",2018
drop,Ben Watson,6791.0,To Waivers,10,Thunder Cats,"Nov 21, 2:34 am",2018
add,Dak Prescott,29369.0,Waiver,5,King of the Hill,"Nov 21, 2:34 am",2018
drop,Andy Dalton,24822.0,To Waivers,5,King of the Hill,"Nov 21, 2:34 am",2018
add,Colts,,Waiver,8,Talladega Knights,"Nov 21, 2:34 am",2018
drop,Cardinals,,To Waivers,8,Talladega Knights,"Nov 21, 2:34 am",2018
add,Keke Coutee,31073.0,Waiver,10,Thunder Cats,"Nov 21, 2:34 am",2018
drop,Ka'imi Fairbairn,29792.0,To Waivers,10,Thunder Cats,"Nov 21, 2:34 am",2018
add,Josh Adams,31567.0,Waiver,6,Lambeau Leapers,"Nov 21, 2:34 am",2018
drop,Jamaal Williams,30247.0,To Waivers,6,Lambeau Leapers,"Nov 21, 2:34 am",2018
add,Vance McDonald,26678.0,Waiver,5,King of the Hill,"Nov 21, 2:34 am",2018
add,Jack Doyle,27299.0,Waiver,2,Brokaw's Bums,"Nov 21, 2:34 am",2018
drop,Michael Crabtree,9274.0,To Waivers,2,Brokaw's Bums,"Nov 21, 2:34 am",2018
add,Theo Riddick,26822.0,Waiver,4,Joe Buck Yourself,"Nov 21, 2:34 am",2018
drop,Rashaad Penny,30997.0,To Waivers,4,Joe Buck Yourself,"Nov 21, 2:34 am",2018
drop,Le'Veon Bell,26671.0,To Waivers,8,Talladega Knights,"Nov 20, 9:49 am",2018
drop,Cooper Kupp,30182.0,To Waivers,7,Starting Defense,"Nov 19, 10:21 am",2018
add,Michael Crabtree,9274.0,Free Agent,2,Brokaw's Bums,"Nov 16, 3:04 pm",2018
drop,Packers,,To Waivers,2,Brokaw's Bums,"Nov 16, 3:04 pm",2018
add,Peyton Barber,29560.0,Free Agent,4,Joe Buck Yourself,"Nov 16, 1:53 pm",2018
drop,Jalen Richard,30000.0,To Waivers,4,Joe Buck Yourself,"Nov 16, 1:53 pm",2018
add,Lions,,Free Agent,3,Hingle Handlers,"Nov 16, 12:16 am",2018
drop,Kenyan Drake,29307.0,To Waivers,3,Hingle Handlers,"Nov 16, 12:16 am",2018
add,Titans,,Free Agent,3,Hingle Handlers,"Nov 16, 12:15 am",2018
drop,Colts,,To Waivers,3,Hingle Handlers,"Nov 16, 12:15 am",2018
add,Giants,,Free Agent,7,Starting Defense,"Nov 15, 6:34 pm",2018
drop,49ers,,To Waivers,7,Starting Defense,"Nov 15, 6:34 pm",2018
add,Austin Hooper,29315.0,Free Agent,7,Starting Defense,"Nov 15, 6:33 pm",2018
drop,Giorgio Tavecchio,26264.0,To Waivers,7,Starting Defense,"Nov 15, 11:55 am",2018
add,Ryan Succop,9520.0,Free Agent,3,Hingle Handlers,"Nov 14, 10:52 pm",2018
drop,Dustin Hopkins,26800.0,To Waivers,3,Hingle Handlers,"Nov 14, 10:52 pm",2018
add,John Brown,27619.0,Free Agent,8,Talladega Knights,"Nov 14, 7:09 pm",2018
drop,LeSean McCoy,9317.0,To Waivers,8,Talladega Knights,"Nov 14, 7:09 pm",2018
add,Colts,,Free Agent,3,Hingle Handlers,"Nov 14, 8:21 am",2018
add,Steelers,,Free Agent,4,Joe Buck Yourself,"Nov 14, 5:57 am",2018
drop,Jack Doyle,27299.0,To Waivers,4,Joe Buck Yourself,"Nov 14, 5:57 am",2018
add,Rashaad Penny,30997.0,Free Agent,4,Joe Buck Yourself,"Nov 14, 5:56 am",2018
add,Cardinals,,Waiver,8,Talladega Knights,"Nov 14, 3:26 am",2018
drop,Kyle Rudolph,24830.0,To Waivers,8,Talladega Knights,"Nov 14, 3:26 am",2018
add,Corey Davis,30118.0,Waiver,8,Talladega Knights,"Nov 14, 3:26 am",2018
drop,Wendell Smallwood,29387.0,To Waivers,8,Talladega Knights,"Nov 14, 3:26 am",2018
add,LeSean McCoy,9317.0,Waiver,8,Talladega Knights,"Nov 14, 3:26 am",2018
drop,Carlos Hyde,27585.0,To Waivers,8,Talladega Knights,"Nov 14, 3:26 am",2018
add,Ka'imi Fairbairn,29792.0,Waiver,10,Thunder Cats,"Nov 14, 3:26 am",2018
drop,Mike Williams,30120.0,To Waivers,10,Thunder Cats,"Nov 14, 3:26 am",2018
add,Anthony Miller,31021.0,Waiver,9,The Roethlisburger s,"Nov 14, 3:26 am",2018
drop,Cordarrelle Patterson,26652.0,To Waivers,9,The Roethlisburger s,"Nov 14, 3:26 am",2018
drop,Bills,,To Waivers,3,Hingle Handlers,"Nov 13, 12:37 pm",2018
drop,Jets,,To Waivers,4,Joe Buck Yourself,"Nov 13, 6:08 am",2018
add,Giorgio Tavecchio,26264.0,Free Agent,7,Starting Defense,"Nov 11, 11:55 am",2018
drop,Matt Bryant,6243.0,To Waivers,7,Starting Defense,"Nov 11, 11:55 am",2018
add,Jared Cook,9353.0,Free Agent,6,Lambeau Leapers,"Nov 11, 11:22 am",2018
add,Evan Engram,30136.0,Free Agent,8,Talladega Knights,"Nov 10, 10:22 am",2018
drop,Dez Bryant,23999.0,To Waivers,8,Talladega Knights,"Nov 10, 12:38 am",2018
add,Isaiah Crowell,28014.0,Waiver,6,Lambeau Leapers,"Nov 9, 3:00 am",2018
drop,C.J. Uzomah,28545.0,To Waivers,6,Lambeau Leapers,"Nov 8, 10:05 pm",2018
add,Randall Cobb,24851.0,Free Agent,6,Lambeau Leapers,"Nov 8, 9:55 am",2018
add,Wendell Smallwood,29387.0,Free Agent,8,Talladega Knights,"Nov 8, 9:49 am",2018
drop,Corey Clement,30707.0,To Waivers,6,Lambeau Leapers,"Nov 8, 9:45 am",2018
add,Jaguars,,Free Agent,4,Joe Buck Yourself,"Nov 8, 9:36 am",2018
add,Jack Doyle,27299.0,Free Agent,4,Joe Buck Yourself,"Nov 8, 9:32 am",2018
drop,Eagles,,To Waivers,8,Talladega Knights,"Nov 8, 9:31 am",2018
drop,Danny Amendola,9037.0,To Waivers,8,Talladega Knights,"Nov 8, 9:31 am",2018
add,Ito Smith,31096.0,Free Agent,7,Starting Defense,"Nov 8, 7:28 am",2018
drop,Peyton Barber,29560.0,To Waivers,7,Starting Defense,"Nov 8, 7:28 am",2018
add,Matt Bryant,6243.0,Free Agent,7,Starting Defense,"Nov 8, 7:27 am",2018
drop,Joe Flacco,8795.0,To Waivers,7,Starting Defense,"Nov 8, 7:27 am",2018
add,49ers,,Free Agent,7,Starting Defense,"Nov 7, 9:55 pm",2018
drop,Dolphins,,To Waivers,7,Starting Defense,"Nov 7, 9:55 pm",2018
add,Bills,,Free Agent,3,Hingle Handlers,"Nov 7, 7:32 pm",2018
drop,Ravens,,To Waivers,3,Hingle Handlers,"Nov 7, 7:32 pm",2018
drop,Austin Hooper,29315.0,To Waivers,3,Hingle Handlers,"Nov 7, 7:24 pm",2018
add,Mike Davis,28514.0,Free Agent,8,Talladega Knights,"Nov 7, 12:05 pm",2018
drop,Geronimo Allison,29719.0,To Waivers,8,Talladega Knights,"Nov 7, 12:05 pm",2018
add,Cordarrelle Patterson,26652.0,Free Agent,9,The Roethlisburger s,"Nov 7, 11:01 am",2018
drop,Chris Hogan,25178.0,To Waivers,9,The Roethlisburger s,"Nov 7, 11:01 am",2018
add,Adam Vinatieri,3727.0,Free Agent,9,The Roethlisburger s,"Nov 7, 11:00 am",2018
drop,Dan Bailey,25427.0,To Waivers,9,The Roethlisburger s,"Nov 7, 11:00 am",2018
add,Packers,,Free Agent,2,Brokaw's Bums,"Nov 7, 10:35 am",2018
drop,Chester Rogers,29609.0,To Waivers,2,Brokaw's Bums,"Nov 7, 10:35 am",2018
add,Christian Kirk,31017.0,Free Agent,4,Joe Buck Yourself,"Nov 7, 6:29 am",2018
drop,Isaiah Crowell,28014.0,To Waivers,4,Joe Buck Yourself,"Nov 7, 6:29 am",2018
add,Dez Bryant,23999.0,Free Agent,4,Joe Buck Yourself,"Nov 7, 6:22 am",2018
drop,Michael Crabtree,9274.0,To Waivers,4,Joe Buck Yourself,"Nov 7, 6:22 am",2018
add,Jets,,Free Agent,4,Joe Buck Yourself,"Nov 7, 6:22 am",2018
drop,Cowboys,,To Waivers,4,Joe Buck Yourself,"Nov 7, 6:22 am",2018
add,Adam Humphries,29070.0,Free Agent,5,King of the Hill,"Nov 7, 5:00 am",2018
drop,John Brown,27619.0,To Waivers,5,King of the Hill,"Nov 7, 5:00 am",2018
add,Mason Crosby,8447.0,Free Agent,5,King of the Hill,"Nov 7, 4:58 am",2018
drop,Ka'imi Fairbairn,29792.0,To Waivers,5,King of the Hill,"Nov 7, 4:58 am",2018
add,Marquez Valdes-Scantling,31144.0,Waiver,1,Hingle McCringlebery,"Nov 7, 2:52 am",2018
drop,Jordy Nelson,8813.0,To Waivers,1,Hingle McCringlebery,"Nov 7, 2:52 am",2018
add,Larry Fitzgerald,6762.0,Waiver,1,Hingle McCringlebery,"Nov 7, 2:52 am",2018
drop,Evan Engram,30136.0,To Waivers,8,Talladega Knights,"Nov 6, 3:00 pm",2018
drop,Graham Gano,9526.0,To Waivers,6,Lambeau Leapers,"Nov 6, 2:59 pm",2018
drop,Jared Cook,9353.0,To Waivers,4,Joe Buck Yourself,"Nov 6, 6:40 am",2018
add,Dion Lewis,24936.0,Free Agent,10,Thunder Cats,"Nov 5, 6:03 pm",2018
drop,DeVante Parker,28402.0,To Waivers,10,Thunder Cats,"Nov 5, 6:03 pm",2018
add,Peyton Barber,29560.0,Free Agent,7,Starting Defense,"Nov 4, 11:12 am",2018
drop,Kenjon Barner,26805.0,To Waivers,7,Starting Defense,"Nov 4, 11:12 am",2018
add,Harrison Butker,30346.0,Free Agent,1,Hingle McCringlebery,"Nov 2, 8:14 am",2018
drop,Adam Vinatieri,3727.0,To Waivers,1,Hingle McCringlebery,"Nov 2, 8:14 am",2018
add,Graham Gano,9526.0,Free Agent,6,Lambeau Leapers,"Nov 1, 6:34 pm",2018
drop,Corey Davis,30118.0,To Waivers,6,Lambeau Leapers,"Nov 1, 6:34 pm",2018
add,Tyrell Williams,28691.0,Free Agent,9,The Roethlisburger s,"Nov 1, 1:20 pm",2018
drop,Marquise Goodwin,26701.0,To Waivers,9,The Roethlisburger s,"Nov 1, 1:20 pm",2018
add,Dolphins,,Free Agent,7,Starting Defense,"Oct 31, 8:56 pm",2018
drop,Colts,,To Waivers,7,Starting Defense,"Oct 31, 8:56 pm",2018
add,DJ Moore,30994.0,Free Agent,4,Joe Buck Yourself,"Oct 31, 7:08 am",2018
drop,LeSean McCoy,9317.0,To Waivers,4,Joe Buck Yourself,"Oct 31, 7:08 am",2018
add,Courtland Sutton,31010.0,Free Agent,4,Joe Buck Yourself,"Oct 31, 7:07 am",2018
drop,Keke Coutee,31073.0,To Waivers,4,Joe Buck Yourself,"Oct 31, 7:07 am",2018
add,Cowboys,,Free Agent,4,Joe Buck Yourself,"Oct 31, 7:06 am",2018
drop,Steelers,,To Waivers,4,Joe Buck Yourself,"Oct 31, 7:06 am",2018
add,Ryan Fitzpatrick,7426.0,Free Agent,4,Joe Buck Yourself,"Oct 31, 7:04 am",2018
add,Chiefs,,Waiver,8,Talladega Knights,"Oct 31, 2:46 am",2018
drop,Harrison Butker,30346.0,To Waivers,8,Talladega Knights,"Oct 31, 2:46 am",2018
add,Evan Engram,30136.0,Waiver,8,Talladega Knights,"Oct 31, 2:46 am",2018
drop,Raheem Mostert,28654.0,To Waivers,8,Talladega Knights,"Oct 31, 2:46 am",2018
add,DeVante Parker,28402.0,Waiver,10,Thunder Cats,"Oct 31, 2:46 am",2018
add,Danny Amendola,9037.0,Waiver,8,Talladega Knights,"Oct 31, 2:46 am",2018
drop,Willie Snead IV,28026.0,To Waivers,8,Talladega Knights,"Oct 31, 2:46 am",2018
add,Doug Martin,25741.0,Waiver,6,Lambeau Leapers,"Oct 31, 2:46 am",2018
drop,Jameis Winston,28389.0,To Waivers,4,Joe Buck Yourself,"Oct 30, 8:10 am",2018
drop,Jerick McKinnon,27624.0,To Waivers,2,Brokaw's Bums,"Oct 30, 8:07 am",2018
add,Isaiah Crowell,28014.0,Free Agent,5,King of the Hill,"Oct 28, 11:58 am",2018
drop,Doug Martin,25741.0,To Waivers,5,King of the Hill,"Oct 28, 11:58 am",2018
add,Kenjon Barner,26805.0,Free Agent,7,Starting Defense,"Oct 28, 7:49 am",2018
drop,Evan Engram,30136.0,To Waivers,7,Starting Defense,"Oct 28, 7:49 am",2018
add,Doug Martin,25741.0,Free Agent,5,King of the Hill,"Oct 26, 6:19 pm",2018
drop,Will Fuller V,29255.0,To Waivers,5,King of the Hill,"Oct 26, 6:19 pm",2018
add,Andy Dalton,24822.0,Waiver,5,King of the Hill,"Oct 26, 2:13 am",2018
drop,Matthew Stafford,9265.0,To Waivers,5,King of the Hill,"Oct 26, 2:13 am",2018
add,Chris Carson,30362.0,Free Agent,2,Brokaw's Bums,"Oct 24, 8:06 pm",2018
drop,Matt Bryant,6243.0,To Waivers,2,Brokaw's Bums,"Oct 24, 8:06 pm",2018
add,Commanders,,Free Agent,9,The Roethlisburger s,"Oct 24, 2:29 pm",2018
drop,Albert Wilson,28046.0,To Waivers,9,The Roethlisburger s,"Oct 24, 2:29 pm",2018
add,Jordy Nelson,8813.0,Free Agent,1,Hingle McCringlebery,"Oct 24, 10:42 am",2018
drop,Mohamed Sanu,25793.0,To Waivers,1,Hingle McCringlebery,"Oct 24, 10:42 am",2018
add,Jared Cook,9353.0,Free Agent,4,Joe Buck Yourself,"Oct 24, 6:26 am",2018
drop,Andy Dalton,24822.0,To Waivers,4,Joe Buck Yourself,"Oct 24, 6:26 am",2018
add,Steelers,,Free Agent,4,Joe Buck Yourself,"Oct 24, 6:24 am",2018
drop,Jaguars,,To Waivers,4,Joe Buck Yourself,"Oct 24, 6:24 am",2018
add,Mike Williams,30120.0,Waiver,10,Thunder Cats,"Oct 24, 2:39 am",2018
add,Raheem Mostert,28654.0,Waiver,8,Talladega Knights,"Oct 24, 2:39 am",2018
drop,Peyton Barber,29560.0,To Waivers,8,Talladega Knights,"Oct 24, 2:39 am",2018
add,Mitchell Trubisky,30115.0,Waiver,2,Brokaw's Bums,"Oct 24, 2:39 am",2018
drop,Ricky Seals-Jones,30494.0,To Waivers,2,Brokaw's Bums,"Oct 24, 2:39 am",2018
add,Dede Westbrook,30223.0,Waiver,10,Thunder Cats,"Oct 24, 2:39 am",2018
drop,Marshawn Lynch,8266.0,To Waivers,10,Thunder Cats,"Oct 24, 2:39 am",2018
add,Marlon Mack,30256.0,Waiver,3,Hingle Handlers,"Oct 24, 2:39 am",2018
drop,T.J. Yeldon,28424.0,To Waivers,3,Hingle Handlers,"Oct 24, 2:39 am",2018
drop,Marcus Mariota,28390.0,To Waivers,6,Lambeau Leapers,"Oct 23, 11:33 am",2018
drop,Javorius Allen,28513.0,To Waivers,10,Thunder Cats,"Oct 21, 6:38 pm",2018
add,C.J. Uzomah,28545.0,Free Agent,6,Lambeau Leapers,"Oct 21, 11:39 am",2018
drop,Jordan Wilkins,31139.0,To Waivers,6,Lambeau Leapers,"Oct 21, 11:39 am",2018
add,Albert Wilson,28046.0,Free Agent,9,The Roethlisburger s,"Oct 21, 10:20 am",2018
drop,Mike Davis,28514.0,To Waivers,9,The Roethlisburger s,"Oct 21, 10:20 am",2018
add,Peyton Barber,29560.0,Waiver,8,Talladega Knights,"Oct 21, 2:14 am",2018
drop,Wendell Smallwood,29387.0,To Waivers,8,Talladega Knights,"Oct 21, 2:14 am",2018
add,Kerryon Johnson,31013.0,Free Agent,3,Hingle Handlers,"Oct 19, 4:17 pm",2018
drop,Chris Carson,30362.0,To Waivers,3,Hingle Handlers,"Oct 19, 4:17 pm",2018
add,Dustin Hopkins,26800.0,Free Agent,3,Hingle Handlers,"Oct 19, 4:14 pm",2018
drop,Mason Crosby,8447.0,To Waivers,3,Hingle Handlers,"Oct 19, 4:14 pm",2018
add,Duke Johnson,28465.0,Free Agent,9,The Roethlisburger s,"Oct 19, 2:34 pm",2018
drop,Chris Boswell,28188.0,To Waivers,9,The Roethlisburger s,"Oct 19, 2:34 pm",2018
add,Nick Chubb,31005.0,Free Agent,4,Joe Buck Yourself,"Oct 19, 2:32 pm",2018
drop,Marlon Mack,30256.0,To Waivers,4,Joe Buck Yourself,"Oct 19, 2:32 pm",2018
add,Jalen Richard,30000.0,Free Agent,4,Joe Buck Yourself,"Oct 19, 2:19 pm",2018
drop,Peyton Barber,29560.0,To Waivers,4,Joe Buck Yourself,"Oct 19, 2:19 pm",2018
add,Adam Vinatieri,3727.0,Free Agent,1,Hingle McCringlebery,"Oct 18, 8:57 pm",2018
drop,Ryan Succop,9520.0,To Waivers,1,Hingle McCringlebery,"Oct 18, 8:57 pm",2018
drop,Devonta Freeman,27631.0,To Waivers,7,Starting Defense,"Oct 18, 12:38 pm",2018
add,Taylor Gabriel,28234.0,Free Agent,7,Starting Defense,"Oct 18, 12:35 pm",2018
drop,Derrick Henry,29279.0,To Waivers,7,Starting Defense,"Oct 18, 12:35 pm",2018
add,Colts,,Free Agent,7,Starting Defense,"Oct 18, 12:31 pm",2018
drop,Packers,,To Waivers,7,Starting Defense,"Oct 18, 12:31 pm",2018
add,Ka'imi Fairbairn,29792.0,Waiver,5,King of the Hill,"Oct 18, 2:18 am",2018
drop,Graham Gano,9526.0,To Waivers,5,King of the Hill,"Oct 18, 2:18 am",2018
add,Peyton Barber,29560.0,Free Agent,4,Joe Buck Yourself,"Oct 17, 12:24 pm",2018
drop,Taylor Gabriel,28234.0,To Free Agent,4,Joe Buck Yourself,"Oct 17, 12:24 pm",2018
add,Matt Prater,8565.0,Free Agent,2,Brokaw's Bums,"Oct 17, 11:39 am",2018
drop,Kerryon Johnson,31013.0,To Waivers,2,Brokaw's Bums,"Oct 17, 11:39 am",2018
add,Taylor Gabriel,28234.0,Free Agent,4,Joe Buck Yourself,"Oct 17, 6:06 am",2018
drop,Jordy Nelson,8813.0,To Waivers,4,Joe Buck Yourself,"Oct 17, 6:06 am",2018
add,Marlon Mack,30256.0,Free Agent,4,Joe Buck Yourself,"Oct 17, 6:06 am",2018
add,Ricky Seals-Jones,30494.0,Waiver,2,Brokaw's Bums,"Oct 17, 2:35 am",2018
drop,Alfred Morris,25883.0,To Waivers,2,Brokaw's Bums,"Oct 17, 2:35 am",2018
add,Willie Snead IV,28026.0,Waiver,8,Talladega Knights,"Oct 17, 2:35 am",2018
drop,Mike Williams,30120.0,To Waivers,8,Talladega Knights,"Oct 17, 2:35 am",2018
add,O.J. Howard,30132.0,Waiver,5,King of the Hill,"Oct 17, 2:35 am",2018
drop,Jared Cook,9353.0,To Waivers,5,King of the Hill,"Oct 17, 2:35 am",2018
add,Latavius Murray,26804.0,Waiver,10,Thunder Cats,"Oct 17, 2:35 am",2018
drop,Jamaal Charles,8850.0,To Waivers,10,Thunder Cats,"Oct 17, 2:35 am",2018
add,Marcus Mariota,28390.0,Waiver,6,Lambeau Leapers,"Oct 17, 2:35 am",2018
add,Chester Rogers,29609.0,Waiver,2,Brokaw's Bums,"Oct 17, 2:35 am",2018
drop,Kelvin Benjamin,27556.0,To Waivers,2,Brokaw's Bums,"Oct 17, 2:35 am",2018
drop,Nyheim Miller-Hines,31074.0,To Waivers,5,King of the Hill,"Oct 16, 1:29 pm",2018
drop,Ka'imi Fairbairn,29792.0,To Waivers,4,Joe Buck Yourself,"Oct 16, 6:13 am",2018
add,Ravens,,Free Agent,3,Hingle Handlers,"Oct 12, 7:09 am",2018
drop,Broncos,,To Waivers,3,Hingle Handlers,"Oct 12, 7:09 am",2018
add,Jameis Winston,28389.0,Free Agent,4,Joe Buck Yourself,"Oct 11, 9:55 am",2018
drop,Quincy Enunwa,27737.0,To Waivers,4,Joe Buck Yourself,"Oct 11, 9:55 am",2018
drop,Ryan Fitzpatrick,7426.0,To Waivers,6,Lambeau Leapers,"Oct 10, 3:07 pm",2018
add,Graham Gano,9526.0,Free Agent,5,King of the Hill,"Oct 10, 6:46 am",2018
drop,Brandon McManus,27120.0,To Waivers,5,King of the Hill,"Oct 10, 6:46 am",2018
add,Ryan Succop,9520.0,Free Agent,1,Hingle McCringlebery,"Oct 10, 6:37 am",2018
drop,Robbie Gould,7520.0,To Waivers,1,Hingle McCringlebery,"Oct 10, 6:37 am",2018
add,Mohamed Sanu,25793.0,Free Agent,1,Hingle McCringlebery,"Oct 10, 6:36 am",2018
drop,Ravens,,To Waivers,1,Hingle McCringlebery,"Oct 10, 6:36 am",2018
add,Jordy Nelson,8813.0,Free Agent,4,Joe Buck Yourself,"Oct 10, 6:21 am",2018
add,Ka'imi Fairbairn,29792.0,Free Agent,4,Joe Buck Yourself,"Oct 10, 6:16 am",2018
add,Tyler Lockett,28457.0,Waiver,8,Talladega Knights,"Oct 10, 2:30 am",2018
drop,Vance McDonald,26678.0,To Waivers,8,Talladega Knights,"Oct 10, 2:30 am",2018
add,Nyheim Miller-Hines,31074.0,Waiver,5,King of the Hill,"Oct 10, 2:30 am",2018
drop,Matt Prater,8565.0,To Waivers,5,King of the Hill,"Oct 10, 2:30 am",2018
add,Jamaal Charles,8850.0,Waiver,10,Thunder Cats,"Oct 10, 2:30 am",2018
drop,Pierre Garcon,8982.0,To Waivers,10,Thunder Cats,"Oct 10, 2:30 am",2018
add,Wendell Smallwood,29387.0,Waiver,8,Talladega Knights,"Oct 10, 2:30 am",2018
drop,Dion Lewis,24936.0,To Waivers,8,Talladega Knights,"Oct 10, 2:30 am",2018
add,Corey Clement,30707.0,Waiver,6,Lambeau Leapers,"Oct 10, 2:30 am",2018
drop,Jay Ajayi,28537.0,To Waivers,6,Lambeau Leapers,"Oct 10, 2:30 am",2018
add,David Njoku,30142.0,Waiver,5,King of the Hill,"Oct 10, 2:30 am",2018
drop,O.J. Howard,30132.0,To Waivers,5,King of the Hill,"Oct 10, 2:30 am",2018
drop,Titans,,To Waivers,4,Joe Buck Yourself,"Oct 9, 6:32 am",2018
drop,Giovani Bernard,26660.0,To Waivers,4,Joe Buck Yourself,"Oct 7, 6:07 pm",2018
add,Ravens,,Free Agent,1,Hingle McCringlebery,"Oct 4, 10:27 pm",2018
drop,Tyler Lockett,28457.0,To Waivers,1,Hingle McCringlebery,"Oct 4, 10:27 pm",2018
add,Panthers,,Free Agent,10,Thunder Cats,"Oct 3, 1:28 pm",2018
drop,Seahawks,,To Waivers,10,Thunder Cats,"Oct 3, 1:28 pm",2018
add,Ben Watson,6791.0,Free Agent,10,Thunder Cats,"Oct 3, 1:26 pm",2018
drop,Aldrick Robinson,24965.0,To Waivers,10,Thunder Cats,"Oct 3, 1:26 pm",2018
add,Javorius Allen,28513.0,Free Agent,10,Thunder Cats,"Oct 3, 1:19 pm",2018
drop,Keelan Cole Sr.,30396.0,To Waivers,10,Thunder Cats,"Oct 3, 1:19 pm",2018
add,Mike Davis,28514.0,Free Agent,9,The Roethlisburger s,"Oct 3, 10:44 am",2018
drop,Ty Montgomery II,28482.0,To Waivers,9,The Roethlisburger s,"Oct 3, 10:44 am",2018
add,Austin Hooper,29315.0,Free Agent,3,Hingle Handlers,"Oct 3, 7:19 am",2018
add,Greg Olsen,8285.0,Free Agent,3,Hingle Handlers,"Oct 3, 7:17 am",2018
drop,Will Dissly,31090.0,To Waivers,3,Hingle Handlers,"Oct 3, 7:17 am",2018
add,Broncos,,Free Agent,3,Hingle Handlers,"Oct 3, 7:15 am",2018
drop,Browns,,To Waivers,3,Hingle Handlers,"Oct 3, 7:15 am",2018
add,Titans,,Free Agent,4,Joe Buck Yourself,"Oct 3, 6:17 am",2018
drop,Ravens,,To Free Agent,4,Joe Buck Yourself,"Oct 3, 6:17 am",2018
add,Ravens,,Free Agent,4,Joe Buck Yourself,"Oct 3, 6:16 am",2018
drop,Baker Mayfield,30971.0,To Waivers,4,Joe Buck Yourself,"Oct 3, 6:16 am",2018
add,Keke Coutee,31073.0,Free Agent,4,Joe Buck Yourself,"Oct 3, 6:15 am",2018
drop,Larry Fitzgerald,6762.0,To Waivers,4,Joe Buck Yourself,"Oct 3, 6:15 am",2018
add,Aldrick Robinson,24965.0,Waiver,10,Thunder Cats,"Oct 3, 2:34 am",2018
drop,Rashaad Penny,30997.0,To Waivers,10,Thunder Cats,"Oct 3, 2:34 am",2018
add,Vance McDonald,26678.0,Waiver,8,Talladega Knights,"Oct 3, 2:34 am",2018
drop,Corey Clement,30707.0,To Waivers,8,Talladega Knights,"Oct 3, 2:34 am",2018
add,T.J. Yeldon,28424.0,Waiver,3,Hingle Handlers,"Oct 3, 2:34 am",2018
drop,David Njoku,30142.0,To Waivers,3,Hingle Handlers,"Oct 3, 2:34 am",2018
drop,Greg Olsen,8285.0,To Waivers,8,Talladega Knights,"Sep 30, 8:41 pm",2018
add,Robbie Gould,7520.0,Free Agent,1,Hingle McCringlebery,"Sep 28, 4:26 pm",2018
drop,Josh Lambo,28685.0,To Waivers,1,Hingle McCringlebery,"Sep 28, 4:26 pm",2018
add,Packers,,Free Agent,7,Starting Defense,"Sep 28, 7:00 am",2018
drop,Broncos,,To Waivers,7,Starting Defense,"Sep 28, 7:00 am",2018
add,Mason Crosby,8447.0,Free Agent,3,Hingle Handlers,"Sep 26, 11:44 pm",2018
drop,Ryan Succop,9520.0,To Waivers,3,Hingle Handlers,"Sep 26, 11:44 pm",2018
add,Baker Mayfield,30971.0,Free Agent,4,Joe Buck Yourself,"Sep 26, 3:10 pm",2018
drop,DJ Moore,30994.0,To Waivers,4,Joe Buck Yourself,"Sep 26, 3:10 pm",2018
add,Austin Ekeler,30423.0,Free Agent,3,Hingle Handlers,"Sep 26, 2:30 pm",2018
add,Joe Flacco,8795.0,Free Agent,7,Starting Defense,"Sep 26, 10:47 am",2018
add,Matt Prater,8565.0,Free Agent,5,King of the Hill,"Sep 26, 7:22 am",2018
drop,Randall Cobb,24851.0,To Waivers,5,King of the Hill,"Sep 26, 7:22 am",2018
add,Browns,,Free Agent,3,Hingle Handlers,"Sep 26, 6:49 am",2018
drop,Dolphins,,To Waivers,3,Hingle Handlers,"Sep 26, 6:49 am",2018
add,James White,27658.0,Free Agent,4,Joe Buck Yourself,"Sep 26, 6:03 am",2018
drop,Latavius Murray,26804.0,To Waivers,4,Joe Buck Yourself,"Sep 26, 6:03 am",2018
add,Tyler Boyd,29288.0,Free Agent,4,Joe Buck Yourself,"Sep 26, 6:02 am",2018
add,Calvin Ridley,30996.0,Free Agent,4,Joe Buck Yourself,"Sep 26, 6:02 am",2018
drop,Dez Bryant,23999.0,To Waivers,4,Joe Buck Yourself,"Sep 26, 6:02 am",2018
add,Andy Dalton,24822.0,Free Agent,4,Joe Buck Yourself,"Sep 26, 6:02 am",2018
drop,Jimmy Garoppolo,27590.0,To Waivers,4,Joe Buck Yourself,"Sep 26, 6:02 am",2018
add,Eric Ebron,27538.0,Free Agent,1,Hingle McCringlebery,"Sep 26, 5:32 am",2018
drop,DeVante Parker,28402.0,To Waivers,1,Hingle McCringlebery,"Sep 26, 5:32 am",2018
add,Seahawks,,Waiver,10,Thunder Cats,"Sep 26, 2:33 am",2018
drop,Ravens,,To Waivers,10,Thunder Cats,"Sep 26, 2:33 am",2018
add,Sony Michel,31001.0,Waiver,2,Brokaw's Bums,"Sep 26, 2:33 am",2018
drop,Marlon Mack,30256.0,To Waivers,2,Brokaw's Bums,"Sep 26, 2:33 am",2018
drop,Ronald Jones,31008.0,To Waivers,3,Hingle Handlers,"Sep 25, 8:42 am",2018
add,Ronald Jones,31008.0,Free Agent,3,Hingle Handlers,"Sep 24, 3:11 pm",2018
drop,Jesse James,28548.0,To Waivers,3,Hingle Handlers,"Sep 24, 3:11 pm",2018
add,Jesse James,28548.0,Free Agent,3,Hingle Handlers,"Sep 23, 11:35 pm",2018
drop,Austin Ekeler,30423.0,To Waivers,3,Hingle Handlers,"Sep 23, 11:35 pm",2018
add,Jordan Wilkins,31139.0,Free Agent,6,Lambeau Leapers,"Sep 23, 9:01 am",2018
drop,Danny Amendola,9037.0,To Waivers,6,Lambeau Leapers,"Sep 23, 9:01 am",2018
add,Geronimo Allison,29719.0,Free Agent,8,Talladega Knights,"Sep 22, 10:41 am",2018
drop,James White,27658.0,To Waivers,8,Talladega Knights,"Sep 22, 10:41 am",2018
add,Latavius Murray,26804.0,Free Agent,4,Joe Buck Yourself,"Sep 21, 2:51 pm",2018
drop,Kenny Stills,26767.0,To Waivers,4,Joe Buck Yourself,"Sep 21, 2:51 pm",2018
add,Corey Clement,30707.0,Free Agent,8,Talladega Knights,"Sep 21, 7:28 am",2018
drop,Donte Moncrief,27618.0,To Waivers,8,Talladega Knights,"Sep 21, 7:28 am",2018
add,Austin Ekeler,30423.0,Free Agent,3,Hingle Handlers,"Sep 20, 10:24 am",2018
drop,Ted Ginn Jr.,8263.0,To Waivers,3,Hingle Handlers,"Sep 20, 10:24 am",2018
add,Dan Bailey,25427.0,Free Agent,9,The Roethlisburger s,"Sep 19, 11:03 am",2018
drop,Robbie Chosen,29785.0,To Waivers,9,The Roethlisburger s,"Sep 19, 11:03 am",2018
add,Robert Woods,26664.0,Free Agent,3,Hingle Handlers,"Sep 19, 11:02 am",2018
drop,Brandon Marshall,7868.0,To Waivers,3,Hingle Handlers,"Sep 19, 11:02 am",2018
add,Giovani Bernard,26660.0,Free Agent,4,Joe Buck Yourself,"Sep 19, 9:51 am",2018
drop,Isaiah Crowell,28014.0,To Waivers,4,Joe Buck Yourself,"Sep 19, 9:51 am",2018
add,Chris Carson,30362.0,Free Agent,3,Hingle Handlers,"Sep 19, 7:42 am",2018
drop,T.J. Yeldon,28424.0,To Waivers,3,Hingle Handlers,"Sep 19, 7:42 am",2018
add,Dolphins,,Free Agent,3,Hingle Handlers,"Sep 19, 7:12 am",2018
drop,Browns,,To Free Agent,3,Hingle Handlers,"Sep 19, 7:12 am",2018
add,John Brown,27619.0,Free Agent,3,Hingle Handlers,"Sep 19, 7:05 am",2018
drop,Jordy Nelson,8813.0,To Waivers,3,Hingle Handlers,"Sep 19, 7:05 am",2018
add,Browns,,Free Agent,3,Hingle Handlers,"Sep 19, 7:03 am",2018
drop,Commanders,,To Waivers,3,Hingle Handlers,"Sep 19, 7:03 am",2018
add,Will Dissly,31090.0,Free Agent,3,Hingle Handlers,"Sep 19, 7:02 am",2018
drop,Jack Doyle,27299.0,To Waivers,3,Hingle Handlers,"Sep 19, 7:02 am",2018
add,Phillip Lindsay,31379.0,Free Agent,1,Hingle McCringlebery,"Sep 19, 5:55 am",2018
drop,Sony Michel,31001.0,To Waivers,1,Hingle McCringlebery,"Sep 19, 5:55 am",2018
add,Bears,,Free Agent,1,Hingle McCringlebery,"Sep 19, 5:51 am",2018
drop,Saints,,To Waivers,1,Hingle McCringlebery,"Sep 19, 5:51 am",2018
add,Jake Elliott,30266.0,Waiver,6,Lambeau Leapers,"Sep 19, 2:40 am",2018
drop,Daniel Carlson,31137.0,To Waivers,6,Lambeau Leapers,"Sep 19, 2:40 am",2018
add,Keelan Cole Sr.,30396.0,Waiver,10,Thunder Cats,"Sep 19, 2:40 am",2018
drop,Jamison Crowder,28493.0,To Waivers,10,Thunder Cats,"Sep 19, 2:40 am",2018
add,Josh Gordon,26561.0,Waiver,2,Brokaw's Bums,"Sep 19, 2:40 am",2018
drop,Mohamed Sanu,25793.0,To Waivers,2,Brokaw's Bums,"Sep 19, 2:40 am",2018
add,Matt Breida,30552.0,Waiver,8,Talladega Knights,"Sep 19, 2:40 am",2018
drop,Delanie Walker,7924.0,To Waivers,3,Hingle Handlers,"Sep 16, 10:27 pm",2018
add,Kenny Golladay,30209.0,Free Agent,1,Hingle McCringlebery,"Sep 16, 1:05 pm",2018
drop,Josh Gordon,26561.0,To Waivers,1,Hingle McCringlebery,"Sep 16, 1:05 pm",2018
add,T.J. Yeldon,28424.0,Free Agent,3,Hingle Handlers,"Sep 16, 1:57 am",2018
drop,Matt Breida,30552.0,To Waivers,3,Hingle Handlers,"Sep 16, 1:57 am",2018
add,Commanders,,Free Agent,3,Hingle Handlers,"Sep 15, 10:38 am",2018
drop,Lions,,To Waivers,3,Hingle Handlers,"Sep 15, 10:38 am",2018
add,Derrick Henry,29279.0,Free Agent,7,Starting Defense,"Sep 15, 7:13 am",2018
drop,Baker Mayfield,30971.0,To Waivers,7,Starting Defense,"Sep 15, 7:13 am",2018
add,Tarik Cohen,30232.0,Free Agent,2,Brokaw's Bums,"Sep 13, 12:25 pm",2018
drop,Michael Gallup,31051.0,To Waivers,2,Brokaw's Bums,"Sep 13, 12:25 pm",2018
add,Quincy Enunwa,27737.0,Free Agent,4,Joe Buck Yourself,"Sep 13, 12:24 pm",2018
drop,Robert Woods,26664.0,To Waivers,4,Joe Buck Yourself,"Sep 13, 12:24 pm",2018
add,Matt Breida,30552.0,Free Agent,3,Hingle Handlers,"Sep 13, 12:15 pm",2018
drop,Tarik Cohen,30232.0,To Free Agent,3,Hingle Handlers,"Sep 13, 12:15 pm",2018
add,Kenny Stills,26767.0,Free Agent,4,Joe Buck Yourself,"Sep 13, 12:09 pm",2018
drop,Calvin Ridley,30996.0,To Waivers,4,Joe Buck Yourself,"Sep 13, 12:09 pm",2018
add,Tarik Cohen,30232.0,Free Agent,3,Hingle Handlers,"Sep 13, 8:09 am",2018
drop,Derrick Henry,29279.0,To Waivers,3,Hingle Handlers,"Sep 13, 8:09 am",2018
add,Brandon McManus,27120.0,Free Agent,5,King of the Hill,"Sep 13, 7:57 am",2018
drop,Matt Prater,8565.0,To Waivers,5,King of the Hill,"Sep 13, 7:57 am",2018
add,Randall Cobb,24851.0,Free Agent,5,King of the Hill,"Sep 12, 6:20 pm",2018
drop,Rex Burkhead,26813.0,To Waivers,3,Hingle Handlers,"Sep 12, 6:18 pm",2018
add,Brandon Marshall,7868.0,Free Agent,3,Hingle Handlers,"Sep 12, 8:19 am",2018
add,Jack Doyle,27299.0,Waiver,3,Hingle Handlers,"Sep 12, 2:38 am",2018
drop,LeGarrette Blount,24318.0,To Waivers,3,Hingle Handlers,"Sep 12, 2:38 am",2018
add,Ryan Succop,9520.0,Waiver,3,Hingle Handlers,"Sep 12, 2:38 am",2018
drop,Jake Elliott,30266.0,To Waivers,3,Hingle Handlers,"Sep 12, 2:38 am",2018
add,Patrick Mahomes,30123.0,Waiver,9,The Roethlisburger s,"Sep 12, 2:38 am",2018
drop,Marcus Mariota,28390.0,To Waivers,9,The Roethlisburger s,"Sep 12, 2:38 am",2018
add,Ryan Fitzpatrick,7426.0,Waiver,6,Lambeau Leapers,"Sep 12, 2:38 am",2018
drop,Cole Beasley,26060.0,To Waivers,6,Lambeau Leapers,"Sep 12, 2:38 am",2018
add,Tyler Lockett,28457.0,Free Agent,1,Hingle McCringlebery,"Sep 6, 9:51 pm",2018
add,Patriots,,Free Agent,5,King of the Hill,"Sep 5, 8:35 am",2018
drop,Kenny Stills,26767.0,To Waivers,5,King of the Hill,"Sep 5, 8:35 am",2018
drop,Chris Carson,30362.0,To Waivers,5,King of the Hill,"Sep 3, 10:50 pm",2018
add,James Conner,30218.0,Free Agent,1,Hingle McCringlebery,"Sep 3, 1:55 pm",2018
drop,Randall Cobb,24851.0,To Waivers,1,Hingle McCringlebery,"Sep 3, 1:55 pm",2018
add,Ted Ginn Jr.,8263.0,Free Agent,3,Hingle Handlers,"Sep 3, 11:43 am",2018
drop,Marqise Lee,27567.0,To Waivers,3,Hingle Handlers,"Sep 3, 11:43 am",2018
add,Daniel Carlson,31137.0,Free Agent,6,Lambeau Leapers,"Sep 3, 12:28 am",2018
drop,Dan Bailey,25427.0,To Waivers,6,Lambeau Leapers,"Sep 3, 12:28 am",2018
add,Chris Carson,30362.0,Free Agent,5,King of the Hill,"Sep 2, 9:43 am",2018
drop,Ronald Jones,31008.0,To Waivers,5,King of the Hill,"Sep 2, 9:43 am",2018
add,Alfred Morris,25883.0,Free Agent,2,Brokaw's Bums,"Sep 1, 10:17 pm",2018
add,Donte Moncrief,27618.0,Free Agent,8,Talladega Knights,"Sep 1, 3:20 pm",2018
drop,Tarik Cohen,30232.0,To Waivers,8,Talladega Knights,"Sep 1, 3:20 pm",2018
drop,Rishard Matthews,25937.0,To Waivers,8,Talladega Knights,"Sep 1, 3:19 pm",2018
add,James White,27658.0,Free Agent,8,Talladega Knights,"Aug 26, 10:14 am",2018
add,Rishard Matthews,25937.0,Free Agent,8,Talladega Knights,"Aug 23, 2:55 pm",2018
add,Josh Lambo,28685.0,Free Agent,1,Hingle McCringlebery,"Aug 21, 10:51 am",2018
drop,Kai Forbath,25648.0,To Waivers,1,Hingle McCringlebery,"Aug 21, 10:51 am",2018
add,Adrian Peterson,8261.0,Free Agent,1,Hingle McCringlebery,"Aug 20, 1:56 pm",2018
drop,Tyler Lockett,28457.0,To Waivers,1,Hingle McCringlebery,"Aug 20, 1:56 pm",2018
drop,Kenny Golladay,30209.0,To Waivers,5,King of the Hill,"Aug 19, 7:45 pm",2018
add,Kai Forbath,25648.0,Free Agent,1,Hingle McCringlebery,"Aug 19, 12:07 am",2018
drop,Donte Moncrief,27618.0,To Waivers,1,Hingle McCringlebery,"Aug 19, 12:07 am",2018
add,Lions,,Waiver,3,Hingle Handlers,"Aug 17, 2:10 am",2018
drop,Panthers,,To Waivers,3,Hingle Handlers,"Aug 17, 2:10 am",2018
add,Ka'imi Fairbairn,29792.0,Free Agent,5,Patrick Mahomes,"Dec 20, 7:51 am",2019
drop,Jason Myers,28378.0,To Waivers,5,Patrick Mahomes,"Dec 20, 7:51 am",2019
drop,Chris Godwin Jr.,30197.0,To Waivers,5,Patrick Mahomes,"Dec 20, 7:49 am",2019
add,Anthony Miller,31021.0,Free Agent,5,Patrick Mahomes,"Dec 18, 10:45 pm",2019
drop,Jameis Winston,28389.0,To Waivers,5,Patrick Mahomes,"Dec 18, 10:45 pm",2019
add,Terry McLaurin,31908.0,Free Agent,5,Patrick Mahomes,"Dec 18, 10:44 pm",2019
drop,Eagles,,To Waivers,5,Patrick Mahomes,"Dec 18, 10:44 pm",2019
add,Alexander Mattison,31934.0,Waiver,4,Joe Buck Yourself,"Dec 18, 2:12 am",2019
drop,Kareem Hunt,30199.0,To Waivers,4,Joe Buck Yourself,"Dec 18, 2:12 am",2019
add,Mike Boone,31228.0,Waiver,4,Joe Buck Yourself,"Dec 18, 2:12 am",2019
drop,Ronald Jones,31008.0,To Waivers,4,Joe Buck Yourself,"Dec 18, 2:12 am",2019
add,Breshad Perriman,28414.0,Waiver,4,Joe Buck Yourself,"Dec 18, 2:12 am",2019
drop,Texans,,To Waivers,4,Joe Buck Yourself,"Dec 18, 2:12 am",2019
add,Broncos,,Waiver,4,Joe Buck Yourself,"Dec 18, 2:12 am",2019
drop,Bills,,To Waivers,4,Joe Buck Yourself,"Dec 18, 2:12 am",2019
drop,David Njoku,30142.0,To Waivers,10,The Cousin Lovers,"Dec 15, 3:22 pm",2019
add,Kenyan Drake,29307.0,Free Agent,4,Joe Buck Yourself,"Dec 15, 2:49 pm",2019
drop,Benny Snell Jr.,31954.0,To Waivers,4,Joe Buck Yourself,"Dec 15, 2:49 pm",2019
add,Kareem Hunt,30199.0,Free Agent,4,Joe Buck Yourself,"Dec 15, 2:46 pm",2019
drop,Jordan Howard,29384.0,To Waivers,4,Joe Buck Yourself,"Dec 15, 2:46 pm",2019
add,Jameis Winston,28389.0,Free Agent,5,Patrick Mahomes,"Dec 15, 11:35 am",2019
drop,Carson Wentz,29236.0,To Waivers,5,Patrick Mahomes,"Dec 15, 11:35 am",2019
add,Evan Engram,30136.0,Free Agent,1,Hingle McCringlebery,"Dec 11, 10:50 pm",2019
drop,O.J. Howard,30132.0,To Free Agent,1,Hingle McCringlebery,"Dec 11, 10:50 pm",2019
add,O.J. Howard,30132.0,Free Agent,1,Hingle McCringlebery,"Dec 11, 10:47 pm",2019
drop,Tevin Coleman,28461.0,To Waivers,1,Hingle McCringlebery,"Dec 11, 10:47 pm",2019
add,Jason Myers,28378.0,Free Agent,5,Patrick Mahomes,"Dec 11, 7:53 pm",2019
drop,Ka'imi Fairbairn,29792.0,To Waivers,5,Patrick Mahomes,"Dec 11, 7:53 pm",2019
add,Darius Slayton,32003.0,Free Agent,4,Joe Buck Yourself,"Dec 11, 12:26 pm",2019
drop,Robbie Chosen,29785.0,To Waivers,4,Joe Buck Yourself,"Dec 11, 12:26 pm",2019
add,Seahawks,,Free Agent,1,Hingle McCringlebery,"Dec 11, 12:24 pm",2019
drop,Colts,,To Waivers,1,Hingle McCringlebery,"Dec 11, 12:24 pm",2019
add,David Njoku,30142.0,Waiver,10,The Cousin Lovers,"Dec 11, 2:23 am",2019
drop,Marvin Jones Jr.,25876.0,To Waivers,10,The Cousin Lovers,"Dec 11, 2:23 am",2019
add,Robbie Gould,7520.0,Waiver,2,Brokaw's Bums,"Dec 11, 2:23 am",2019
drop,Brett Maher,27369.0,To Waivers,2,Brokaw's Bums,"Dec 11, 2:23 am",2019
add,A.J. Brown,31883.0,Waiver,10,The Cousin Lovers,"Dec 11, 2:23 am",2019
drop,Jamaal Williams,30247.0,To Waivers,10,The Cousin Lovers,"Dec 11, 2:23 am",2019
add,Bills,,Waiver,4,Joe Buck Yourself,"Dec 11, 2:23 am",2019
drop,Lions,,To Waivers,4,Joe Buck Yourself,"Dec 11, 2:23 am",2019
add,DeAndre Washington,29377.0,Waiver,2,Brokaw's Bums,"Dec 11, 2:23 am",2019
drop,Brian Hill,30269.0,To Waivers,2,Brokaw's Bums,"Dec 11, 2:23 am",2019
add,Tyler Higbee,29344.0,Waiver,1,Hingle McCringlebery,"Dec 11, 2:23 am",2019
drop,Calvin Ridley,30996.0,To Waivers,3,Jackson's Team,"Dec 10, 10:57 am",2019
drop,Jameis Winston,28389.0,To Waivers,3,Jackson's Team,"Dec 10, 10:57 am",2019
drop,Alexander Mattison,31934.0,To Waivers,3,Jackson's Team,"Dec 10, 10:57 am",2019
drop,Kareem Hunt,30199.0,To Waivers,3,Jackson's Team,"Dec 10, 10:56 am",2019
drop,Terry McLaurin,31908.0,To Waivers,3,Jackson's Team,"Dec 10, 10:56 am",2019
drop,Ryan Tannehill,25718.0,To Waivers,3,Jackson's Team,"Dec 10, 10:56 am",2019
drop,Mike Gesicki,31012.0,To Waivers,1,Hingle McCringlebery,"Dec 10, 8:39 am",2019
drop,Rashaad Penny,30997.0,To Waivers,1,Hingle McCringlebery,"Dec 10, 8:39 am",2019
add,Patrick Laird,32439.0,Free Agent,8,Talladega Knights,"Dec 8, 10:58 am",2019
drop,Evan Engram,30136.0,To Waivers,8,Talladega Knights,"Dec 8, 10:58 am",2019
add,Colts,,Free Agent,1,Hingle McCringlebery,"Dec 7, 11:06 pm",2019
drop,Panthers,,To Waivers,1,Hingle McCringlebery,"Dec 7, 11:06 pm",2019
add,Bilal Powell,24913.0,Free Agent,2,Brokaw's Bums,"Dec 7, 8:12 pm",2019
drop,Matthew Stafford,9265.0,To Waivers,2,Brokaw's Bums,"Dec 7, 8:12 pm",2019
add,Mike Gesicki,31012.0,Free Agent,1,Hingle McCringlebery,"Dec 7, 11:48 am",2019
add,Jets,,Free Agent,7,Starting Defense,"Dec 6, 7:43 am",2019
drop,Falcons,,To Waivers,7,Starting Defense,"Dec 6, 7:43 am",2019
add,Zach Pascal,30502.0,Free Agent,2,Brokaw's Bums,"Dec 5, 2:40 pm",2019
drop,Sam Darnold,30973.0,To Waivers,2,Brokaw's Bums,"Dec 5, 2:40 pm",2019
add,Younghoe Koo,30426.0,Free Agent,10,The Cousin Lovers,"Dec 5, 2:05 pm",2019
drop,Matt Gay,31977.0,To Waivers,10,The Cousin Lovers,"Dec 5, 2:05 pm",2019
add,Robbie Chosen,29785.0,Free Agent,4,Joe Buck Yourself,"Dec 5, 12:58 pm",2019
drop,Sammy Watkins,27532.0,To Waivers,4,Joe Buck Yourself,"Dec 5, 12:58 pm",2019
add,Deebo Samuel Sr.,31868.0,Free Agent,5,Patrick Mahomes,"Dec 5, 12:02 pm",2019
drop,A.J. Green,24791.0,To Waivers,5,Patrick Mahomes,"Dec 5, 12:02 pm",2019
add,Matt Gay,31977.0,Free Agent,10,The Cousin Lovers,"Dec 4, 1:24 pm",2019
drop,Ryan Griffin,26824.0,To Waivers,10,The Cousin Lovers,"Dec 4, 1:24 pm",2019
add,Texans,,Free Agent,4,Joe Buck Yourself,"Dec 4, 10:56 am",2019
drop,Jets,,To Waivers,4,Joe Buck Yourself,"Dec 4, 10:56 am",2019
add,Rashaad Penny,30997.0,Free Agent,1,Hingle McCringlebery,"Dec 4, 10:54 am",2019
drop,Gerald Everett,30157.0,To Waivers,1,Hingle McCringlebery,"Dec 4, 10:54 am",2019
add,Dan Bailey,25427.0,Waiver,10,The Cousin Lovers,"Dec 4, 2:13 am",2019
drop,Zane Gonzalez,30337.0,To Waivers,10,The Cousin Lovers,"Dec 4, 2:13 am",2019
add,Derrius Guice,31029.0,Waiver,8,Talladega Knights,"Dec 4, 2:13 am",2019
drop,Austin Seibert,32002.0,To Waivers,8,Talladega Knights,"Dec 4, 2:13 am",2019
add,Benny Snell Jr.,31954.0,Waiver,4,Joe Buck Yourself,"Dec 4, 2:13 am",2019
drop,Bo Scarbrough,31206.0,To Waivers,4,Joe Buck Yourself,"Dec 4, 2:13 am",2019
add,Alexander Mattison,31934.0,Waiver,3,Jackson's Team,"Dec 4, 2:13 am",2019
drop,Bears,,To Waivers,3,Jackson's Team,"Dec 4, 2:13 am",2019
add,Sammy Watkins,27532.0,Free Agent,4,Joe Buck Yourself,"Dec 1, 1:48 pm",2019
drop,Jonnu Smith,30213.0,To Waivers,4,Joe Buck Yourself,"Dec 1, 1:48 pm",2019
add,Carson Wentz,29236.0,Free Agent,5,Patrick Mahomes,"Nov 29, 6:08 am",2019
drop,Royce Freeman,31041.0,To Waivers,5,Patrick Mahomes,"Nov 29, 6:08 am",2019
add,Jonnu Smith,30213.0,Free Agent,4,Joe Buck Yourself,"Nov 28, 2:58 pm",2019
drop,Derrius Guice,31029.0,To Waivers,4,Joe Buck Yourself,"Nov 28, 2:58 pm",2019
add,Jack Doyle,27299.0,Free Agent,8,Talladega Knights,"Nov 28, 10:13 am",2019
drop,Cameron Brate,28267.0,To Waivers,8,Talladega Knights,"Nov 28, 10:13 am",2019
add,Jets,,Free Agent,4,Joe Buck Yourself,"Nov 27, 1:59 pm",2019
drop,Raiders,,To Waivers,4,Joe Buck Yourself,"Nov 27, 1:59 pm",2019
add,Joey Slye,32384.0,Free Agent,1,Hingle McCringlebery,"Nov 27, 1:53 pm",2019
drop,Matt Gay,31977.0,To Waivers,1,Hingle McCringlebery,"Nov 27, 1:53 pm",2019
add,Chiefs,,Free Agent,3,Jackson's Team,"Nov 27, 10:46 am",2019
add,Zane Gonzalez,30337.0,Free Agent,10,The Cousin Lovers,"Nov 27, 10:44 am",2019
drop,Younghoe Koo,30426.0,To Waivers,10,The Cousin Lovers,"Nov 27, 10:44 am",2019
drop,Jets,,To Free Agent,3,Jackson's Team,"Nov 27, 10:42 am",2019
add,Ryan Tannehill,25718.0,Free Agent,3,Jackson's Team,"Nov 27, 10:38 am",2019
drop,Carson Wentz,29236.0,To Waivers,3,Jackson's Team,"Nov 27, 10:38 am",2019
add,Jets,,Free Agent,3,Jackson's Team,"Nov 27, 10:37 am",2019
drop,Sammy Watkins,27532.0,To Waivers,3,Jackson's Team,"Nov 27, 10:37 am",2019
add,Sam Darnold,30973.0,Free Agent,2,Brokaw's Bums,"Nov 27, 6:53 am",2019
drop,Jaguars,,To Waivers,2,Brokaw's Bums,"Nov 27, 6:53 am",2019
add,A.J. Green,24791.0,Waiver,5,Patrick Mahomes,"Nov 27, 2:58 am",2019
drop,Jacoby Brissett,29325.0,To Waivers,5,Patrick Mahomes,"Nov 27, 2:58 am",2019
add,Royce Freeman,31041.0,Waiver,5,Patrick Mahomes,"Nov 27, 2:58 am",2019
drop,Bills,,To Waivers,5,Patrick Mahomes,"Nov 27, 2:58 am",2019
add,Will Fuller V,29255.0,Waiver,5,Patrick Mahomes,"Nov 27, 2:58 am",2019
drop,Noah Fant,31852.0,To Waivers,5,Patrick Mahomes,"Nov 27, 2:58 am",2019
add,Raheem Mostert,28654.0,Free Agent,6,Lambeau Leapers,"Nov 24, 5:34 pm",2019
drop,Kenyan Drake,29307.0,To Waivers,6,Lambeau Leapers,"Nov 24, 5:34 pm",2019
add,Miles Sanders,31885.0,Free Agent,7,Starting Defense,"Nov 24, 11:15 am",2019
drop,Jason Myers,28378.0,To Waivers,7,Starting Defense,"Nov 24, 11:15 am",2019
add,John Brown,27619.0,Free Agent,7,Starting Defense,"Nov 24, 8:54 am",2019
drop,Mohamed Sanu,25793.0,To Waivers,7,Starting Defense,"Nov 24, 8:54 am",2019
add,Noah Fant,31852.0,Free Agent,5,Patrick Mahomes,"Nov 23, 7:49 pm",2019
drop,T.J. Hockenson,31840.0,To Waivers,5,Patrick Mahomes,"Nov 23, 7:49 pm",2019
add,Falcons,,Free Agent,7,Starting Defense,"Nov 21, 9:13 pm",2019
drop,Commanders,,To Waivers,7,Starting Defense,"Nov 21, 9:13 pm",2019
add,Austin Seibert,32002.0,Free Agent,8,Talladega Knights,"Nov 21, 12:37 pm",2019
drop,Nick Folk,8432.0,To Waivers,8,Talladega Knights,"Nov 21, 12:37 pm",2019
add,Cameron Brate,28267.0,Free Agent,8,Talladega Knights,"Nov 21, 12:34 pm",2019
drop,Miles Sanders,31885.0,To Waivers,8,Talladega Knights,"Nov 21, 12:34 pm",2019
add,Nick Folk,8432.0,Free Agent,8,Talladega Knights,"Nov 20, 8:32 pm",2019
drop,J.D. McKissic,29650.0,To Waivers,8,Talladega Knights,"Nov 20, 8:32 pm",2019
add,T.J. Hockenson,31840.0,Free Agent,5,Patrick Mahomes,"Nov 20, 4:48 pm",2019
drop,John Brown,27619.0,To Waivers,5,Patrick Mahomes,"Nov 20, 4:48 pm",2019
add,Ryan Griffin,26824.0,Free Agent,10,The Cousin Lovers,"Nov 20, 10:06 am",2019
drop,Hollywood Brown,31857.0,To Waivers,10,The Cousin Lovers,"Nov 20, 10:06 am",2019
add,Bo Scarbrough,31206.0,Free Agent,4,Joe Buck Yourself,"Nov 20, 10:04 am",2019
drop,Josh Allen,30977.0,To Waivers,4,Joe Buck Yourself,"Nov 20, 10:04 am",2019
add,Saints,,Free Agent,10,The Cousin Lovers,"Nov 20, 8:59 am",2019
drop,Mike Williams,30120.0,To Waivers,10,The Cousin Lovers,"Nov 20, 8:59 am",2019
add,Dallas Goedert,31019.0,Waiver,10,The Cousin Lovers,"Nov 20, 4:15 am",2019
drop,Curtis Samuel,30153.0,To Waivers,10,The Cousin Lovers,"Nov 20, 4:15 am",2019
add,Jacoby Brissett,29325.0,Waiver,5,Patrick Mahomes,"Nov 20, 4:15 am",2019
drop,Latavius Murray,26804.0,To Waivers,5,Patrick Mahomes,"Nov 20, 4:15 am",2019
add,Browns,,Waiver,8,Talladega Knights,"Nov 20, 4:15 am",2019
drop,Noah Fant,31852.0,To Waivers,8,Talladega Knights,"Nov 20, 4:15 am",2019
add,Jaylen Samuels,31135.0,Waiver,9,The Roethlisburger s,"Nov 20, 4:15 am",2019
drop,Will Fuller V,29255.0,To Waivers,9,The Roethlisburger s,"Nov 20, 4:15 am",2019
add,Younghoe Koo,30426.0,Waiver,10,The Cousin Lovers,"Nov 20, 4:15 am",2019
drop,Dan Bailey,25427.0,To Waivers,10,The Cousin Lovers,"Nov 20, 4:15 am",2019
add,Ka'imi Fairbairn,29792.0,Waiver,5,Patrick Mahomes,"Nov 20, 4:15 am",2019
drop,Zane Gonzalez,30337.0,To Waivers,5,Patrick Mahomes,"Nov 20, 4:15 am",2019
add,Jonathan Williams,29390.0,Waiver,6,Lambeau Leapers,"Nov 20, 4:15 am",2019
drop,Joey Slye,32384.0,To Waivers,6,Lambeau Leapers,"Nov 20, 4:15 am",2019
add,Mike Williams,30120.0,Free Agent,10,The Cousin Lovers,"Nov 17, 6:05 pm",2019
drop,Darren Fells,26612.0,To Free Agent,10,The Cousin Lovers,"Nov 17, 6:05 pm",2019
add,Ross Dwelley,31329.0,Free Agent,7,Starting Defense,"Nov 17, 1:44 pm",2019
drop,Donte Moncrief,27618.0,To Waivers,7,Starting Defense,"Nov 17, 1:44 pm",2019
add,Miles Sanders,31885.0,Free Agent,8,Talladega Knights,"Nov 17, 12:57 pm",2019
drop,Colts,,To Waivers,8,Talladega Knights,"Nov 17, 12:57 pm",2019
add,Terry McLaurin,31908.0,Free Agent,3,Jackson's Team,"Nov 17, 10:37 am",2019
add,Darren Fells,26612.0,Free Agent,10,The Cousin Lovers,"Nov 17, 10:06 am",2019
drop,Saints,,To Waivers,10,The Cousin Lovers,"Nov 17, 10:06 am",2019
add,J.D. McKissic,29650.0,Free Agent,8,Talladega Knights,"Nov 15, 1:51 pm",2019
drop,Gardner Minshew II,32010.0,To Waivers,8,Talladega Knights,"Nov 15, 1:51 pm",2019
add,Kyle Rudolph,24830.0,Free Agent,10,The Cousin Lovers,"Nov 15, 1:29 pm",2019
drop,Darren Fells,26612.0,To Waivers,10,The Cousin Lovers,"Nov 15, 1:29 pm",2019
add,Curtis Samuel,30153.0,Free Agent,10,The Cousin Lovers,"Nov 15, 12:30 pm",2019
drop,A.J. Green,24791.0,To Waivers,10,The Cousin Lovers,"Nov 15, 12:30 pm",2019
add,Commanders,,Free Agent,7,Starting Defense,"Nov 14, 11:40 pm",2019
drop,Giants,,To Waivers,7,Starting Defense,"Nov 14, 11:40 pm",2019
add,Vance McDonald,26678.0,Free Agent,9,The Roethlisburger s,"Nov 14, 8:16 am",2019
drop,Terry McLaurin,31908.0,To Waivers,9,The Roethlisburger s,"Nov 14, 8:16 am",2019
add,Joey Slye,32384.0,Free Agent,6,Lambeau Leapers,"Nov 13, 10:36 pm",2019
drop,Chase Edmonds,31104.0,To Waivers,6,Lambeau Leapers,"Nov 13, 10:36 pm",2019
add,Jimmy Garoppolo,27590.0,Free Agent,6,Lambeau Leapers,"Nov 13, 10:35 pm",2019
drop,Antonio Brown,24171.0,To Waivers,6,Lambeau Leapers,"Nov 13, 10:35 pm",2019
add,Lions,,Free Agent,4,Joe Buck Yourself,"Nov 13, 11:21 am",2019
drop,Browns,,To Waivers,4,Joe Buck Yourself,"Nov 13, 11:21 am",2019
add,Raiders,,Free Agent,4,Joe Buck Yourself,"Nov 13, 11:19 am",2019
drop,Jaylen Samuels,31135.0,To Waivers,4,Joe Buck Yourself,"Nov 13, 11:19 am",2019
add,Josh Allen,30977.0,Free Agent,4,Joe Buck Yourself,"Nov 13, 11:18 am",2019
drop,Jack Doyle,27299.0,To Waivers,4,Joe Buck Yourself,"Nov 13, 11:18 am",2019
add,Vikings,,Free Agent,10,The Cousin Lovers,"Nov 13, 8:40 am",2019
drop,Kyle Rudolph,24830.0,To Waivers,10,The Cousin Lovers,"Nov 13, 8:40 am",2019
add,Noah Fant,31852.0,Waiver,8,Talladega Knights,"Nov 13, 2:14 am",2019
drop,Eric Ebron,27538.0,To Waivers,8,Talladega Knights,"Nov 13, 2:14 am",2019
add,Brian Hill,30269.0,Waiver,2,Brokaw's Bums,"Nov 13, 2:14 am",2019
drop,Ka'imi Fairbairn,29792.0,To Waivers,2,Brokaw's Bums,"Nov 13, 2:14 am",2019
add,Jacob Hollister,30661.0,Waiver,9,The Roethlisburger s,"Nov 13, 2:14 am",2019
drop,Dallas Goedert,31019.0,To Waivers,9,The Roethlisburger s,"Nov 13, 2:14 am",2019
drop,Ryan Tannehill,25718.0,To Waivers,10,The Cousin Lovers,"Nov 12, 3:46 pm",2019
add,Hollywood Brown,31857.0,Free Agent,10,The Cousin Lovers,"Nov 10, 11:29 am",2019
drop,Zach Pascal,30502.0,To Waivers,10,The Cousin Lovers,"Nov 10, 11:29 am",2019
add,Matt Gay,31977.0,Free Agent,1,Hingle McCringlebery,"Nov 10, 8:27 am",2019
drop,Robbie Gould,7520.0,To Waivers,1,Hingle McCringlebery,"Nov 10, 8:27 am",2019
add,Ryan Tannehill,25718.0,Free Agent,10,The Cousin Lovers,"Nov 9, 9:32 am",2019
drop,Jared Goff,29235.0,To Waivers,10,The Cousin Lovers,"Nov 9, 9:32 am",2019
add,Zach Pascal,30502.0,Free Agent,10,The Cousin Lovers,"Nov 8, 12:26 pm",2019
add,Kyle Rudolph,24830.0,Free Agent,10,The Cousin Lovers,"Nov 8, 8:19 am",2019
drop,Mike Gesicki,31012.0,To Waivers,10,The Cousin Lovers,"Nov 8, 8:19 am",2019
add,Eric Ebron,27538.0,Waiver,8,Talladega Knights,"Nov 8, 2:15 am",2019
drop,Ty Johnson,32018.0,To Waivers,8,Talladega Knights,"Nov 8, 2:15 am",2019
add,Larry Fitzgerald,6762.0,Free Agent,6,Lambeau Leapers,"Nov 7, 9:27 pm",2019
drop,Wayne Gallman,30253.0,To Waivers,6,Lambeau Leapers,"Nov 7, 9:27 pm",2019
drop,Curtis Samuel,30153.0,To Waivers,4,Joe Buck Yourself,"Nov 7, 10:16 am",2019
add,Giants,,Free Agent,7,Starting Defense,"Nov 6, 1:12 pm",2019
drop,Seahawks,,To Waivers,7,Starting Defense,"Nov 6, 1:12 pm",2019
add,Jamison Crowder,28493.0,Free Agent,1,Hingle McCringlebery,"Nov 6, 12:13 pm",2019
drop,Chris Conley,28464.0,To Waivers,1,Hingle McCringlebery,"Nov 6, 12:13 pm",2019
add,Curtis Samuel,30153.0,Free Agent,4,Joe Buck Yourself,"Nov 6, 10:13 am",2019
drop,Mike Williams,30120.0,To Waivers,4,Joe Buck Yourself,"Nov 6, 10:13 am",2019
add,Jack Doyle,27299.0,Free Agent,4,Joe Buck Yourself,"Nov 6, 10:10 am",2019
add,Mike Gesicki,31012.0,Free Agent,10,The Cousin Lovers,"Nov 6, 8:09 am",2019
drop,Jonnu Smith,30213.0,To Waivers,10,The Cousin Lovers,"Nov 6, 8:09 am",2019
add,Packers,,Free Agent,3,Jackson's Team,"Nov 6, 7:18 am",2019
add,Dan Bailey,25427.0,Waiver,10,The Cousin Lovers,"Nov 6, 2:15 am",2019
drop,Josh Lambo,28685.0,To Waivers,10,The Cousin Lovers,"Nov 6, 2:15 am",2019
add,Jonnu Smith,30213.0,Waiver,10,The Cousin Lovers,"Nov 6, 2:15 am",2019
drop,Vikings,,To Waivers,10,The Cousin Lovers,"Nov 6, 2:15 am",2019
add,DeVante Parker,28402.0,Waiver,5,Patrick Mahomes,"Nov 6, 2:15 am",2019
drop,Jacoby Brissett,29325.0,To Waivers,5,Patrick Mahomes,"Nov 6, 2:15 am",2019
add,Ravens,,Waiver,2,Brokaw's Bums,"Nov 6, 2:15 am",2019
drop,Eric Ebron,27538.0,To Waivers,2,Brokaw's Bums,"Nov 6, 2:15 am",2019
add,Ronald Jones,31008.0,Waiver,4,Joe Buck Yourself,"Nov 6, 2:15 am",2019
drop,Joey Slye,32384.0,To Waivers,4,Joe Buck Yourself,"Nov 5, 10:14 am",2019
drop,Robbie Chosen,29785.0,To Waivers,3,Jackson's Team,"Nov 5, 10:04 am",2019
drop,Adam Vinatieri,3727.0,To Waivers,3,Jackson's Team,"Nov 5, 10:03 am",2019
drop,Mark Walton,31082.0,To Waivers,4,Joe Buck Yourself,"Nov 4, 4:08 pm",2019
add,Jared Goff,29235.0,Free Agent,10,The Cousin Lovers,"Nov 4, 1:04 pm",2019
drop,DeSean Jackson,8826.0,To Waivers,10,The Cousin Lovers,"Nov 4, 1:04 pm",2019
add,Josh Gordon,26561.0,Free Agent,8,Talladega Knights,"Nov 3, 2:04 pm",2019
drop,Brandin Cooks,27548.0,To Waivers,8,Talladega Knights,"Nov 3, 2:04 pm",2019
add,Dallas Goedert,31019.0,Free Agent,9,The Roethlisburger s,"Nov 3, 10:51 am",2019
drop,Ryan Griffin,26824.0,To Waivers,9,The Roethlisburger s,"Nov 3, 10:51 am",2019
add,Ryan Griffin,26824.0,Free Agent,9,The Roethlisburger s,"Nov 3, 12:56 am",2019
drop,Chris Herndon,31077.0,To Waivers,9,The Roethlisburger s,"Nov 3, 12:56 am",2019
add,Steelers,,Waiver,9,The Roethlisburger s,"Nov 1, 2:11 am",2019
drop,Cowboys,,To Waivers,9,The Roethlisburger s,"Nov 1, 2:11 am",2019
add,Colts,,Waiver,8,Talladega Knights,"Nov 1, 2:11 am",2019
drop,Malcolm Brown,28990.0,To Waivers,8,Talladega Knights,"Nov 1, 2:11 am",2019
add,Carson Wentz,29236.0,Free Agent,3,Jackson's Team,"Oct 31, 12:37 am",2019
drop,Josh Allen,30977.0,To Waivers,3,Jackson's Team,"Oct 31, 12:37 am",2019
add,Adam Vinatieri,3727.0,Free Agent,3,Jackson's Team,"Oct 31, 12:35 am",2019
drop,Ravens,,To Waivers,3,Jackson's Team,"Oct 31, 12:35 am",2019
drop,Sterling Shepard,29274.0,To Waivers,3,Jackson's Team,"Oct 31, 12:34 am",2019
add,Chris Conley,28464.0,Free Agent,1,Hingle McCringlebery,"Oct 30, 5:14 pm",2019
drop,Colts,,To Waivers,1,Hingle McCringlebery,"Oct 30, 5:14 pm",2019
add,Browns,,Free Agent,4,Joe Buck Yourself,"Oct 30, 10:09 am",2019
drop,Jets,,To Waivers,4,Joe Buck Yourself,"Oct 30, 10:09 am",2019
add,Jaylen Samuels,31135.0,Free Agent,4,Joe Buck Yourself,"Oct 30, 10:02 am",2019
drop,Kenny Stills,26767.0,To Waivers,4,Joe Buck Yourself,"Oct 30, 10:02 am",2019
add,Joey Slye,32384.0,Free Agent,4,Joe Buck Yourself,"Oct 30, 10:01 am",2019
drop,Steelers,,To Waivers,4,Joe Buck Yourself,"Oct 30, 10:01 am",2019
add,DeSean Jackson,8826.0,Waiver,10,The Cousin Lovers,"Oct 30, 2:18 am",2019
drop,DeVante Parker,28402.0,To Waivers,10,The Cousin Lovers,"Oct 30, 2:18 am",2019
add,Jamaal Williams,30247.0,Waiver,10,The Cousin Lovers,"Oct 30, 2:18 am",2019
drop,Larry Fitzgerald,6762.0,To Waivers,10,The Cousin Lovers,"Oct 30, 2:18 am",2019
add,Darren Fells,26612.0,Waiver,10,The Cousin Lovers,"Oct 30, 2:18 am",2019
drop,Kyle Rudolph,24830.0,To Waivers,10,The Cousin Lovers,"Oct 30, 2:18 am",2019
add,Jacoby Brissett,29325.0,Waiver,5,Patrick Mahomes,"Oct 30, 2:18 am",2019
drop,Jared Goff,29235.0,To Waivers,5,Patrick Mahomes,"Oct 30, 2:18 am",2019
add,Cowboys,,Waiver,9,The Roethlisburger s,"Oct 30, 2:18 am",2019
drop,Lions,,To Waivers,9,The Roethlisburger s,"Oct 30, 2:18 am",2019
add,Mark Walton,31082.0,Free Agent,4,Joe Buck Yourself,"Oct 28, 11:22 am",2019
drop,LeSean McCoy,9317.0,To Waivers,4,Joe Buck Yourself,"Oct 28, 11:22 am",2019
add,DeVante Parker,28402.0,Free Agent,10,The Cousin Lovers,"Oct 28, 8:59 am",2019
drop,Curtis Samuel,30153.0,To Waivers,10,The Cousin Lovers,"Oct 28, 8:59 am",2019
add,Ravens,,Free Agent,3,Jackson's Team,"Oct 28, 8:54 am",2019
add,Lions,,Free Agent,9,The Roethlisburger s,"Oct 27, 10:56 am",2019
drop,Packers,,To Waivers,9,The Roethlisburger s,"Oct 27, 10:56 am",2019
add,Brandin Cooks,27548.0,Free Agent,8,Talladega Knights,"Oct 26, 9:20 pm",2019
drop,Jamison Crowder,28493.0,To Waivers,8,Talladega Knights,"Oct 26, 9:20 pm",2019
add,Sterling Shepard,29274.0,Free Agent,3,Jackson's Team,"Oct 25, 2:45 pm",2019
drop,Sam Darnold,30973.0,To Waivers,3,Jackson's Team,"Oct 25, 2:45 pm",2019
add,Marvin Jones Jr.,25876.0,Waiver,10,The Cousin Lovers,"Oct 25, 2:10 am",2019
drop,Hollywood Brown,31857.0,To Waivers,10,The Cousin Lovers,"Oct 25, 2:10 am",2019
add,Jason Myers,28378.0,Free Agent,7,Starting Defense,"Oct 24, 7:49 pm",2019
add,Kirk Cousins,25812.0,Free Agent,9,The Roethlisburger s,"Oct 24, 8:52 am",2019
drop,Brandin Cooks,27548.0,To Waivers,9,The Roethlisburger s,"Oct 24, 8:52 am",2019
add,Jared Goff,29235.0,Free Agent,5,Patrick Mahomes,"Oct 24, 8:46 am",2019
drop,Carson Wentz,29236.0,To Waivers,5,Patrick Mahomes,"Oct 24, 8:46 am",2019
add,Curtis Samuel,30153.0,Free Agent,10,The Cousin Lovers,"Oct 23, 1:46 pm",2019
drop,Jamaal Williams,30247.0,To Waivers,10,The Cousin Lovers,"Oct 23, 1:46 pm",2019
add,LeSean McCoy,9317.0,Free Agent,4,Joe Buck Yourself,"Oct 23, 10:02 am",2019
drop,Miles Sanders,31885.0,To Waivers,4,Joe Buck Yourself,"Oct 23, 10:02 am",2019
add,Kenny Stills,26767.0,Free Agent,4,Joe Buck Yourself,"Oct 23, 10:01 am",2019
add,Matthew Stafford,9265.0,Free Agent,2,Brokaw's Bums,"Oct 23, 9:04 am",2019
drop,John Ross,30122.0,To Waivers,2,Brokaw's Bums,"Oct 23, 9:04 am",2019
add,Colts,,Free Agent,1,Hingle McCringlebery,"Oct 23, 8:14 am",2019
drop,LeSean McCoy,9317.0,To Free Agent,1,Hingle McCringlebery,"Oct 23, 8:14 am",2019
add,LeSean McCoy,9317.0,Free Agent,1,Hingle McCringlebery,"Oct 23, 8:13 am",2019
drop,Chargers,,To Waivers,1,Hingle McCringlebery,"Oct 23, 8:13 am",2019
add,Ka'imi Fairbairn,29792.0,Free Agent,2,Brokaw's Bums,"Oct 23, 7:26 am",2019
drop,Ronald Jones,31008.0,To Waivers,2,Brokaw's Bums,"Oct 23, 7:26 am",2019
add,Latavius Murray,26804.0,Free Agent,5,Patrick Mahomes,"Oct 23, 6:16 am",2019
drop,Marvin Jones Jr.,25876.0,To Waivers,5,Patrick Mahomes,"Oct 23, 6:16 am",2019
add,Ty Johnson,32018.0,Waiver,8,Talladega Knights,"Oct 23, 2:16 am",2019
add,Kyle Rudolph,24830.0,Waiver,10,The Cousin Lovers,"Oct 23, 2:16 am",2019
drop,Jason Witten,6405.0,To Waivers,10,The Cousin Lovers,"Oct 23, 2:16 am",2019
add,Chase Edmonds,31104.0,Waiver,6,Lambeau Leapers,"Oct 23, 2:16 am",2019
drop,Sterling Shepard,29274.0,To Waivers,6,Lambeau Leapers,"Oct 23, 2:16 am",2019
add,Marvin Jones Jr.,25876.0,Waiver,5,Patrick Mahomes,"Oct 23, 2:16 am",2019
drop,Frank Gore,7241.0,To Waivers,5,Patrick Mahomes,"Oct 23, 2:16 am",2019
drop,Titans,,To Waivers,4,Joe Buck Yourself,"Oct 22, 9:48 am",2019
drop,DeSean Jackson,8826.0,To Waivers,1,Hingle McCringlebery,"Oct 22, 7:23 am",2019
drop,Jimmy Garoppolo,27590.0,To Waivers,8,Talladega Knights,"Oct 22, 6:58 am",2019
drop,Cowboys,,To Waivers,8,Talladega Knights,"Oct 22, 6:58 am",2019
add,Sam Darnold,30973.0,Free Agent,3,Jackson's Team,"Oct 21, 11:58 am",2019
drop,Josh Gordon,26561.0,To Waivers,3,Jackson's Team,"Oct 21, 11:58 am",2019
add,Frank Gore,7241.0,Free Agent,5,Patrick Mahomes,"Oct 20, 11:36 am",2019
drop,Latavius Murray,26804.0,To Waivers,5,Patrick Mahomes,"Oct 20, 11:36 am",2019
add,Jimmy Graham,24070.0,Free Agent,6,Lambeau Leapers,"Oct 20, 11:26 am",2019
drop,Jared Goff,29235.0,To Free Agent,6,Lambeau Leapers,"Oct 20, 11:26 am",2019
add,Jared Goff,29235.0,Free Agent,6,Lambeau Leapers,"Oct 20, 11:23 am",2019
drop,Curtis Samuel,30153.0,To Waivers,6,Lambeau Leapers,"Oct 20, 11:23 am",2019
add,Chargers,,Free Agent,1,Hingle McCringlebery,"Oct 20, 1:46 am",2019
add,Robbie Chosen,29785.0,Free Agent,3,Jackson's Team,"Oct 19, 4:00 pm",2019
drop,Philip Rivers,6763.0,To Waivers,3,Jackson's Team,"Oct 19, 4:00 pm",2019
add,Jets,,Free Agent,4,Joe Buck Yourself,"Oct 19, 10:37 am",2019
add,Titans,,Free Agent,4,Joe Buck Yourself,"Oct 19, 10:36 am",2019
drop,Giants,,To Waivers,4,Joe Buck Yourself,"Oct 19, 10:36 am",2019
add,Latavius Murray,26804.0,Free Agent,5,Patrick Mahomes,"Oct 18, 4:06 pm",2019
drop,Frank Gore,7241.0,To Waivers,5,Patrick Mahomes,"Oct 18, 4:06 pm",2019
add,Frank Gore,7241.0,Free Agent,5,Patrick Mahomes,"Oct 17, 8:01 pm",2019
drop,Adrian Peterson,8261.0,To Waivers,5,Patrick Mahomes,"Oct 17, 8:01 pm",2019
add,John Brown,27619.0,Free Agent,5,Patrick Mahomes,"Oct 17, 7:12 pm",2019
drop,Delanie Walker,7924.0,To Waivers,9,The Roethlisburger s,"Oct 17, 7:02 pm",2019
add,Derrius Guice,31029.0,Free Agent,4,Joe Buck Yourself,"Oct 17, 9:49 am",2019
drop,Darren Fells,26612.0,To Waivers,4,Joe Buck Yourself,"Oct 17, 9:49 am",2019
add,Chris Herndon,31077.0,Free Agent,9,The Roethlisburger s,"Oct 16, 11:09 pm",2019
drop,Tony Pollard,31960.0,To Waivers,9,The Roethlisburger s,"Oct 16, 11:09 pm",2019
add,Darren Fells,26612.0,Free Agent,4,Joe Buck Yourself,"Oct 16, 5:08 pm",2019
drop,Chase Edmonds,31104.0,To Waivers,4,Joe Buck Yourself,"Oct 16, 5:08 pm",2019
add,Eagles,,Free Agent,5,Patrick Mahomes,"Oct 16, 10:31 am",2019
drop,Chargers,,To Waivers,5,Patrick Mahomes,"Oct 16, 10:31 am",2019
add,Jason Witten,6405.0,Free Agent,10,The Cousin Lovers,"Oct 16, 10:05 am",2019
drop,Jimmy Graham,24070.0,To Waivers,10,The Cousin Lovers,"Oct 16, 10:05 am",2019
add,Giants,,Free Agent,4,Joe Buck Yourself,"Oct 16, 9:53 am",2019
drop,Ravens,,To Waivers,4,Joe Buck Yourself,"Oct 16, 9:53 am",2019
add,Steelers,,Free Agent,4,Joe Buck Yourself,"Oct 16, 9:51 am",2019
drop,Diontae Johnson,31898.0,To Waivers,4,Joe Buck Yourself,"Oct 16, 9:51 am",2019
add,Josh Allen,30977.0,Free Agent,3,Jackson's Team,"Oct 16, 9:03 am",2019
add,Zane Gonzalez,30337.0,Free Agent,5,Patrick Mahomes,"Oct 16, 6:29 am",2019
drop,Joey Slye,32384.0,To Waivers,5,Patrick Mahomes,"Oct 16, 6:29 am",2019
add,Delanie Walker,7924.0,Free Agent,9,The Roethlisburger s,"Oct 16, 5:58 am",2019
add,Packers,,Free Agent,9,The Roethlisburger s,"Oct 16, 5:56 am",2019
drop,Titans,,To Waivers,9,The Roethlisburger s,"Oct 16, 5:56 am",2019
drop,Will Dissly,31090.0,To Waivers,9,The Roethlisburger s,"Oct 16, 5:48 am",2019
add,Matt Prater,8565.0,Waiver,9,The Roethlisburger s,"Oct 16, 2:15 am",2019
drop,Matt Gay,31977.0,To Waivers,9,The Roethlisburger s,"Oct 16, 2:15 am",2019
add,Jimmy Garoppolo,27590.0,Waiver,8,Talladega Knights,"Oct 16, 2:15 am",2019
drop,O.J. Howard,30132.0,To Waivers,8,Talladega Knights,"Oct 16, 2:15 am",2019
add,Jamaal Williams,30247.0,Waiver,10,The Cousin Lovers,"Oct 16, 2:15 am",2019
drop,Jared Goff,29235.0,To Waivers,10,The Cousin Lovers,"Oct 16, 2:15 am",2019
add,Carlos Hyde,27585.0,Waiver,9,The Roethlisburger s,"Oct 16, 2:15 am",2019
drop,Marvin Jones Jr.,25876.0,To Waivers,9,The Roethlisburger s,"Oct 16, 2:15 am",2019
drop,Commanders,,To Waivers,3,Jackson's Team,"Oct 15, 11:02 am",2019
drop,Jon Hilliman,32238.0,To Waivers,5,Patrick Mahomes,"Oct 15, 6:44 am",2019
add,Hunter Henry,29269.0,Free Agent,3,Jackson's Team,"Oct 13, 6:14 pm",2019
add,Chargers,,Free Agent,5,Patrick Mahomes,"Oct 13, 9:41 am",2019
drop,LeSean McCoy,9317.0,To Waivers,5,Patrick Mahomes,"Oct 13, 9:41 am",2019
add,Adrian Peterson,8261.0,Free Agent,5,Patrick Mahomes,"Oct 13, 9:27 am",2019
drop,Carlos Hyde,27585.0,To Waivers,5,Patrick Mahomes,"Oct 13, 9:27 am",2019
add,DK Metcalf,31896.0,Free Agent,10,The Cousin Lovers,"Oct 13, 9:04 am",2019
drop,Nelson Agholor,28408.0,To Waivers,10,The Cousin Lovers,"Oct 13, 9:04 am",2019
add,Commanders,,Free Agent,3,Jackson's Team,"Oct 10, 6:37 pm",2019
drop,Daniel Jones,31838.0,To Waivers,3,Jackson's Team,"Oct 10, 6:37 pm",2019
add,O.J. Howard,30132.0,Free Agent,8,Talladega Knights,"Oct 10, 6:10 pm",2019
drop,Josh Allen,30977.0,To Waivers,8,Talladega Knights,"Oct 10, 6:10 pm",2019
drop,Jack Doyle,27299.0,To Waivers,9,The Roethlisburger s,"Oct 10, 4:22 pm",2019
add,Matt Gay,31977.0,Free Agent,9,The Roethlisburger s,"Oct 9, 12:06 pm",2019
drop,Eddy Pineiro,31482.0,To Waivers,9,The Roethlisburger s,"Oct 9, 12:06 pm",2019
add,49ers,,Free Agent,5,Patrick Mahomes,"Oct 9, 11:54 am",2019
drop,Chargers,,To Waivers,5,Patrick Mahomes,"Oct 9, 11:54 am",2019
add,Jon Hilliman,32238.0,Free Agent,5,Patrick Mahomes,"Oct 9, 11:52 am",2019
add,Ravens,,Free Agent,4,Joe Buck Yourself,"Oct 9, 10:06 am",2019
drop,Eagles,,To Waivers,4,Joe Buck Yourself,"Oct 9, 10:06 am",2019
add,Chase Edmonds,31104.0,Free Agent,4,Joe Buck Yourself,"Oct 9, 10:06 am",2019
drop,John Brown,27619.0,To Waivers,5,Patrick Mahomes,"Oct 9, 6:50 am",2019
add,Gerald Everett,30157.0,Waiver,2,Brokaw's Bums,"Oct 9, 2:15 am",2019
add,Gardner Minshew II,32010.0,Waiver,8,Talladega Knights,"Oct 9, 2:15 am",2019
drop,Jacoby Brissett,29325.0,To Waivers,8,Talladega Knights,"Oct 9, 2:15 am",2019
drop,Mecole Hardman Jr.,31888.0,To Waivers,1,Hingle McCringlebery,"Oct 8, 9:46 pm",2019
drop,Frank Gore,7241.0,To Waivers,3,Jackson's Team,"Oct 8, 2:52 pm",2019
drop,Jaylen Samuels,31135.0,To Waivers,4,Joe Buck Yourself,"Oct 8, 11:24 am",2019
add,Nelson Agholor,28408.0,Free Agent,10,The Cousin Lovers,"Oct 4, 1:40 pm",2019
drop,O.J. Howard,30132.0,To Waivers,10,The Cousin Lovers,"Oct 4, 1:40 pm",2019
add,Frank Gore,7241.0,Free Agent,3,Jackson's Team,"Oct 4, 9:52 am",2019
add,Miles Sanders,31885.0,Waiver,4,Joe Buck Yourself,"Oct 4, 2:10 am",2019
drop,Geronimo Allison,29719.0,To Waivers,4,Joe Buck Yourself,"Oct 4, 2:10 am",2019
add,Eagles,,Free Agent,4,Joe Buck Yourself,"Oct 3, 4:16 pm",2019
drop,Ravens,,To Waivers,4,Joe Buck Yourself,"Oct 3, 4:16 pm",2019
add,Jack Doyle,27299.0,Free Agent,9,The Roethlisburger s,"Oct 3, 1:17 pm",2019
drop,Delanie Walker,7924.0,To Waivers,9,The Roethlisburger s,"Oct 3, 1:17 pm",2019
add,Jared Goff,29235.0,Free Agent,10,The Cousin Lovers,"Oct 2, 8:07 pm",2019
drop,Darrel Williams,31500.0,To Free Agent,10,The Cousin Lovers,"Oct 2, 8:07 pm",2019
add,Jordan Howard,29384.0,Free Agent,4,Joe Buck Yourself,"Oct 2, 8:06 pm",2019
drop,Phillip Dorsett II,28417.0,To Waivers,10,The Cousin Lovers,"Oct 2, 8:01 pm",2019
drop,Marquez Valdes-Scantling,31144.0,To Waivers,10,The Cousin Lovers,"Oct 2, 8:01 pm",2019
add,Darrel Williams,31500.0,Free Agent,10,The Cousin Lovers,"Oct 2, 1:44 pm",2019
drop,Miles Sanders,31885.0,To Waivers,10,The Cousin Lovers,"Oct 2, 1:44 pm",2019
add,Saints,,Free Agent,10,The Cousin Lovers,"Oct 2, 1:34 pm",2019
drop,Rex Burkhead,26813.0,To Waivers,10,The Cousin Lovers,"Oct 2, 1:34 pm",2019
add,Josh Lambo,28685.0,Free Agent,10,The Cousin Lovers,"Oct 2, 1:31 pm",2019
drop,Stephen Gostkowski,7867.0,To Waivers,10,The Cousin Lovers,"Oct 2, 1:31 pm",2019
add,Eddy Pineiro,31482.0,Free Agent,9,The Roethlisburger s,"Oct 2, 12:13 pm",2019
drop,Matt Prater,8565.0,To Waivers,9,The Roethlisburger s,"Oct 2, 12:13 pm",2019
add,Jimmy Graham,24070.0,Free Agent,4,Joe Buck Yourself,"Oct 2, 12:12 pm",2019
drop,Royce Freeman,31041.0,To Waivers,4,Joe Buck Yourself,"Oct 2, 12:12 pm",2019
add,Diontae Johnson,31898.0,Free Agent,4,Joe Buck Yourself,"Oct 2, 11:35 am",2019
drop,T.J. Hockenson,31840.0,To Waivers,4,Joe Buck Yourself,"Oct 2, 11:35 am",2019
add,Robbie Gould,7520.0,Free Agent,1,Hingle McCringlebery,"Oct 2, 10:57 am",2019
drop,Zane Gonzalez,30337.0,To Waivers,1,Hingle McCringlebery,"Oct 2, 10:57 am",2019
add,Panthers,,Free Agent,1,Hingle McCringlebery,"Oct 2, 10:56 am",2019
drop,Steelers,,To Waivers,1,Hingle McCringlebery,"Oct 2, 10:56 am",2019
add,Jaylen Samuels,31135.0,Free Agent,4,Joe Buck Yourself,"Oct 2, 9:59 am",2019
drop,Packers,,To Waivers,4,Joe Buck Yourself,"Oct 2, 9:59 am",2019
add,Geronimo Allison,29719.0,Free Agent,4,Joe Buck Yourself,"Oct 2, 9:57 am",2019
drop,Demarcus Robinson,29360.0,To Waivers,4,Joe Buck Yourself,"Oct 2, 9:57 am",2019
add,Courtland Sutton,31010.0,Free Agent,5,Patrick Mahomes,"Oct 2, 7:05 am",2019
drop,DK Metcalf,31896.0,To Waivers,5,Patrick Mahomes,"Oct 2, 7:05 am",2019
add,Jameis Winston,28389.0,Waiver,3,Jackson's Team,"Oct 2, 2:14 am",2019
add,Tevin Coleman,28461.0,Waiver,1,Hingle McCringlebery,"Oct 2, 2:14 am",2019
drop,Nelson Agholor,28408.0,To Waivers,1,Hingle McCringlebery,"Oct 2, 2:14 am",2019
add,Ronald Jones,31008.0,Waiver,2,Brokaw's Bums,"Oct 2, 2:14 am",2019
drop,Broncos,,To Waivers,2,Brokaw's Bums,"Oct 2, 2:14 am",2019
drop,Latavius Murray,26804.0,To Waivers,3,Jackson's Team,"Oct 1, 10:49 am",2019
drop,Vance McDonald,26678.0,To Waivers,3,Jackson's Team,"Oct 1, 10:49 am",2019
add,Kyler Murray,31833.0,Free Agent,1,Hingle McCringlebery,"Sep 29, 8:39 am",2019
drop,David Njoku,30142.0,To Waivers,1,Hingle McCringlebery,"Sep 29, 8:39 am",2019
add,Royce Freeman,31041.0,Free Agent,4,Joe Buck Yourself,"Sep 27, 12:52 pm",2019
drop,Peyton Barber,29560.0,To Waivers,4,Joe Buck Yourself,"Sep 27, 12:52 pm",2019
add,Ravens,,Free Agent,4,Joe Buck Yourself,"Sep 27, 12:52 pm",2019
drop,Deebo Samuel Sr.,31868.0,To Waivers,4,Joe Buck Yourself,"Sep 27, 12:52 pm",2019
add,Will Dissly,31090.0,Free Agent,7,Starting Defense,"Sep 25, 3:12 pm",2019
drop,Jordan Reed,26708.0,To Waivers,7,Starting Defense,"Sep 25, 3:12 pm",2019
add,Steelers,,Free Agent,1,Hingle McCringlebery,"Sep 25, 2:42 pm",2019
drop,49ers,,To Waivers,1,Hingle McCringlebery,"Sep 25, 2:42 pm",2019
add,Zane Gonzalez,30337.0,Free Agent,1,Hingle McCringlebery,"Sep 25, 2:41 pm",2019
drop,Robbie Gould,7520.0,To Waivers,1,Hingle McCringlebery,"Sep 25, 2:41 pm",2019
add,Jacoby Brissett,29325.0,Free Agent,8,Talladega Knights,"Sep 25, 9:22 am",2019
drop,Jaylen Samuels,31135.0,To Waivers,8,Talladega Knights,"Sep 25, 9:22 am",2019
add,LeSean McCoy,9317.0,Free Agent,5,Patrick Mahomes,"Sep 25, 6:18 am",2019
add,Marquez Valdes-Scantling,31144.0,Waiver,10,The Cousin Lovers,"Sep 25, 2:16 am",2019
drop,Jared Goff,29235.0,To Waivers,10,The Cousin Lovers,"Sep 25, 2:16 am",2019
add,Phillip Dorsett II,28417.0,Waiver,10,The Cousin Lovers,"Sep 25, 2:16 am",2019
drop,Trey Burton,27789.0,To Waivers,10,The Cousin Lovers,"Sep 25, 2:16 am",2019
add,DJ Chark,31031.0,Waiver,8,Talladega Knights,"Sep 25, 2:16 am",2019
drop,Jimmy Graham,24070.0,To Waivers,8,Talladega Knights,"Sep 25, 2:16 am",2019
add,Rex Burkhead,26813.0,Waiver,10,The Cousin Lovers,"Sep 25, 2:16 am",2019
drop,Corey Davis,30118.0,To Waivers,10,The Cousin Lovers,"Sep 25, 2:16 am",2019
add,Daniel Jones,31838.0,Waiver,3,Jackson's Team,"Sep 25, 2:16 am",2019
drop,Eagles,,To Waivers,3,Jackson's Team,"Sep 25, 2:16 am",2019
add,Wayne Gallman,30253.0,Waiver,6,Lambeau Leapers,"Sep 25, 2:16 am",2019
drop,Geronimo Allison,29719.0,To Waivers,6,Lambeau Leapers,"Sep 25, 2:16 am",2019
add,Carlos Hyde,27585.0,Free Agent,5,Patrick Mahomes,"Sep 21, 12:26 pm",2019
drop,Tevin Coleman,28461.0,To Waivers,5,Patrick Mahomes,"Sep 21, 12:26 pm",2019
add,Deebo Samuel Sr.,31868.0,Free Agent,4,Joe Buck Yourself,"Sep 19, 11:52 am",2019
drop,N'Keal Harry,31864.0,To Waivers,4,Joe Buck Yourself,"Sep 19, 11:52 am",2019
add,Titans,,Free Agent,9,The Roethlisburger s,"Sep 18, 4:15 pm",2019
drop,Browns,,To Waivers,9,The Roethlisburger s,"Sep 18, 4:15 pm",2019
add,Peyton Barber,29560.0,Free Agent,4,Joe Buck Yourself,"Sep 18, 11:33 am",2019
drop,Raheem Mostert,28654.0,To Waivers,4,Joe Buck Yourself,"Sep 18, 11:33 am",2019
add,Demarcus Robinson,29360.0,Free Agent,4,Joe Buck Yourself,"Sep 18, 11:30 am",2019
drop,Courtland Sutton,31010.0,To Waivers,4,Joe Buck Yourself,"Sep 18, 11:30 am",2019
add,Robbie Gould,7520.0,Free Agent,1,Hingle McCringlebery,"Sep 18, 6:47 am",2019
drop,Jason Myers,28378.0,To Waivers,1,Hingle McCringlebery,"Sep 18, 6:47 am",2019
add,49ers,,Free Agent,1,Hingle McCringlebery,"Sep 18, 6:45 am",2019
drop,Texans,,To Waivers,1,Hingle McCringlebery,"Sep 18, 6:45 am",2019
add,Josh Allen,30977.0,Free Agent,8,Talladega Knights,"Sep 18, 6:33 am",2019
drop,Giovani Bernard,26660.0,To Waivers,8,Talladega Knights,"Sep 18, 6:33 am",2019
add,Packers,,Waiver,4,Joe Buck Yourself,"Sep 18, 2:16 am",2019
drop,Ravens,,To Waivers,4,Joe Buck Yourself,"Sep 18, 2:16 am",2019
add,Greg Olsen,8285.0,Waiver,1,Hingle McCringlebery,"Sep 18, 2:16 am",2019
drop,Robbie Chosen,29785.0,To Waivers,1,Hingle McCringlebery,"Sep 18, 2:16 am",2019
add,Jaylen Samuels,31135.0,Waiver,8,Talladega Knights,"Sep 18, 2:16 am",2019
add,DK Metcalf,31896.0,Waiver,5,Patrick Mahomes,"Sep 18, 2:16 am",2019
drop,LeSean McCoy,9317.0,To Waivers,5,Patrick Mahomes,"Sep 18, 2:16 am",2019
add,Raheem Mostert,28654.0,Waiver,4,Joe Buck Yourself,"Sep 18, 2:16 am",2019
drop,Duke Johnson,28465.0,To Waivers,4,Joe Buck Yourself,"Sep 18, 2:16 am",2019
add,Nelson Agholor,28408.0,Waiver,1,Hingle McCringlebery,"Sep 18, 2:16 am",2019
drop,Jameis Winston,28389.0,To Waivers,1,Hingle McCringlebery,"Sep 18, 2:16 am",2019
drop,Ka'imi Fairbairn,29792.0,To Waivers,5,Patrick Mahomes,"Sep 17, 8:49 pm",2019
add,Broncos,,Free Agent,2,Brokaw's Bums,"Sep 15, 9:41 am",2019
drop,Ronald Jones,31008.0,To Waivers,2,Brokaw's Bums,"Sep 15, 9:41 am",2019
add,Latavius Murray,26804.0,Free Agent,3,Jackson's Team,"Sep 13, 3:43 pm",2019
drop,Darrell Henderson Jr.,31902.0,To Waivers,3,Jackson's Team,"Sep 13, 3:43 pm",2019
add,Texans,,Free Agent,1,Hingle McCringlebery,"Sep 13, 10:03 am",2019
drop,Broncos,,To Waivers,1,Hingle McCringlebery,"Sep 13, 10:03 am",2019
add,Joey Slye,32384.0,Free Agent,5,Patrick Mahomes,"Sep 11, 6:41 pm",2019
add,Delanie Walker,7924.0,Free Agent,9,The Roethlisburger s,"Sep 11, 2:13 pm",2019
drop,Hunter Henry,29269.0,To Waivers,9,The Roethlisburger s,"Sep 11, 2:13 pm",2019
add,Philip Rivers,6763.0,Free Agent,3,Jackson's Team,"Sep 11, 1:15 pm",2019
drop,Cam Newton,24788.0,To Waivers,3,Jackson's Team,"Sep 11, 1:15 pm",2019
add,Cowboys,,Free Agent,8,Talladega Knights,"Sep 11, 8:25 am",2019
drop,Tre'Quan Smith,31061.0,To Waivers,8,Talladega Knights,"Sep 11, 8:25 am",2019
add,Mecole Hardman Jr.,31888.0,Free Agent,1,Hingle McCringlebery,"Sep 11, 6:37 am",2019
add,Malcolm Brown,28990.0,Waiver,8,Talladega Knights,"Sep 11, 2:16 am",2019
drop,Rashaad Penny,30997.0,To Waivers,8,Talladega Knights,"Sep 11, 2:16 am",2019
add,Giovani Bernard,26660.0,Waiver,8,Talladega Knights,"Sep 11, 2:16 am",2019
drop,Nyheim Miller-Hines,31074.0,To Waivers,8,Talladega Knights,"Sep 11, 2:16 am",2019
add,John Brown,27619.0,Waiver,5,Patrick Mahomes,"Sep 11, 2:16 am",2019
drop,Dante Pettis,31014.0,To Waivers,5,Patrick Mahomes,"Sep 11, 2:16 am",2019
add,Terry McLaurin,31908.0,Waiver,9,The Roethlisburger s,"Sep 11, 2:16 am",2019
drop,Jaylen Samuels,31135.0,To Waivers,9,The Roethlisburger s,"Sep 11, 2:16 am",2019
add,John Ross,30122.0,Waiver,2,Brokaw's Bums,"Sep 11, 2:16 am",2019
drop,Derrius Guice,31029.0,To Waivers,2,Brokaw's Bums,"Sep 11, 2:16 am",2019
add,T.J. Hockenson,31840.0,Waiver,4,Joe Buck Yourself,"Sep 11, 2:16 am",2019
drop,Latavius Murray,26804.0,To Waivers,4,Joe Buck Yourself,"Sep 11, 2:16 am",2019
add,Hollywood Brown,31857.0,Waiver,10,The Cousin Lovers,"Sep 11, 2:16 am",2019
drop,Dion Lewis,24936.0,To Waivers,10,The Cousin Lovers,"Sep 11, 2:16 am",2019
add,Michael Gallup,31051.0,Free Agent,8,Talladega Knights,"Sep 8, 11:10 am",2019
drop,Demaryius Thomas,23997.0,To Waivers,8,Talladega Knights,"Sep 8, 11:10 am",2019
add,Tom Brady,5228.0,Free Agent,9,The Roethlisburger s,"Sep 7, 4:21 pm",2019
drop,Adrian Peterson,8261.0,To Waivers,9,The Roethlisburger s,"Sep 7, 4:21 pm",2019
add,Darren Waller,28592.0,Free Agent,2,Brokaw's Bums,"Sep 7, 1:29 pm",2019
drop,Michael Badgley,31366.0,To Waivers,2,Brokaw's Bums,"Sep 7, 1:29 pm",2019
add,Tyrell Williams,28691.0,Free Agent,4,Joe Buck Yourself,"Sep 7, 1:23 pm",2019
drop,Justin Jackson,31221.0,To Waivers,4,Joe Buck Yourself,"Sep 7, 1:23 pm",2019
add,Brett Maher,27369.0,Free Agent,2,Brokaw's Bums,"Sep 7, 1:21 pm",2019
drop,Rob Gronkowski,24017.0,To Waivers,2,Brokaw's Bums,"Sep 7, 1:21 pm",2019
add,Seahawks,,Free Agent,7,Starting Defense,"Sep 7, 12:50 pm",2019
drop,Texans,,To Waivers,7,Starting Defense,"Sep 7, 12:50 pm",2019
add,Jameis Winston,28389.0,Free Agent,1,Hingle McCringlebery,"Sep 6, 9:58 am",2019
drop,Kyler Murray,31833.0,To Waivers,1,Hingle McCringlebery,"Sep 6, 9:58 am",2019
add,Demaryius Thomas,23997.0,Free Agent,8,Talladega Knights,"Sep 5, 11:03 am",2019
drop,Devin Funchess,28429.0,To Waivers,8,Talladega Knights,"Sep 5, 11:03 am",2019
add,Sammy Watkins,27532.0,Waiver,3,Jackson's Team,"Sep 5, 3:01 am",2019
drop,Jordan Howard,29384.0,To Waivers,3,Jackson's Team,"Sep 5, 3:01 am",2019
add,Dak Prescott,29369.0,Free Agent,9,The Roethlisburger s,"Sep 4, 5:12 pm",2019
drop,Jameis Winston,28389.0,To Waivers,9,The Roethlisburger s,"Sep 4, 5:12 pm",2019
add,Rob Gronkowski,24017.0,Free Agent,2,Brokaw's Bums,"Sep 4, 10:18 am",2019
drop,Darwin Thompson,32046.0,To Waivers,2,Brokaw's Bums,"Sep 4, 10:18 am",2019
add,Jamison Crowder,28493.0,Free Agent,8,Talladega Knights,"Sep 3, 8:38 pm",2019
drop,Sammy Watkins,27532.0,To Waivers,8,Talladega Knights,"Sep 3, 8:38 pm",2019
add,Lamar Jackson,31002.0,Free Agent,1,Hingle McCringlebery,"Sep 3, 1:51 pm",2019
drop,Ben Roethlisberger,6770.0,To Waivers,1,Hingle McCringlebery,"Sep 3, 1:51 pm",2019
add,Jordan Howard,29384.0,Free Agent,3,Jackson's Team,"Sep 3, 1:48 pm",2019
drop,Carlos Hyde,27585.0,To Waivers,3,Jackson's Team,"Sep 3, 1:48 pm",2019
add,Justin Jackson,31221.0,Free Agent,4,Joe Buck Yourself,"Sep 3, 10:07 am",2019
add,Matt Prater,8565.0,Free Agent,9,The Roethlisburger s,"Sep 1, 10:05 pm",2019
add,Jason Myers,28378.0,Free Agent,1,Hingle McCringlebery,"Sep 1, 2:49 pm",2019
drop,Jordan Howard,29384.0,To Waivers,1,Hingle McCringlebery,"Sep 1, 2:49 pm",2019
add,Carlos Hyde,27585.0,Free Agent,3,Jackson's Team,"Aug 31, 2:53 pm",2019
drop,Marquez Valdes-Scantling,31144.0,To Waivers,3,Jackson's Team,"Aug 31, 2:53 pm",2019
drop,Kalen Ballage,31100.0,To Waivers,3,Jackson's Team,"Aug 31, 2:53 pm",2019
add,Devin Singletary,31906.0,Free Agent,4,Joe Buck Yourself,"Aug 31, 8:42 am",2019
drop,Royce Freeman,31041.0,To Waivers,4,Joe Buck Yourself,"Aug 31, 8:42 am",2019
add,LeSean McCoy,9317.0,Free Agent,5,Patrick Mahomes,"Aug 25, 4:05 pm",2019
drop,Lamar Miller,25807.0,To Waivers,5,Patrick Mahomes,"Aug 25, 4:05 pm",2019
drop,Andrew Luck,25711.0,To Waivers,9,The Roethlisburger s,"Aug 25, 12:05 pm",2019
add,Darwin Thompson,32046.0,Free Agent,2,Brokaw's Bums,"Aug 22, 8:08 pm",2019
drop,Keke Coutee,31073.0,To Waivers,2,Brokaw's Bums,"Aug 22, 8:08 pm",2019
add,Kalen Ballage,31100.0,Free Agent,3,Jackson's Team,"Aug 22, 4:26 pm",2019
add,Eagles,,Free Agent,3,Jackson's Team,"Aug 20, 11:36 pm",2019
drop,Devin Singletary,31906.0,To Waivers,3,Jackson's Team,"Aug 20, 11:36 pm",2019
add,Tre'Quan Smith,31061.0,Waiver,8,Talladega Knights,"Aug 20, 3:17 am",2019
drop,Delanie Walker,7924.0,To Waivers,8,Talladega Knights,"Aug 20, 3:17 am",2019
add,Austin Hooper,29315.0,Free Agent,5,D Hop,"Dec 27, 8:42 am",2020
drop,Buccaneers,,To Waivers,5,D Hop,"Dec 27, 8:42 am",2020
add,Tony Pollard,31960.0,Waiver,6,Lambeau Leapers,"Dec 26, 2:44 am",2020
drop,Latavius Murray,26804.0,To Waivers,6,Lambeau Leapers,"Dec 26, 2:44 am",2020
drop,JuJu Smith-Schuster,30175.0,To Waivers,4,Joe Buck Yourself,"Dec 25, 5:37 pm",2020
drop,Ronald Jones,31008.0,To Waivers,5,D Hop,"Dec 24, 2:55 pm",2020
drop,Tony Pollard,31960.0,To Waivers,10,The Cousin Lovers,"Dec 24, 1:20 pm",2020
add,Salvon Ahmed,33265.0,Free Agent,3,Jackson's Team,"Dec 23, 8:02 am",2020
drop,Seahawks,,To Waivers,3,Jackson's Team,"Dec 23, 8:02 am",2020
add,Darrell Henderson Jr.,31902.0,Free Agent,5,D Hop,"Dec 23, 7:56 am",2020
drop,Ryan Succop,9520.0,To Waivers,5,D Hop,"Dec 23, 7:56 am",2020
add,Jason Sanders,31199.0,Free Agent,5,D Hop,"Dec 23, 7:54 am",2020
add,Giovani Bernard,26660.0,Waiver,3,Jackson's Team,"Dec 23, 3:26 am",2020
drop,Jakobi Meyers,32231.0,To Waivers,3,Jackson's Team,"Dec 23, 3:26 am",2020
add,Elliott Fry,31831.0,Waiver,2,Brokaw's Bums,"Dec 23, 3:26 am",2020
add,Le'Veon Bell,26671.0,Waiver,6,Lambeau Leapers,"Dec 23, 3:26 am",2020
drop,Panthers,,To Waivers,2,Brokaw's Bums,"Dec 22, 7:44 pm",2020
drop,Alexander Mattison,31934.0,To Waivers,6,Lambeau Leapers,"Dec 22, 5:14 pm",2020
drop,Raheem Mostert,28654.0,To Waivers,6,Lambeau Leapers,"Dec 22, 5:14 pm",2020
drop,Ben Roethlisberger,6770.0,To Waivers,5,D Hop,"Dec 22, 8:53 am",2020
add,Jalen Hurts,32723.0,Free Agent,5,D Hop,"Dec 20, 2:46 pm",2020
drop,Michael Pittman Jr.,32704.0,To Waivers,5,D Hop,"Dec 20, 2:45 pm",2020
add,Dolphins,,Free Agent,10,The Cousin Lovers,"Dec 20, 11:17 am",2020
drop,John Brown,27619.0,To Waivers,10,The Cousin Lovers,"Dec 20, 11:16 am",2020
add,Irv Smith Jr.,31882.0,Free Agent,10,The Cousin Lovers,"Dec 20, 11:08 am",2020
drop,Chase Edmonds,31104.0,To Waivers,10,The Cousin Lovers,"Dec 20, 11:08 am",2020
add,Emmanuel Sanders,24057.0,Free Agent,5,D Hop,"Dec 19, 3:34 pm",2020
drop,Damien Harris,31919.0,To Waivers,5,D Hop,"Dec 19, 3:34 pm",2020
add,Ryan Succop,9520.0,Free Agent,5,D Hop,"Dec 19, 9:55 am",2020
drop,Jason Sanders,31199.0,To Waivers,5,D Hop,"Dec 19, 9:55 am",2020
add,Tony Pollard,31960.0,Free Agent,10,The Cousin Lovers,"Dec 18, 9:48 pm",2020
drop,Nelson Agholor,28408.0,To Waivers,10,The Cousin Lovers,"Dec 18, 3:49 pm",2020
add,Russell Gage Jr.,31164.0,Free Agent,10,The Cousin Lovers,"Dec 18, 3:49 pm",2020
drop,Dolphins,,To Waivers,10,The Cousin Lovers,"Dec 18, 3:49 pm",2020
drop,Darrell Henderson Jr.,31902.0,To Waivers,8,Talladega Knights,"Dec 18, 3:27 pm",2020
add,Jared Goff,29235.0,Free Agent,2,Brokaw's Bums,"Dec 17, 10:10 pm",2020
drop,Bengals,,To Waivers,2,Brokaw's Bums,"Dec 17, 10:10 pm",2020
add,Nelson Agholor,28408.0,Free Agent,10,The Cousin Lovers,"Dec 17, 6:07 pm",2020
add,Jason Sanders,31199.0,Free Agent,5,D Hop,"Dec 17, 12:44 pm",2020
drop,Deebo Samuel Sr.,31868.0,To Waivers,10,The Cousin Lovers,"Dec 17, 12:06 pm",2020
add,Gus Edwards,31424.0,Free Agent,3,Jackson's Team,"Dec 16, 10:35 pm",2020
drop,Hollywood Brown,31857.0,To Waivers,3,Jackson's Team,"Dec 16, 10:25 pm",2020
add,Lynn Bowden Jr.,32750.0,Free Agent,2,Brokaw's Bums,"Dec 16, 9:13 pm",2020
drop,Ty Johnson,32018.0,To Waivers,2,Brokaw's Bums,"Dec 16, 9:13 pm",2020
add,Cole Kmet,32713.0,Free Agent,5,D Hop,"Dec 16, 9:36 am",2020
drop,Ryan Succop,9520.0,To Waivers,5,D Hop,"Dec 16, 9:36 am",2020
add,Michael Pittman Jr.,32704.0,Waiver,5,D Hop,"Dec 16, 3:06 am",2020
drop,DeAndre Washington,29377.0,To Waivers,5,D Hop,"Dec 16, 3:06 am",2020
add,Ryan Succop,9520.0,Waiver,5,D Hop,"Dec 16, 3:06 am",2020
drop,Jason Myers,28378.0,To Waivers,5,D Hop,"Dec 16, 3:06 am",2020
add,Buccaneers,,Waiver,5,D Hop,"Dec 16, 3:06 am",2020
drop,Tony Pollard,31960.0,To Waivers,5,D Hop,"Dec 16, 3:06 am",2020
add,T.Y. Hilton,25802.0,Waiver,8,Talladega Knights,"Dec 16, 3:06 am",2020
add,Jeff Wilson Jr.,31394.0,Waiver,3,Jackson's Team,"Dec 16, 3:06 am",2020
drop,Chris Boswell,28188.0,To Waivers,3,Jackson's Team,"Dec 16, 3:06 am",2020
add,Chris Boswell,28188.0,Free Agent,3,Jackson's Team,"Dec 13, 6:38 pm",2020
drop,Giovani Bernard,26660.0,To Waivers,3,Jackson's Team,"Dec 13, 6:38 pm",2020
add,DeAndre Washington,29377.0,Free Agent,5,D Hop,"Dec 13, 10:36 am",2020
drop,Devontae Booker,29370.0,To Waivers,5,D Hop,"Dec 13, 10:36 am",2020
add,Bears,,Waiver,2,Brokaw's Bums,"Dec 13, 5:21 am",2020
drop,Packers,,To Waivers,2,Brokaw's Bums,"Dec 13, 5:21 am",2020
add,David Johnson,28474.0,Waiver,10,The Cousin Lovers,"Dec 13, 5:21 am",2020
drop,Austin Hooper,29315.0,To Waivers,10,The Cousin Lovers,"Dec 13, 5:21 am",2020
add,Cardinals,,Waiver,2,Brokaw's Bums,"Dec 12, 2:25 am",2020
drop,Matt Prater,8565.0,To Waivers,2,Brokaw's Bums,"Dec 12, 2:25 am",2020
add,Cole Beasley,26060.0,Free Agent,3,Jackson's Team,"Dec 11, 1:38 pm",2020
drop,Hunter Renfrow,31981.0,To Waivers,3,Jackson's Team,"Dec 11, 1:38 pm",2020
add,Commanders,,Free Agent,9,The Roethlisberger's,"Dec 11, 12:32 pm",2020
drop,David Johnson,28474.0,To Waivers,9,The Roethlisberger's,"Dec 11, 12:32 pm",2020
add,Cowboys,,Free Agent,7,Starting Defense,"Dec 11, 12:31 pm",2020
drop,Bears,,To Waivers,7,Starting Defense,"Dec 11, 12:31 pm",2020
add,Bengals,,Free Agent,2,Brokaw's Bums,"Dec 11, 12:30 pm",2020
drop,Travis Fulgham,32016.0,To Waivers,2,Brokaw's Bums,"Dec 11, 12:30 pm",2020
add,Eagles,,Free Agent,2,Brokaw's Bums,"Dec 11, 12:30 pm",2020
drop,Ryan Tannehill,25718.0,To Waivers,2,Brokaw's Bums,"Dec 11, 12:30 pm",2020
add,Texans,,Free Agent,2,Brokaw's Bums,"Dec 11, 12:28 pm",2020
drop,Brandon McManus,27120.0,To Waivers,2,Brokaw's Bums,"Dec 11, 12:28 pm",2020
add,Robbie Gould,7520.0,Free Agent,4,Joe Buck Yourself,"Dec 11, 12:24 pm",2020
drop,Peyton Barber,29560.0,To Waivers,4,Joe Buck Yourself,"Dec 11, 12:24 pm",2020
add,Tony Pollard,31960.0,Free Agent,5,D Hop,"Dec 10, 4:25 pm",2020
drop,Cardinals,,To Waivers,5,D Hop,"Dec 10, 4:25 pm",2020
add,Ty Johnson,32018.0,Free Agent,4,Joe Buck Yourself,"Dec 10, 11:19 am",2020
drop,Ben DiNucci,32901.0,To Waivers,4,Joe Buck Yourself,"Dec 10, 11:19 am",2020
add,Browns,,Waiver,2,Brokaw's Bums,"Dec 10, 3:36 am",2020
drop,Darius Slayton,32003.0,To Waivers,2,Brokaw's Bums,"Dec 10, 3:36 am",2020
add,Peyton Barber,29560.0,Waiver,4,Joe Buck Yourself,"Dec 10, 3:36 am",2020
drop,C.J. Beathard,30217.0,To Waivers,4,Joe Buck Yourself,"Dec 10, 3:36 am",2020
add,Panthers,,Waiver,2,Brokaw's Bums,"Dec 10, 3:36 am",2020
drop,Vikings,,To Waivers,2,Brokaw's Bums,"Dec 10, 3:36 am",2020
add,Jason Myers,28378.0,Waiver,5,D Hop,"Dec 10, 3:36 am",2020
drop,Jason Sanders,31199.0,To Waivers,5,D Hop,"Dec 10, 3:36 am",2020
add,Colts,,Waiver,10,The Cousin Lovers,"Dec 10, 3:36 am",2020
drop,Michael Pittman Jr.,32704.0,To Waivers,10,The Cousin Lovers,"Dec 10, 3:36 am",2020
add,Logan Thomas,27648.0,Waiver,8,Talladega Knights,"Dec 10, 3:36 am",2020
add,J.D. McKissic,29650.0,Waiver,4,Joe Buck Yourself,"Dec 10, 3:36 am",2020
drop,Wendell Smallwood,29387.0,To Waivers,4,Joe Buck Yourself,"Dec 10, 3:36 am",2020
drop,Trey Burton,27789.0,To Waivers,5,D Hop,"Dec 9, 8:16 pm",2020
drop,Nelson Agholor,28408.0,To Waivers,3,Jackson's Team,"Dec 9, 6:19 am",2020
drop,Raiders,,To Waivers,9,The Roethlisberger's,"Dec 8, 11:41 pm",2020
drop,CeeDee Lamb,32687.0,To Waivers,1,Hingle McCringlebery,"Dec 8, 4:47 pm",2020
drop,Duke Johnson,28465.0,To Waivers,8,Talladega Knights,"Dec 6, 7:35 pm",2020
add,Wendell Smallwood,29387.0,Free Agent,4,Joe Buck Yourself,"Dec 6, 7:34 pm",2020
drop,Christian Scotland-Williamson,31364.0,To Free Agent,4,Joe Buck Yourself,"Dec 6, 7:34 pm",2020
add,Christian Scotland-Williamson,31364.0,Free Agent,4,Joe Buck Yourself,"Dec 6, 7:33 pm",2020
drop,Jeremy Sprinkle,30267.0,To Free Agent,4,Joe Buck Yourself,"Dec 6, 7:33 pm",2020
add,C.J. Beathard,30217.0,Free Agent,4,Joe Buck Yourself,"Dec 6, 7:33 pm",2020
drop,Brian Hill,30269.0,To Waivers,4,Joe Buck Yourself,"Dec 6, 7:33 pm",2020
add,Jeremy Sprinkle,30267.0,Free Agent,4,Joe Buck Yourself,"Dec 6, 7:32 pm",2020
add,Ben DiNucci,32901.0,Free Agent,4,Joe Buck Yourself,"Dec 6, 7:32 pm",2020
drop,Carson Wentz,29236.0,To Waivers,4,Joe Buck Yourself,"Dec 6, 5:24 pm",2020
drop,Joey Slye,32384.0,To Waivers,7,Starting Defense,"Dec 6, 12:16 pm",2020
add,Bears,,Free Agent,7,Starting Defense,"Dec 6, 11:32 am",2020
drop,Commanders,,To Waivers,7,Starting Defense,"Dec 6, 11:32 am",2020
add,Cardinals,,Free Agent,5,D Hop,"Dec 6, 9:47 am",2020
drop,Will Fuller V,29255.0,To Waivers,6,Lambeau Leapers,"Dec 5, 11:23 am",2020
add,Titans,,Free Agent,1,Hingle McCringlebery,"Dec 5, 2:09 am",2020
add,Kirk Cousins,25812.0,Free Agent,1,Hingle McCringlebery,"Dec 5, 2:05 am",2020
drop,Cam Newton,24788.0,To Waivers,1,Hingle McCringlebery,"Dec 5, 2:05 am",2020
add,Hunter Renfrow,31981.0,Free Agent,3,Jackson's Team,"Dec 4, 3:35 pm",2020
drop,Henry Ruggs III,32682.0,To Free Agent,3,Jackson's Team,"Dec 4, 3:35 pm",2020
add,Trey Burton,27789.0,Free Agent,5,D Hop,"Dec 4, 1:59 pm",2020
drop,Cardinals,,To Waivers,5,D Hop,"Dec 4, 1:59 pm",2020
add,Henry Ruggs III,32682.0,Free Agent,3,Jackson's Team,"Dec 4, 12:28 pm",2020
drop,Jason Myers,28378.0,To Waivers,3,Jackson's Team,"Dec 4, 12:28 pm",2020
add,Vikings,,Waiver,2,Brokaw's Bums,"Dec 4, 3:46 am",2020
drop,Browns,,To Waivers,2,Brokaw's Bums,"Dec 4, 3:46 am",2020
add,Cam Akers,32722.0,Waiver,2,Brokaw's Bums,"Dec 4, 3:46 am",2020
drop,Jamison Crowder,28493.0,To Waivers,2,Brokaw's Bums,"Dec 4, 3:46 am",2020
add,Hollywood Brown,31857.0,Waiver,3,Jackson's Team,"Dec 4, 3:46 am",2020
drop,Giants,,To Waivers,3,Jackson's Team,"Dec 4, 3:46 am",2020
add,Devontae Booker,29370.0,Waiver,5,D Hop,"Dec 4, 3:46 am",2020
drop,Mike Williams,30120.0,To Waivers,5,D Hop,"Dec 4, 3:46 am",2020
add,Deebo Samuel Sr.,31868.0,Waiver,10,The Cousin Lovers,"Dec 4, 3:46 am",2020
drop,Colts,,To Waivers,10,The Cousin Lovers,"Dec 4, 3:46 am",2020
drop,Jordan Wilkins,31139.0,To Waivers,5,D Hop,"Dec 3, 7:34 am",2020
drop,James White,27658.0,To Waivers,2,Brokaw's Bums,"Dec 2, 9:27 pm",2020
add,Jason Myers,28378.0,Free Agent,3,Jackson's Team,"Nov 30, 6:40 pm",2020
drop,Kalen Ballage,31100.0,To Waivers,3,Jackson's Team,"Nov 30, 6:40 pm",2020
drop,Kendall Hinton,32929.0,To Waivers,2,Brokaw's Bums,"Nov 30, 11:36 am",2020
add,Dallas Goedert,31019.0,Free Agent,10,The Cousin Lovers,"Nov 29, 12:39 pm",2020
add,Kendall Hinton,32929.0,Free Agent,2,Brokaw's Bums,"Nov 29, 11:58 am",2020
drop,Royce Freeman,31041.0,To Waivers,2,Brokaw's Bums,"Nov 29, 11:58 am",2020
add,Mike Gesicki,31012.0,Free Agent,3,Jackson's Team,"Nov 29, 11:14 am",2020
add,Frank Gore,7241.0,Free Agent,7,Starting Defense,"Nov 29, 10:51 am",2020
drop,Jimmy Graham,24070.0,To Waivers,7,Starting Defense,"Nov 29, 10:51 am",2020
add,Raiders,,Free Agent,9,The Roethlisberger's,"Nov 29, 9:26 am",2020
drop,Christian Kirk,31017.0,To Waivers,9,The Roethlisberger's,"Nov 29, 9:26 am",2020
add,Royce Freeman,31041.0,Free Agent,2,Brokaw's Bums,"Nov 28, 5:22 pm",2020
drop,Gus Edwards,31424.0,To Waivers,2,Brokaw's Bums,"Nov 28, 5:22 pm",2020
add,Jordan Wilkins,31139.0,Free Agent,5,D Hop,"Nov 28, 11:35 am",2020
add,Brian Hill,30269.0,Free Agent,4,Joe Buck Yourself,"Nov 27, 3:48 pm",2020
drop,Le'Veon Bell,26671.0,To Waivers,4,Joe Buck Yourself,"Nov 27, 3:48 pm",2020
add,Michael Pittman Jr.,32704.0,Free Agent,10,The Cousin Lovers,"Nov 27, 1:41 pm",2020
drop,Jordan Reed,26708.0,To Waivers,10,The Cousin Lovers,"Nov 27, 1:41 pm",2020
drop,Deebo Samuel Sr.,31868.0,To Waivers,10,The Cousin Lovers,"Nov 27, 1:41 pm",2020
add,Rob Gronkowski,24017.0,Waiver,2,Brokaw's Bums,"Nov 27, 2:25 am",2020
drop,J.D. McKissic,29650.0,To Waivers,2,Brokaw's Bums,"Nov 27, 2:25 am",2020
add,Tyler Bass,32858.0,Free Agent,9,The Roethlisberger's,"Nov 27, 12:34 am",2020
drop,Chris Boswell,28188.0,To Waivers,9,The Roethlisberger's,"Nov 27, 12:34 am",2020
add,Latavius Murray,26804.0,Free Agent,6,Lambeau Leapers,"Nov 26, 8:01 pm",2020
add,J.K. Dobbins,32725.0,Free Agent,9,The Roethlisberger's,"Nov 25, 4:28 pm",2020
drop,Joe Burrow,32671.0,To Waivers,9,The Roethlisberger's,"Nov 25, 4:28 pm",2020
add,Jason Sanders,31199.0,Free Agent,5,D Hop,"Nov 25, 3:46 pm",2020
drop,Ryan Succop,9520.0,To Waivers,5,D Hop,"Nov 25, 3:46 pm",2020
add,Packers,,Free Agent,4,Joe Buck Yourself,"Nov 25, 3:38 pm",2020
drop,Patriots,,To Waivers,4,Joe Buck Yourself,"Nov 25, 3:38 pm",2020
add,Curtis Samuel,30153.0,Free Agent,4,Joe Buck Yourself,"Nov 25, 3:38 pm",2020
drop,JaMycal Hasty,33199.0,To Waivers,4,Joe Buck Yourself,"Nov 25, 3:38 pm",2020
add,Nelson Agholor,28408.0,Free Agent,3,Jackson's Team,"Nov 25, 3:37 pm",2020
add,Bills,,Free Agent,1,Hingle McCringlebery,"Nov 25, 11:49 am",2020
drop,Vikings,,To Waivers,1,Hingle McCringlebery,"Nov 25, 11:49 am",2020
add,James White,27658.0,Waiver,2,Brokaw's Bums,"Nov 25, 3:28 am",2020
add,Gus Edwards,31424.0,Waiver,2,Brokaw's Bums,"Nov 25, 3:28 am",2020
drop,Salvon Ahmed,33265.0,To Waivers,2,Brokaw's Bums,"Nov 25, 3:28 am",2020
add,Giants,,Waiver,3,Jackson's Team,"Nov 25, 3:28 am",2020
drop,Rob Gronkowski,24017.0,To Waivers,3,Jackson's Team,"Nov 25, 3:28 am",2020
drop,Hollywood Brown,31857.0,To Waivers,5,D Hop,"Nov 24, 11:41 am",2020
drop,Logan Thomas,27648.0,To Waivers,8,Talladega Knights,"Nov 24, 10:00 am",2020
drop,Carlos Hyde,27585.0,To Waivers,1,Hingle McCringlebery,"Nov 24, 9:14 am",2020
add,Carson Wentz,29236.0,Free Agent,4,Joe Buck Yourself,"Nov 22, 11:09 am",2020
drop,Teddy Bridgewater,27560.0,To Waivers,4,Joe Buck Yourself,"Nov 22, 11:09 am",2020
add,Commanders,,Free Agent,7,Starting Defense,"Nov 21, 9:34 am",2020
drop,Giants,,To Waivers,7,Starting Defense,"Nov 21, 9:34 am",2020
add,Joe Burrow,32671.0,Free Agent,9,The Roethlisberger's,"Nov 20, 12:21 pm",2020
drop,Jameis Winston,28389.0,To Waivers,9,The Roethlisberger's,"Nov 20, 12:21 pm",2020
add,Carlos Hyde,27585.0,Free Agent,1,Hingle McCringlebery,"Nov 19, 6:07 pm",2020
add,Patriots,,Free Agent,4,Joe Buck Yourself,"Nov 18, 8:27 am",2020
drop,Packers,,To Waivers,4,Joe Buck Yourself,"Nov 18, 8:27 am",2020
add,Teddy Bridgewater,27560.0,Free Agent,4,Joe Buck Yourself,"Nov 18, 8:26 am",2020
drop,Drew Brees,5479.0,To Waivers,4,Joe Buck Yourself,"Nov 18, 8:26 am",2020
add,Nyheim Miller-Hines,31074.0,Free Agent,3,Jackson's Team,"Nov 18, 7:04 am",2020
add,Chiefs,,Free Agent,6,Lambeau Leapers,"Nov 18, 7:03 am",2020
drop,Lions,,To Waivers,6,Lambeau Leapers,"Nov 18, 7:03 am",2020
drop,Latavius Murray,26804.0,To Waivers,6,Lambeau Leapers,"Nov 18, 7:02 am",2020
add,Browns,,Free Agent,2,Brokaw's Bums,"Nov 18, 6:32 am",2020
drop,Eagles,,To Waivers,2,Brokaw's Bums,"Nov 18, 6:32 am",2020
add,Rams,,Waiver,8,Talladega Knights,"Nov 18, 3:47 am",2020
drop,Jason Sanders,31199.0,To Waivers,8,Talladega Knights,"Nov 18, 3:47 am",2020
add,Salvon Ahmed,33265.0,Waiver,2,Brokaw's Bums,"Nov 18, 3:47 am",2020
drop,Michael Gallup,31051.0,To Waivers,2,Brokaw's Bums,"Nov 18, 3:47 am",2020
add,Damien Harris,31919.0,Waiver,5,D Hop,"Nov 18, 3:47 am",2020
add,Logan Thomas,27648.0,Waiver,8,Talladega Knights,"Nov 18, 3:47 am",2020
drop,Henry Ruggs III,32682.0,To Waivers,8,Talladega Knights,"Nov 18, 3:47 am",2020
add,Jameis Winston,28389.0,Waiver,9,The Roethlisberger's,"Nov 18, 3:47 am",2020
drop,Jerick McKinnon,27624.0,To Waivers,9,The Roethlisberger's,"Nov 18, 3:47 am",2020
add,Jakobi Meyers,32231.0,Waiver,3,Jackson's Team,"Nov 18, 3:47 am",2020
drop,Jared Goff,29235.0,To Waivers,5,D Hop,"Nov 17, 7:48 am",2020
drop,Cole Beasley,26060.0,To Waivers,4,Joe Buck Yourself,"Nov 17, 7:42 am",2020
drop,Zack Moss,32756.0,To Waivers,3,Jackson's Team,"Nov 17, 7:41 am",2020
drop,Joshua Kelley,32782.0,To Waivers,3,Jackson's Team,"Nov 16, 7:37 am",2020
drop,DeeJay Dallas,32814.0,To Waivers,1,Hingle McCringlebery,"Nov 15, 3:55 pm",2020
add,Latavius Murray,26804.0,Free Agent,6,Lambeau Leapers,"Nov 15, 11:32 am",2020
add,Alexander Mattison,31934.0,Free Agent,6,Lambeau Leapers,"Nov 15, 11:30 am",2020
add,Austin Hooper,29315.0,Free Agent,10,The Cousin Lovers,"Nov 15, 10:45 am",2020
drop,Logan Thomas,27648.0,To Waivers,10,The Cousin Lovers,"Nov 15, 10:45 am",2020
add,DeeJay Dallas,32814.0,Free Agent,1,Hingle McCringlebery,"Nov 14, 3:27 pm",2020
drop,Dak Prescott,29369.0,To Waivers,1,Hingle McCringlebery,"Nov 14, 3:23 pm",2020
add,Jerick McKinnon,27624.0,Free Agent,9,The Roethlisberger's,"Nov 14, 3:12 pm",2020
add,Wayne Gallman,30253.0,Free Agent,1,Hingle McCringlebery,"Nov 13, 2:09 pm",2020
drop,Joe Burrow,32671.0,To Waivers,5,D Hop,"Nov 13, 11:28 am",2020
add,Joey Slye,32384.0,Free Agent,7,Starting Defense,"Nov 12, 7:43 pm",2020
drop,La'Mical Perine,32790.0,To Waivers,7,Starting Defense,"Nov 12, 7:43 pm",2020
add,Drew Brees,5479.0,Free Agent,4,Joe Buck Yourself,"Nov 12, 7:07 pm",2020
drop,Rams,,To Waivers,4,Joe Buck Yourself,"Nov 12, 7:07 pm",2020
add,Duke Johnson,28465.0,Free Agent,8,Talladega Knights,"Nov 11, 10:42 pm",2020
drop,Justin Jackson,31221.0,To Waivers,8,Talladega Knights,"Nov 11, 10:42 pm",2020
add,Jason Sanders,31199.0,Free Agent,8,Talladega Knights,"Nov 11, 8:13 am",2020
add,Kalen Ballage,31100.0,Free Agent,3,Jackson's Team,"Nov 11, 7:30 am",2020
drop,Curtis Samuel,30153.0,To Free Agent,3,Jackson's Team,"Nov 11, 7:30 am",2020
add,Curtis Samuel,30153.0,Free Agent,3,Jackson's Team,"Nov 11, 7:29 am",2020
add,Vikings,,Free Agent,1,Hingle McCringlebery,"Nov 11, 7:16 am",2020
drop,Commanders,,To Waivers,1,Hingle McCringlebery,"Nov 11, 7:16 am",2020
add,Lions,,Free Agent,6,Lambeau Leapers,"Nov 11, 7:03 am",2020
drop,Chiefs,,To Waivers,6,Lambeau Leapers,"Nov 11, 7:03 am",2020
add,Saints,,Free Agent,5,D Hop,"Nov 11, 7:01 am",2020
drop,Patriots,,To Waivers,5,D Hop,"Nov 11, 7:01 am",2020
add,Jared Goff,29235.0,Free Agent,5,D Hop,"Nov 11, 6:59 am",2020
add,Eagles,,Free Agent,2,Brokaw's Bums,"Nov 11, 6:08 am",2020
drop,Titans,,To Waivers,2,Brokaw's Bums,"Nov 11, 6:08 am",2020
add,J.D. McKissic,29650.0,Waiver,2,Brokaw's Bums,"Nov 11, 5:14 am",2020
drop,Carson Wentz,29236.0,To Waivers,2,Brokaw's Bums,"Nov 11, 5:14 am",2020
add,Allen Lazard,31268.0,Waiver,6,Lambeau Leapers,"Nov 11, 5:14 am",2020
drop,Jeff Wilson Jr.,31394.0,To Waivers,6,Lambeau Leapers,"Nov 11, 5:14 am",2020
drop,Damien Harris,31919.0,To Waivers,8,Talladega Knights,"Nov 10, 10:53 pm",2020
drop,Devin Singletary,31906.0,To Waivers,3,Jackson's Team,"Nov 10, 8:26 am",2020
drop,DeeJay Dallas,32814.0,To Waivers,1,Hingle McCringlebery,"Nov 10, 8:20 am",2020
drop,Kirk Cousins,25812.0,To Waivers,9,The Roethlisberger's,"Nov 7, 8:32 am",2020
drop,Allen Lazard,31268.0,To Waivers,8,Talladega Knights,"Nov 6, 8:15 am",2020
add,Giants,,Free Agent,7,Starting Defense,"Nov 5, 11:18 am",2020
drop,Eagles,,To Waivers,7,Starting Defense,"Nov 5, 11:18 am",2020
add,Cam Newton,24788.0,Free Agent,1,Hingle McCringlebery,"Nov 5, 10:51 am",2020
add,Dolphins,,Free Agent,10,The Cousin Lovers,"Nov 5, 10:49 am",2020
add,Jordan Reed,26708.0,Free Agent,10,The Cousin Lovers,"Nov 5, 8:23 am",2020
drop,Derek Carr,27564.0,To Waivers,10,The Cousin Lovers,"Nov 5, 8:23 am",2020
add,Chris Boswell,28188.0,Free Agent,9,The Roethlisberger's,"Nov 4, 4:07 pm",2020
drop,Greg Zuerlein,25881.0,To Waivers,9,The Roethlisberger's,"Nov 4, 4:07 pm",2020
add,Matt Prater,8565.0,Free Agent,4,Joe Buck Yourself,"Nov 4, 11:53 am",2020
drop,Randy Bullock,25871.0,To Waivers,4,Joe Buck Yourself,"Nov 4, 11:53 am",2020
add,Packers,,Free Agent,4,Joe Buck Yourself,"Nov 4, 11:53 am",2020
drop,Boston Scott,31171.0,To Waivers,4,Joe Buck Yourself,"Nov 4, 11:53 am",2020
add,Mike Williams,30120.0,Free Agent,5,D Hop,"Nov 4, 10:18 am",2020
drop,Kendrick Bourne,30551.0,To Free Agent,5,D Hop,"Nov 4, 10:18 am",2020
add,Kendrick Bourne,30551.0,Free Agent,5,D Hop,"Nov 4, 8:38 am",2020
drop,James White,27658.0,To Waivers,5,D Hop,"Nov 4, 8:38 am",2020
add,Titans,,Free Agent,2,Brokaw's Bums,"Nov 4, 6:25 am",2020
drop,Saints,,To Waivers,2,Brokaw's Bums,"Nov 4, 6:25 am",2020
add,James White,27658.0,Waiver,5,D Hop,"Nov 4, 4:06 am",2020
drop,Dallas Goedert,31019.0,To Waivers,5,D Hop,"Nov 4, 4:06 am",2020
add,Marvin Jones Jr.,25876.0,Waiver,10,The Cousin Lovers,"Nov 4, 4:06 am",2020
add,Cardinals,,Waiver,5,D Hop,"Nov 4, 4:06 am",2020
drop,Bills,,To Waivers,5,D Hop,"Nov 4, 4:06 am",2020
add,Eric Ebron,27538.0,Waiver,2,Brokaw's Bums,"Nov 4, 4:06 am",2020
drop,Tyler Higbee,29344.0,To Waivers,2,Brokaw's Bums,"Nov 4, 4:06 am",2020
add,Corey Davis,30118.0,Waiver,1,Hingle McCringlebery,"Nov 4, 4:06 am",2020
drop,Buccaneers,,To Waivers,1,Hingle McCringlebery,"Nov 4, 4:06 am",2020
add,Justin Jackson,31221.0,Waiver,8,Talladega Knights,"Nov 4, 4:06 am",2020
add,Logan Thomas,27648.0,Free Agent,10,The Cousin Lovers,"Nov 2, 3:02 pm",2020
drop,Nelson Agholor,28408.0,To Waivers,10,The Cousin Lovers,"Nov 2, 3:02 pm",2020
add,Commanders,,Free Agent,1,Hingle McCringlebery,"Nov 2, 2:09 pm",2020
drop,Tua Tagovailoa,32675.0,To Waivers,1,Hingle McCringlebery,"Nov 1, 4:11 pm",2020
add,DeeJay Dallas,32814.0,Free Agent,1,Hingle McCringlebery,"Nov 1, 2:29 pm",2020
add,Saints,,Free Agent,2,Brokaw's Bums,"Nov 1, 12:09 pm",2020
drop,Bears,,To Waivers,2,Brokaw's Bums,"Nov 1, 12:09 pm",2020
add,Dallas Goedert,31019.0,Free Agent,5,D Hop,"Nov 1, 10:49 am",2020
drop,A.J. Green,24791.0,To Waivers,5,D Hop,"Nov 1, 10:49 am",2020
drop,Carlos Hyde,27585.0,To Waivers,1,Hingle McCringlebery,"Oct 31, 10:43 am",2020
add,Buccaneers,,Free Agent,1,Hingle McCringlebery,"Oct 30, 8:10 am",2020
add,La'Mical Perine,32790.0,Free Agent,7,Starting Defense,"Oct 29, 8:59 am",2020
drop,Mark Ingram II,24815.0,To Waivers,7,Starting Defense,"Oct 29, 8:59 am",2020
add,Joe Burrow,32671.0,Free Agent,5,D Hop,"Oct 28, 7:07 pm",2020
drop,Rashard Higgins,29406.0,To Waivers,5,D Hop,"Oct 28, 7:07 pm",2020
drop,Browns,,To Waivers,1,Hingle McCringlebery,"Oct 28, 4:43 pm",2020
add,Zack Moss,32756.0,Free Agent,4,Joe Buck Yourself,"Oct 28, 7:49 am",2020
drop,Matthew Stafford,9265.0,To Waivers,4,Joe Buck Yourself,"Oct 28, 7:49 am",2020
add,Cole Beasley,26060.0,Free Agent,3,Jackson's Team,"Oct 28, 7:17 am",2020
drop,Matt Prater,8565.0,To Waivers,3,Jackson's Team,"Oct 28, 7:17 am",2020
add,Brandon Aiyuk,32695.0,Free Agent,1,Hingle McCringlebery,"Oct 28, 7:07 am",2020
drop,Justin Jackson,31221.0,To Waivers,1,Hingle McCringlebery,"Oct 28, 7:07 am",2020
add,Brandon McManus,27120.0,Free Agent,2,Brokaw's Bums,"Oct 28, 6:01 am",2020
drop,Zane Gonzalez,30337.0,To Waivers,2,Brokaw's Bums,"Oct 28, 6:01 am",2020
add,Ryan Succop,9520.0,Free Agent,5,D Hop,"Oct 28, 5:36 am",2020
drop,Graham Gano,9526.0,To Waivers,5,D Hop,"Oct 28, 5:36 am",2020
add,Nelson Agholor,28408.0,Waiver,10,The Cousin Lovers,"Oct 28, 4:05 am",2020
drop,Buccaneers,,To Waivers,10,The Cousin Lovers,"Oct 28, 4:05 am",2020
add,Jeff Wilson Jr.,31394.0,Waiver,6,Lambeau Leapers,"Oct 28, 4:05 am",2020
drop,Jerick McKinnon,27624.0,To Waivers,6,Lambeau Leapers,"Oct 28, 4:05 am",2020
add,Rashard Higgins,29406.0,Waiver,5,D Hop,"Oct 28, 4:05 am",2020
drop,Dalton Schultz,31107.0,To Waivers,5,D Hop,"Oct 28, 4:05 am",2020
add,JaMycal Hasty,33199.0,Waiver,4,Joe Buck Yourself,"Oct 28, 4:05 am",2020
drop,Odell Beckham Jr.,27540.0,To Waivers,4,Joe Buck Yourself,"Oct 28, 4:05 am",2020
add,Derek Carr,27564.0,Waiver,10,The Cousin Lovers,"Oct 28, 4:05 am",2020
drop,Cam Newton,24788.0,To Waivers,10,The Cousin Lovers,"Oct 28, 4:05 am",2020
add,Sterling Shepard,29274.0,Waiver,6,Lambeau Leapers,"Oct 28, 4:05 am",2020
drop,Tony Pollard,31960.0,To Waivers,6,Lambeau Leapers,"Oct 28, 4:05 am",2020
add,Leonard Fournette,30117.0,Waiver,5,D Hop,"Oct 28, 4:05 am",2020
drop,Andy Dalton,24822.0,To Waivers,5,D Hop,"Oct 28, 4:05 am",2020
add,Carson Wentz,29236.0,Waiver,2,Brokaw's Bums,"Oct 28, 4:05 am",2020
drop,Darren Fells,26612.0,To Waivers,2,Brokaw's Bums,"Oct 28, 4:05 am",2020
add,Carlos Hyde,27585.0,Waiver,1,Hingle McCringlebery,"Oct 28, 4:05 am",2020
drop,Phillip Lindsay,31379.0,To Waivers,1,Hingle McCringlebery,"Oct 28, 4:05 am",2020
drop,Zach Ertz,26658.0,To Waivers,10,The Cousin Lovers,"Oct 27, 3:18 pm",2020
add,Darren Fells,26612.0,Free Agent,2,Brokaw's Bums,"Oct 25, 9:35 am",2020
drop,Joe Burrow,32671.0,To Waivers,2,Brokaw's Bums,"Oct 25, 9:35 am",2020
add,Greg Zuerlein,25881.0,Free Agent,9,The Roethlisberger's,"Oct 23, 2:54 pm",2020
drop,Stephen Gostkowski,7867.0,To Waivers,9,The Roethlisberger's,"Oct 23, 2:54 pm",2020
add,Christian Kirk,31017.0,Free Agent,9,The Roethlisberger's,"Oct 23, 2:53 pm",2020
drop,Derek Carr,27564.0,To Waivers,9,The Roethlisberger's,"Oct 23, 2:53 pm",2020
add,Giovani Bernard,26660.0,Free Agent,3,Jackson's Team,"Oct 23, 11:14 am",2020
drop,Mike Williams,30120.0,To Waivers,3,Jackson's Team,"Oct 23, 11:14 am",2020
add,A.J. Green,24791.0,Free Agent,5,D Hop,"Oct 23, 10:43 am",2020
drop,James White,27658.0,To Waivers,5,D Hop,"Oct 23, 10:43 am",2020
add,Rams,,Free Agent,4,Joe Buck Yourself,"Oct 23, 10:16 am",2020
drop,Saints,,To Waivers,4,Joe Buck Yourself,"Oct 23, 10:16 am",2020
add,Tom Brady,5228.0,Free Agent,1,Hingle McCringlebery,"Oct 23, 7:03 am",2020
add,Chargers,,Waiver,8,Talladega Knights,"Oct 23, 2:30 am",2020
drop,Packers,,To Waivers,8,Talladega Knights,"Oct 23, 2:30 am",2020
add,Matthew Stafford,9265.0,Waiver,4,Joe Buck Yourself,"Oct 23, 2:30 am",2020
drop,Gardner Minshew II,32010.0,To Waivers,4,Joe Buck Yourself,"Oct 23, 2:30 am",2020
drop,Daniel Jones,31838.0,To Waivers,1,Hingle McCringlebery,"Oct 22, 7:26 pm",2020
add,Saints,,Free Agent,4,Joe Buck Yourself,"Oct 22, 6:40 pm",2020
drop,Giants,,To Waivers,4,Joe Buck Yourself,"Oct 22, 6:40 pm",2020
add,Mike Williams,30120.0,Free Agent,3,Jackson's Team,"Oct 21, 9:08 pm",2020
drop,Mike Gesicki,31012.0,To Waivers,3,Jackson's Team,"Oct 21, 9:03 pm",2020
drop,Drew Lock,31874.0,To Waivers,8,Talladega Knights,"Oct 21, 8:21 pm",2020
drop,Matthew Stafford,9265.0,To Waivers,8,Talladega Knights,"Oct 21, 8:21 pm",2020
add,James White,27658.0,Free Agent,5,D Hop,"Oct 21, 5:56 pm",2020
drop,Mike Williams,30120.0,To Free Agent,5,D Hop,"Oct 21, 5:56 pm",2020
add,Mike Williams,30120.0,Free Agent,5,D Hop,"Oct 21, 5:55 pm",2020
drop,Drew Brees,5479.0,To Waivers,5,D Hop,"Oct 21, 5:55 pm",2020
add,Matt Prater,8565.0,Free Agent,3,Jackson's Team,"Oct 21, 4:50 pm",2020
drop,Tom Brady,5228.0,To Waivers,3,Jackson's Team,"Oct 21, 4:50 pm",2020
add,Rob Gronkowski,24017.0,Free Agent,3,Jackson's Team,"Oct 21, 4:45 pm",2020
drop,Jared Goff,29235.0,To Waivers,3,Jackson's Team,"Oct 21, 4:45 pm",2020
add,Antonio Brown,24171.0,Free Agent,3,Jackson's Team,"Oct 21, 4:10 pm",2020
drop,Matt Prater,8565.0,To Free Agent,3,Jackson's Team,"Oct 21, 4:10 pm",2020
add,Eagles,,Free Agent,7,Starting Defense,"Oct 21, 1:00 pm",2020
drop,Rams,,To Waivers,7,Starting Defense,"Oct 21, 1:00 pm",2020
add,Graham Gano,9526.0,Free Agent,5,D Hop,"Oct 21, 10:37 am",2020
drop,Joey Slye,32384.0,To Waivers,5,D Hop,"Oct 21, 10:37 am",2020
add,Randy Bullock,25871.0,Free Agent,4,Joe Buck Yourself,"Oct 21, 8:46 am",2020
drop,Greg Zuerlein,25881.0,To Waivers,4,Joe Buck Yourself,"Oct 21, 8:46 am",2020
add,Boston Scott,31171.0,Free Agent,4,Joe Buck Yourself,"Oct 21, 8:46 am",2020
drop,Julian Edelman,9496.0,To Waivers,4,Joe Buck Yourself,"Oct 21, 8:46 am",2020
add,Tony Pollard,31960.0,Free Agent,6,Lambeau Leapers,"Oct 21, 7:08 am",2020
drop,Teddy Bridgewater,27560.0,To Waivers,6,Lambeau Leapers,"Oct 21, 7:08 am",2020
add,Jamaal Williams,30247.0,Free Agent,6,Lambeau Leapers,"Oct 21, 7:07 am",2020
drop,Carson Wentz,29236.0,To Waivers,6,Lambeau Leapers,"Oct 21, 7:07 am",2020
add,Browns,,Free Agent,1,Hingle McCringlebery,"Oct 21, 7:03 am",2020
drop,Dolphins,,To Waivers,1,Hingle McCringlebery,"Oct 21, 7:03 am",2020
add,Daniel Carlson,31137.0,Free Agent,1,Hingle McCringlebery,"Oct 21, 7:02 am",2020
drop,Jason Sanders,31199.0,To Waivers,1,Hingle McCringlebery,"Oct 21, 7:02 am",2020
add,Tua Tagovailoa,32675.0,Free Agent,1,Hingle McCringlebery,"Oct 21, 7:02 am",2020
drop,Adrian Peterson,8261.0,To Waivers,1,Hingle McCringlebery,"Oct 21, 7:02 am",2020
add,Matt Prater,8565.0,Free Agent,3,Jackson's Team,"Oct 21, 6:55 am",2020
drop,Alexander Mattison,31934.0,To Waivers,3,Jackson's Team,"Oct 21, 6:53 am",2020
add,Tee Higgins,32703.0,Free Agent,5,D Hop,"Oct 21, 6:52 am",2020
drop,Chargers,,To Waivers,5,D Hop,"Oct 21, 6:52 am",2020
add,Younghoe Koo,30426.0,Waiver,8,Talladega Knights,"Oct 21, 3:53 am",2020
drop,Ka'imi Fairbairn,29792.0,To Waivers,8,Talladega Knights,"Oct 21, 3:53 am",2020
add,D'Andre Swift,32705.0,Waiver,9,The Roethlisberger's,"Oct 21, 3:53 am",2020
drop,T.Y. Hilton,25802.0,To Waivers,9,The Roethlisberger's,"Oct 21, 3:53 am",2020
add,Buccaneers,,Waiver,10,The Cousin Lovers,"Oct 21, 3:53 am",2020
drop,Ryan Fitzpatrick,7426.0,To Waivers,10,The Cousin Lovers,"Oct 21, 3:53 am",2020
add,Daniel Jones,31838.0,Free Agent,1,Hingle McCringlebery,"Oct 17, 1:18 pm",2020
add,Tom Brady,5228.0,Waiver,3,Jackson's Team,"Oct 17, 2:29 am",2020
drop,Tee Higgins,32703.0,To Waivers,3,Jackson's Team,"Oct 17, 2:29 am",2020
add,Teddy Bridgewater,27560.0,Waiver,6,Lambeau Leapers,"Oct 17, 2:29 am",2020
drop,Ryan Succop,9520.0,To Waivers,6,Lambeau Leapers,"Oct 17, 2:29 am",2020
add,Adrian Peterson,8261.0,Free Agent,1,Hingle McCringlebery,"Oct 15, 11:57 pm",2020
drop,Frank Gore,7241.0,To Free Agent,1,Hingle McCringlebery,"Oct 15, 11:57 pm",2020
add,Frank Gore,7241.0,Free Agent,1,Hingle McCringlebery,"Oct 15, 10:08 pm",2020
drop,Antonio Brown,24171.0,To Waivers,1,Hingle McCringlebery,"Oct 15, 10:08 pm",2020
add,T.Y. Hilton,25802.0,Free Agent,9,The Roethlisberger's,"Oct 15, 2:27 pm",2020
drop,Anthony Miller,31021.0,To Waivers,9,The Roethlisberger's,"Oct 15, 2:27 pm",2020
add,Drew Lock,31874.0,Free Agent,8,Talladega Knights,"Oct 15, 12:12 pm",2020
drop,Robbie Gould,7520.0,To Waivers,8,Talladega Knights,"Oct 15, 12:12 pm",2020
add,Giants,,Free Agent,4,Joe Buck Yourself,"Oct 15, 10:37 am",2020
drop,Buccaneers,,To Waivers,4,Joe Buck Yourself,"Oct 15, 10:37 am",2020
add,Mike Gesicki,31012.0,Free Agent,4,Joe Buck Yourself,"Oct 15, 8:34 am",2020
drop,Tom Brady,5228.0,To Waivers,4,Joe Buck Yourself,"Oct 15, 8:34 am",2020
add,Dolphins,,Free Agent,1,Hingle McCringlebery,"Oct 15, 7:15 am",2020
drop,Daniel Carlson,31137.0,To Waivers,1,Hingle McCringlebery,"Oct 15, 7:15 am",2020
add,Jason Sanders,31199.0,Free Agent,1,Hingle McCringlebery,"Oct 15, 7:14 am",2020
add,Brandin Cooks,27548.0,Free Agent,8,Talladega Knights,"Oct 15, 6:56 am",2020
drop,Leonard Fournette,30117.0,To Waivers,8,Talladega Knights,"Oct 15, 6:56 am",2020
add,Andy Dalton,24822.0,Free Agent,5,D Hop,"Oct 15, 6:50 am",2020
drop,Teddy Bridgewater,27560.0,To Waivers,5,D Hop,"Oct 15, 6:50 am",2020
add,Travis Fulgham,32016.0,Free Agent,2,Brokaw's Bums,"Oct 15, 6:08 am",2020
drop,D'Andre Swift,32705.0,To Waivers,2,Brokaw's Bums,"Oct 15, 6:08 am",2020
add,Jared Goff,29235.0,Waiver,3,Jackson's Team,"Oct 15, 5:34 am",2020
drop,Marshawn Lynch,8266.0,To Waivers,3,Jackson's Team,"Oct 15, 5:34 am",2020
add,Ka'imi Fairbairn,29792.0,Waiver,8,Talladega Knights,"Oct 15, 5:34 am",2020
add,Baker Mayfield,30971.0,Waiver,7,Starting Defense,"Oct 15, 5:34 am",2020
drop,Brian Hill,30269.0,To Waivers,7,Starting Defense,"Oct 15, 5:34 am",2020
add,Carson Wentz,29236.0,Waiver,6,Lambeau Leapers,"Oct 15, 5:34 am",2020
drop,Latavius Murray,26804.0,To Waivers,6,Lambeau Leapers,"Oct 15, 5:34 am",2020
add,Derek Carr,27564.0,Waiver,9,The Roethlisberger's,"Oct 15, 5:34 am",2020
drop,Jason Myers,28378.0,To Waivers,9,The Roethlisberger's,"Oct 15, 5:34 am",2020
add,Teddy Bridgewater,27560.0,Waiver,5,D Hop,"Oct 15, 5:34 am",2020
drop,Emmanuel Sanders,24057.0,To Waivers,5,D Hop,"Oct 15, 5:34 am",2020
add,Joe Burrow,32671.0,Waiver,2,Brokaw's Bums,"Oct 15, 5:34 am",2020
drop,Zack Moss,32756.0,To Waivers,2,Brokaw's Bums,"Oct 15, 5:34 am",2020
add,Ryan Fitzpatrick,7426.0,Waiver,10,The Cousin Lovers,"Oct 15, 5:34 am",2020
drop,Cole Beasley,26060.0,To Waivers,10,The Cousin Lovers,"Oct 15, 5:34 am",2020
add,Chase Claypool,32719.0,Waiver,4,Joe Buck Yourself,"Oct 15, 5:34 am",2020
drop,A.J. Green,24791.0,To Waivers,4,Joe Buck Yourself,"Oct 15, 5:34 am",2020
add,Alexander Mattison,31934.0,Waiver,3,Jackson's Team,"Oct 15, 5:34 am",2020
drop,James White,27658.0,To Waivers,3,Jackson's Team,"Oct 15, 5:34 am",2020
drop,Sammy Watkins,27532.0,To Waivers,8,Talladega Knights,"Oct 14, 7:27 am",2020
drop,Cardinals,,To Waivers,1,Hingle McCringlebery,"Oct 14, 7:27 am",2020
add,Cole Beasley,26060.0,Free Agent,10,The Cousin Lovers,"Oct 13, 4:48 pm",2020
drop,Saints,,To Waivers,10,The Cousin Lovers,"Oct 13, 4:48 pm",2020
drop,Jalen Reagor,32691.0,To Waivers,10,The Cousin Lovers,"Oct 13, 4:47 pm",2020
drop,Tre'Quan Smith,31061.0,To Waivers,1,Hingle McCringlebery,"Oct 13, 8:41 am",2020
add,Matthew Stafford,9265.0,Free Agent,8,Talladega Knights,"Oct 12, 7:47 pm",2020
add,Emmanuel Sanders,24057.0,Free Agent,5,D Hop,"Oct 12, 6:25 pm",2020
add,Packers,,Free Agent,8,Talladega Knights,"Oct 12, 6:23 pm",2020
drop,D'Ernest Johnson,32608.0,To Waivers,8,Talladega Knights,"Oct 12, 6:22 pm",2020
drop,Alshon Jeffery,25755.0,To Waivers,5,D Hop,"Oct 12, 5:35 pm",2020
drop,Russell Gage Jr.,31164.0,To Waivers,4,Joe Buck Yourself,"Oct 12, 4:32 pm",2020
drop,Mo Alie-Cox,30112.0,To Waivers,8,Talladega Knights,"Oct 12, 6:45 am",2020
add,Ryan Tannehill,25718.0,Free Agent,3,Jackson's Team,"Oct 11, 8:47 pm",2020
drop,Giovani Bernard,26660.0,To Waivers,3,Jackson's Team,"Oct 11, 8:47 pm",2020
add,Tre'Quan Smith,31061.0,Free Agent,1,Hingle McCringlebery,"Oct 11, 2:19 pm",2020
add,Alshon Jeffery,25755.0,Free Agent,5,D Hop,"Oct 9, 9:57 am",2020
drop,Scotty Miller,32040.0,To Waivers,5,D Hop,"Oct 9, 9:55 am",2020
add,Kirk Cousins,25812.0,Free Agent,9,The Roethlisberger's,"Oct 8, 9:16 pm",2020
add,Ryan Succop,9520.0,Free Agent,6,Lambeau Leapers,"Oct 8, 6:25 pm",2020
drop,T.Y. Hilton,25802.0,To Waivers,6,Lambeau Leapers,"Oct 8, 6:25 pm",2020
add,Dalton Schultz,31107.0,Free Agent,5,D Hop,"Oct 8, 6:08 pm",2020
drop,Brandon Aiyuk,32695.0,To Waivers,5,D Hop,"Oct 8, 6:08 pm",2020
add,Justin Herbert,32676.0,Free Agent,3,Jackson's Team,"Oct 8, 3:51 pm",2020
drop,Nyheim Miller-Hines,31074.0,To Waivers,3,Jackson's Team,"Oct 8, 3:51 pm",2020
add,Justin Jackson,31221.0,Free Agent,1,Hingle McCringlebery,"Oct 8, 2:50 pm",2020
drop,DeSean Jackson,8826.0,To Waivers,1,Hingle McCringlebery,"Oct 8, 2:50 pm",2020
add,Marshawn Lynch,8266.0,Free Agent,3,Jackson's Team,"Oct 8, 2:48 pm",2020
add,Phillip Lindsay,31379.0,Free Agent,1,Hingle McCringlebery,"Oct 7, 5:58 pm",2020
drop,Dan Bailey,25427.0,To Waivers,7,Starting Defense,"Oct 7, 3:47 pm",2020
add,Tee Higgins,32703.0,Free Agent,3,Jackson's Team,"Oct 7, 3:31 pm",2020
add,Robert Tonyan,30777.0,Free Agent,9,The Roethlisberger's,"Oct 7, 9:20 am",2020
drop,Packers,,To Waivers,9,The Roethlisberger's,"Oct 7, 9:20 am",2020
add,Gardner Minshew II,32010.0,Free Agent,4,Joe Buck Yourself,"Oct 7, 8:11 am",2020
drop,Jared Goff,29235.0,To Waivers,4,Joe Buck Yourself,"Oct 7, 8:11 am",2020
add,Daniel Carlson,31137.0,Free Agent,1,Hingle McCringlebery,"Oct 7, 7:40 am",2020
drop,Matt Prater,8565.0,To Waivers,1,Hingle McCringlebery,"Oct 7, 7:40 am",2020
add,Cardinals,,Free Agent,1,Hingle McCringlebery,"Oct 7, 7:39 am",2020
drop,Broncos,,To Waivers,1,Hingle McCringlebery,"Oct 7, 7:39 am",2020
add,Chase Edmonds,31104.0,Free Agent,10,The Cousin Lovers,"Oct 7, 7:37 am",2020
drop,Rex Burkhead,26813.0,To Waivers,10,The Cousin Lovers,"Oct 7, 7:37 am",2020
add,Damien Harris,31919.0,Free Agent,8,Talladega Knights,"Oct 7, 7:36 am",2020
drop,Emmanuel Sanders,24057.0,To Waivers,8,Talladega Knights,"Oct 7, 7:36 am",2020
drop,Joe Burrow,32671.0,To Waivers,3,Jackson's Team,"Oct 7, 7:35 am",2020
add,Tom Brady,5228.0,Free Agent,4,Joe Buck Yourself,"Oct 7, 7:31 am",2020
drop,Carlos Hyde,27585.0,To Waivers,4,Joe Buck Yourself,"Oct 7, 7:31 am",2020
add,Chargers,,Free Agent,5,D Hop,"Oct 7, 4:34 am",2020
drop,Marquez Valdes-Scantling,31144.0,To Waivers,5,D Hop,"Oct 7, 4:34 am",2020
add,Scotty Miller,32040.0,Free Agent,5,D Hop,"Oct 7, 4:32 am",2020
drop,Marvin Jones Jr.,25876.0,To Waivers,5,D Hop,"Oct 7, 4:32 am",2020
add,D'Ernest Johnson,32608.0,Waiver,8,Talladega Knights,"Oct 7, 4:02 am",2020
add,Sammy Watkins,27532.0,Free Agent,8,Talladega Knights,"Oct 5, 9:08 am",2020
add,Hayden Hurst,30995.0,Free Agent,6,Lambeau Leapers,"Oct 4, 1:08 pm",2020
drop,Dalton Schultz,31107.0,To Waivers,6,Lambeau Leapers,"Oct 4, 1:08 pm",2020
add,Dan Bailey,25427.0,Free Agent,7,Starting Defense,"Oct 4, 11:28 am",2020
drop,Tom Brady,5228.0,To Waivers,7,Starting Defense,"Oct 4, 11:28 am",2020
add,Dalton Schultz,31107.0,Free Agent,6,Lambeau Leapers,"Oct 3, 6:34 pm",2020
drop,Mike Gesicki,31012.0,To Free Agent,6,Lambeau Leapers,"Oct 3, 6:34 pm",2020
add,Joe Burrow,32671.0,Free Agent,3,Jackson's Team,"Oct 3, 2:52 pm",2020
drop,Preston Williams,32447.0,To Waivers,3,Jackson's Team,"Oct 3, 2:52 pm",2020
add,Mike Gesicki,31012.0,Free Agent,6,Lambeau Leapers,"Oct 3, 11:48 am",2020
drop,Tony Pollard,31960.0,To Waivers,6,Lambeau Leapers,"Oct 3, 11:48 am",2020
add,Giovani Bernard,26660.0,Free Agent,3,Jackson's Team,"Oct 3, 10:24 am",2020
drop,Sammy Watkins,27532.0,To Waivers,3,Jackson's Team,"Oct 3, 10:24 am",2020
add,Jimmy Graham,24070.0,Free Agent,7,Starting Defense,"Oct 1, 9:16 pm",2020
drop,Dion Lewis,24936.0,To Waivers,7,Starting Defense,"Oct 1, 9:16 pm",2020
add,Tony Pollard,31960.0,Free Agent,6,Lambeau Leapers,"Oct 1, 8:33 pm",2020
drop,Corey Davis,30118.0,To Waivers,6,Lambeau Leapers,"Oct 1, 8:33 pm",2020
add,Brian Hill,30269.0,Free Agent,7,Starting Defense,"Oct 1, 8:25 pm",2020
drop,Kerryon Johnson,31013.0,To Waivers,7,Starting Defense,"Oct 1, 8:25 pm",2020
add,Marquez Valdes-Scantling,31144.0,Free Agent,5,D Hop,"Oct 1, 7:38 pm",2020
drop,Golden Tate,24035.0,To Waivers,5,D Hop,"Oct 1, 7:38 pm",2020
add,Packers,,Free Agent,9,The Roethlisberger's,"Oct 1, 2:37 pm",2020
drop,Austin Hooper,29315.0,To Waivers,9,The Roethlisberger's,"Oct 1, 2:37 pm",2020
add,Jason Myers,28378.0,Free Agent,9,The Roethlisberger's,"Oct 1, 2:33 pm",2020
drop,Chris Boswell,28188.0,To Waivers,9,The Roethlisberger's,"Oct 1, 2:33 pm",2020
add,James White,27658.0,Free Agent,3,Jackson's Team,"Oct 1, 9:54 am",2020
drop,N'Keal Harry,31864.0,To Waivers,3,Jackson's Team,"Oct 1, 9:52 am",2020
add,Seahawks,,Free Agent,3,Jackson's Team,"Oct 1, 9:04 am",2020
add,Rex Burkhead,26813.0,Free Agent,10,The Cousin Lovers,"Sep 30, 9:05 am",2020
drop,Sterling Shepard,29274.0,To Waivers,10,The Cousin Lovers,"Sep 30, 9:05 am",2020
add,Broncos,,Free Agent,1,Hingle McCringlebery,"Sep 30, 8:03 am",2020
drop,Commanders,,To Waivers,1,Hingle McCringlebery,"Sep 30, 8:03 am",2020
add,Jared Goff,29235.0,Free Agent,4,Joe Buck Yourself,"Sep 30, 7:57 am",2020
drop,Gardner Minshew II,32010.0,To Waivers,4,Joe Buck Yourself,"Sep 30, 7:57 am",2020
add,Carlos Hyde,27585.0,Free Agent,4,Joe Buck Yourself,"Sep 30, 7:57 am",2020
drop,Mike Gesicki,31012.0,To Waivers,4,Joe Buck Yourself,"Sep 30, 7:57 am",2020
add,Joey Slye,32384.0,Free Agent,5,D Hop,"Sep 30, 7:20 am",2020
drop,Younghoe Koo,30426.0,To Waivers,5,D Hop,"Sep 30, 7:20 am",2020
add,Mo Alie-Cox,30112.0,Waiver,8,Talladega Knights,"Sep 30, 3:59 am",2020
drop,Mike Williams,30120.0,To Waivers,8,Talladega Knights,"Sep 30, 3:59 am",2020
add,Justin Jefferson,32692.0,Waiver,7,Starting Defense,"Sep 30, 3:59 am",2020
add,Latavius Murray,26804.0,Waiver,6,Lambeau Leapers,"Sep 30, 3:59 am",2020
drop,Jaguars,,To Waivers,6,Lambeau Leapers,"Sep 30, 3:59 am",2020
add,Stephen Gostkowski,7867.0,Waiver,9,The Roethlisberger's,"Sep 30, 3:59 am",2020
drop,Jordan Reed,26708.0,To Waivers,9,The Roethlisberger's,"Sep 30, 3:59 am",2020
drop,Keelan Cole Sr.,30396.0,To Waivers,8,Talladega Knights,"Sep 29, 7:27 pm",2020
drop,Chargers,,To Waivers,3,Jackson's Team,"Sep 29, 1:11 pm",2020
drop,J.K. Dobbins,32725.0,To Waivers,1,Hingle McCringlebery,"Sep 29, 9:00 am",2020
drop,Tarik Cohen,30232.0,To Waivers,7,Starting Defense,"Sep 28, 2:02 pm",2020
add,Emmanuel Sanders,24057.0,Free Agent,8,Talladega Knights,"Sep 27, 5:46 pm",2020
add,Antonio Brown,24171.0,Free Agent,1,Hingle McCringlebery,"Sep 25, 4:10 pm",2020
add,Allen Lazard,31268.0,Waiver,8,Talladega Knights,"Sep 25, 2:27 am",2020
drop,Tevin Coleman,28461.0,To Waivers,8,Talladega Knights,"Sep 25, 2:27 am",2020
add,Keelan Cole Sr.,30396.0,Free Agent,8,Talladega Knights,"Sep 24, 5:16 pm",2020
drop,Sony Michel,31001.0,To Waivers,8,Talladega Knights,"Sep 24, 5:16 pm",2020
add,Jordan Reed,26708.0,Free Agent,9,The Roethlisberger's,"Sep 24, 5:08 pm",2020
drop,Scotty Miller,32040.0,To Waivers,9,The Roethlisberger's,"Sep 24, 5:08 pm",2020
add,Myles Gaskin,32066.0,Free Agent,4,Joe Buck Yourself,"Sep 24, 11:24 am",2020
drop,Carson Wentz,29236.0,To Waivers,4,Joe Buck Yourself,"Sep 24, 11:24 am",2020
add,Patriots,,Free Agent,5,D Hop,"Sep 23, 10:43 pm",2020
drop,Benny Snell Jr.,31954.0,To Waivers,5,D Hop,"Sep 23, 10:43 pm",2020
add,Rodrigo Blankenship,33211.0,Free Agent,10,The Cousin Lovers,"Sep 23, 1:59 pm",2020
add,N'Keal Harry,31864.0,Free Agent,3,Jackson's Team,"Sep 23, 9:50 am",2020
drop,Alexander Mattison,31934.0,To Waivers,3,Jackson's Team,"Sep 23, 9:50 am",2020
add,Golden Tate,24035.0,Free Agent,5,D Hop,"Sep 23, 9:33 am",2020
drop,James White,27658.0,To Waivers,5,D Hop,"Sep 23, 9:33 am",2020
add,Chargers,,Free Agent,3,Jackson's Team,"Sep 23, 9:00 am",2020
add,Jaguars,,Free Agent,6,Lambeau Leapers,"Sep 23, 8:29 am",2020
drop,Tony Pollard,31960.0,To Waivers,6,Lambeau Leapers,"Sep 23, 8:29 am",2020
add,Buccaneers,,Free Agent,4,Joe Buck Yourself,"Sep 23, 7:33 am",2020
drop,Cardinals,,To Waivers,4,Joe Buck Yourself,"Sep 23, 7:33 am",2020
add,Mike Gesicki,31012.0,Free Agent,4,Joe Buck Yourself,"Sep 23, 7:29 am",2020
drop,Emmanuel Sanders,24057.0,To Waivers,4,Joe Buck Yourself,"Sep 23, 7:29 am",2020
add,Gardner Minshew II,32010.0,Free Agent,4,Joe Buck Yourself,"Sep 23, 7:28 am",2020
drop,Dallas Goedert,31019.0,To Waivers,4,Joe Buck Yourself,"Sep 23, 7:28 am",2020
add,Brandon Aiyuk,32695.0,Waiver,5,D Hop,"Sep 23, 4:41 am",2020
drop,Seahawks,,To Waivers,5,D Hop,"Sep 23, 4:41 am",2020
add,Younghoe Koo,30426.0,Waiver,5,D Hop,"Sep 23, 4:41 am",2020
drop,Dan Bailey,25427.0,To Waivers,5,D Hop,"Sep 23, 4:41 am",2020
add,Mike Davis,28514.0,Waiver,2,Brokaw's Bums,"Sep 23, 4:41 am",2020
drop,Malcolm Brown,28990.0,To Waivers,2,Brokaw's Bums,"Sep 23, 4:41 am",2020
add,Colts,,Waiver,10,The Cousin Lovers,"Sep 23, 4:41 am",2020
drop,Jordan Howard,29384.0,To Waivers,10,The Cousin Lovers,"Sep 23, 4:41 am",2020
add,Dion Lewis,24936.0,Waiver,7,Starting Defense,"Sep 23, 4:41 am",2020
drop,Saquon Barkley,30972.0,To Waivers,7,Starting Defense,"Sep 23, 4:41 am",2020
add,Jerick McKinnon,27624.0,Waiver,6,Lambeau Leapers,"Sep 23, 4:41 am",2020
drop,Allen Lazard,31268.0,To Waivers,6,Lambeau Leapers,"Sep 23, 4:41 am",2020
add,Devonta Freeman,27631.0,Waiver,1,Hingle McCringlebery,"Sep 23, 4:41 am",2020
drop,Vikings,,To Waivers,1,Hingle McCringlebery,"Sep 23, 4:41 am",2020
add,Darrell Henderson Jr.,31902.0,Waiver,8,Talladega Knights,"Sep 23, 4:41 am",2020
drop,Jack Doyle,27299.0,To Waivers,8,Talladega Knights,"Sep 23, 4:41 am",2020
drop,Cam Akers,32722.0,To Waivers,1,Hingle McCringlebery,"Sep 22, 5:59 pm",2020
drop,Courtland Sutton,31010.0,To Waivers,3,Jackson's Team,"Sep 21, 1:45 pm",2020
add,Seahawks,,Free Agent,5,D Hop,"Sep 20, 6:32 pm",2020
drop,Adrian Peterson,8261.0,To Waivers,5,D Hop,"Sep 20, 6:32 pm",2020
add,Scotty Miller,32040.0,Free Agent,9,The Roethlisberger's,"Sep 19, 10:24 pm",2020
drop,Justin Jefferson,32692.0,To Waivers,9,The Roethlisberger's,"Sep 19, 10:24 pm",2020
add,Rams,,Free Agent,7,Starting Defense,"Sep 19, 7:17 pm",2020
drop,Patriots,,To Waivers,7,Starting Defense,"Sep 19, 7:17 pm",2020
add,DeSean Jackson,8826.0,Free Agent,1,Hingle McCringlebery,"Sep 19, 3:24 pm",2020
add,Adrian Peterson,8261.0,Free Agent,5,D Hop,"Sep 19, 8:53 am",2020
drop,Latavius Murray,26804.0,To Waivers,5,D Hop,"Sep 19, 8:53 am",2020
add,Commanders,,Free Agent,1,Hingle McCringlebery,"Sep 19, 2:04 am",2020
drop,Brandin Cooks,27548.0,To Waivers,1,Hingle McCringlebery,"Sep 19, 2:04 am",2020
add,Corey Davis,30118.0,Free Agent,6,Lambeau Leapers,"Sep 17, 6:02 pm",2020
drop,Rob Gronkowski,24017.0,To Waivers,6,Lambeau Leapers,"Sep 17, 6:02 pm",2020
add,Jonnu Smith,30213.0,Free Agent,10,The Cousin Lovers,"Sep 17, 11:15 am",2020
drop,Adrian Peterson,8261.0,To Waivers,10,The Cousin Lovers,"Sep 17, 11:15 am",2020
add,James Robinson,33138.0,Free Agent,1,Hingle McCringlebery,"Sep 17, 12:31 am",2020
drop,Chase Edmonds,31104.0,To Free Agent,1,Hingle McCringlebery,"Sep 17, 12:31 am",2020
add,Chase Edmonds,31104.0,Free Agent,1,Hingle McCringlebery,"Sep 16, 5:33 pm",2020
drop,Chris Thompson,26777.0,To Waivers,1,Hingle McCringlebery,"Sep 16, 5:33 pm",2020
add,Dan Bailey,25427.0,Free Agent,5,D Hop,"Sep 16, 1:19 pm",2020
drop,Jake Elliott,30266.0,To Waivers,5,D Hop,"Sep 16, 1:19 pm",2020
add,T.J. Hockenson,31840.0,Free Agent,1,Hingle McCringlebery,"Sep 16, 9:59 am",2020
drop,Hayden Hurst,30995.0,To Waivers,1,Hingle McCringlebery,"Sep 16, 9:59 am",2020
add,Russell Gage Jr.,31164.0,Free Agent,4,Joe Buck Yourself,"Sep 16, 8:53 am",2020
drop,Boston Scott,31171.0,To Waivers,4,Joe Buck Yourself,"Sep 16, 8:53 am",2020
add,Dallas Goedert,31019.0,Free Agent,4,Joe Buck Yourself,"Sep 16, 8:52 am",2020
add,Anthony Miller,31021.0,Free Agent,9,The Roethlisberger's,"Sep 16, 8:47 am",2020
drop,Mecole Hardman Jr.,31888.0,To Waivers,9,The Roethlisberger's,"Sep 16, 8:47 am",2020
add,Robbie Chosen,29785.0,Free Agent,9,The Roethlisberger's,"Sep 16, 8:46 am",2020
drop,Marlon Mack,30256.0,To Waivers,9,The Roethlisberger's,"Sep 16, 8:46 am",2020
add,Sammy Watkins,27532.0,Free Agent,3,Jackson's Team,"Sep 16, 6:45 am",2020
drop,Devonta Freeman,27631.0,To Waivers,3,Jackson's Team,"Sep 16, 6:45 am",2020
add,Joshua Kelley,32782.0,Free Agent,3,Jackson's Team,"Sep 16, 6:44 am",2020
drop,Darrel Williams,31500.0,To Waivers,3,Jackson's Team,"Sep 16, 6:44 am",2020
add,Cardinals,,Waiver,4,Joe Buck Yourself,"Sep 16, 4:24 am",2020
drop,Colts,,To Waivers,4,Joe Buck Yourself,"Sep 16, 4:24 am",2020
add,Benny Snell Jr.,31954.0,Waiver,5,D Hop,"Sep 16, 4:24 am",2020
drop,Mike Gesicki,31012.0,To Waivers,5,D Hop,"Sep 16, 4:24 am",2020
add,Nyheim Miller-Hines,31074.0,Waiver,3,Jackson's Team,"Sep 16, 4:24 am",2020
drop,Justin Jackson,31221.0,To Waivers,3,Jackson's Team,"Sep 16, 4:24 am",2020
add,Malcolm Brown,28990.0,Waiver,2,Brokaw's Bums,"Sep 16, 4:24 am",2020
drop,Matt Breida,30552.0,To Waivers,2,Brokaw's Bums,"Sep 16, 4:24 am",2020
add,Alexander Mattison,31934.0,Free Agent,3,Jackson's Team,"Sep 13, 11:09 am",2020
drop,Duke Johnson,28465.0,To Waivers,3,Jackson's Team,"Sep 13, 11:09 am",2020
add,Boston Scott,31171.0,Free Agent,4,Joe Buck Yourself,"Sep 12, 8:46 pm",2020
drop,James Robinson,33138.0,To Waivers,4,Joe Buck Yourself,"Sep 12, 8:46 pm",2020
add,Jalen Reagor,32691.0,Free Agent,10,The Cousin Lovers,"Sep 12, 3:49 pm",2020
add,Mason Crosby,8447.0,Free Agent,6,Lambeau Leapers,"Sep 11, 3:35 pm",2020
drop,Phillip Lindsay,31379.0,To Waivers,6,Lambeau Leapers,"Sep 11, 3:35 pm",2020
add,James Robinson,33138.0,Free Agent,4,Joe Buck Yourself,"Sep 10, 2:35 pm",2020
drop,Matthew Stafford,9265.0,To Waivers,4,Joe Buck Yourself,"Sep 10, 2:35 pm",2020
add,Melvin Gordon III,28403.0,Free Agent Added ( by Commissioner ),2,Brokaw's Bums,"Sep 9, 4:37 pm",2020
drop,Melvin Gordon III,28403.0,To Waivers,2,Brokaw's Bums,"Sep 9, 4:10 pm",2020
add,Tom Brady,5228.0,Free Agent,7,Starting Defense,"Sep 8, 1:27 pm",2020
drop,T.J. Hockenson,31840.0,To Waivers,7,Starting Defense,"Sep 8, 1:27 pm",2020
add,Justin Jackson,31221.0,Free Agent,3,Jackson's Team,"Sep 7, 1:18 pm",2020
drop,Bryce Love,31944.0,To Waivers,3,Jackson's Team,"Sep 7, 1:18 pm",2020
add,Adrian Peterson,8261.0,Waiver,10,The Cousin Lovers,"Sep 7, 2:15 am",2020
drop,Darrell Henderson Jr.,31902.0,To Waivers,10,The Cousin Lovers,"Sep 7, 2:15 am",2020
add,Colts,,Waiver,4,Joe Buck Yourself,"Sep 7, 2:15 am",2020
drop,Damien Williams,28115.0,To Waivers,4,Joe Buck Yourself,"Sep 7, 2:15 am",2020
add,T.Y. Hilton,25802.0,Free Agent,2,Brokaw's Bums,"Jan 2, 9:47 am",2021
drop,Taysom Hill,30614.0,To Free Agent,2,Brokaw's Bums,"Jan 2, 9:47 am",2021
add,Mo Alie-Cox,30112.0,Free Agent,2,Brokaw's Bums,"Jan 2, 9:45 am",2021
drop,Derek Carr,27564.0,To Free Agent,2,Brokaw's Bums,"Jan 2, 9:45 am",2021
add,Trey Lance,33391.0,Free Agent,5,Joe Buck Yourself,"Jan 2, 9:39 am",2021
drop,Jordan Howard,29384.0,To Waivers,5,Joe Buck Yourself,"Jan 2, 9:39 am",2021
add,Taysom Hill,30614.0,Free Agent,2,Brokaw's Bums,"Jan 2, 9:39 am",2021
drop,Myles Gaskin,32066.0,To Waivers,2,Brokaw's Bums,"Jan 2, 9:39 am",2021
add,Derek Carr,27564.0,Free Agent,2,Brokaw's Bums,"Jan 2, 9:38 am",2021
drop,Bears,,To Waivers,2,Brokaw's Bums,"Jan 2, 9:38 am",2021
add,Kenyan Drake,29307.0,Free Agent,5,Joe Buck Yourself,"Jan 2, 9:38 am",2021
drop,Devontae Booker,29370.0,To Waivers,5,Joe Buck Yourself,"Jan 2, 9:38 am",2021
add,Carson Wentz,29236.0,Free Agent,2,Brokaw's Bums,"Jan 2, 9:37 am",2021
drop,Cardinals,,To Waivers,2,Brokaw's Bums,"Jan 2, 9:37 am",2021
add,Rashod Bateman,33415.0,Free Agent,8,Talladega Knights,"Jan 1, 1:57 pm",2021
add,Dare Ogunbowale,30860.0,Free Agent,8,Talladega Knights,"Dec 31, 7:29 am",2021
drop,Ameer Abdullah,28442.0,To Waivers,8,Talladega Knights,"Dec 31, 7:29 am",2021
add,Rhamondre Stevenson,33508.0,Free Agent,8,Talladega Knights,"Dec 31, 7:28 am",2021
add,Jakobi Meyers,32231.0,Free Agent,5,Joe Buck Yourself,"Dec 29, 11:40 am",2021
drop,Dare Ogunbowale,30860.0,To Waivers,5,Joe Buck Yourself,"Dec 29, 11:40 am",2021
drop,David Johnson,28474.0,To Waivers,8,Talladega Knights,"Dec 29, 11:18 am",2021
add,Jordan Howard,29384.0,Waiver,5,Joe Buck Yourself,"Dec 29, 2:17 am",2021
drop,Rhamondre Stevenson,33508.0,To Waivers,5,Joe Buck Yourself,"Dec 29, 2:17 am",2021
add,Boston Scott,31171.0,Waiver,5,Joe Buck Yourself,"Dec 29, 2:17 am",2021
drop,A.J. Green,24791.0,To Waivers,5,Joe Buck Yourself,"Dec 29, 2:17 am",2021
add,Dare Ogunbowale,30860.0,Waiver,5,Joe Buck Yourself,"Dec 29, 2:17 am",2021
drop,Chargers,,To Waivers,5,Joe Buck Yourself,"Dec 29, 2:17 am",2021
add,Rex Burkhead,26813.0,Waiver,5,Joe Buck Yourself,"Dec 29, 2:17 am",2021
drop,Darrell Henderson Jr.,31902.0,To Waivers,5,Joe Buck Yourself,"Dec 29, 2:17 am",2021
add,Darrel Williams,31500.0,Waiver,5,Joe Buck Yourself,"Dec 29, 2:17 am",2021
drop,James Robinson,33138.0,To Waivers,5,Joe Buck Yourself,"Dec 29, 2:17 am",2021
drop,Dolphins,,To Waivers,4,Jackson's Team,"Dec 28, 1:54 pm",2021
drop,Jalen Guyton,32201.0,To Waivers,4,Jackson's Team,"Dec 27, 5:28 pm",2021
drop,Samaje Perine,30227.0,To Waivers,4,Jackson's Team,"Dec 27, 5:28 pm",2021
add,Brett Maher,27369.0,Free Agent,3,Simps Squad,"Dec 26, 1:14 pm",2021
drop,Harrison Butker,30346.0,To Waivers,3,Simps Squad,"Dec 26, 1:14 pm",2021
add,Ameer Abdullah,28442.0,Free Agent,8,Talladega Knights,"Dec 25, 6:21 pm",2021
add,Russell Gage Jr.,31164.0,Free Agent,9,The Cousin Lovers,"Dec 23, 4:34 pm",2021
drop,Darrel Williams,31500.0,To Waivers,9,The Cousin Lovers,"Dec 23, 4:34 pm",2021
drop,Taysom Hill,30614.0,To Waivers,5,Joe Buck Yourself,"Dec 21, 11:54 pm",2021
add,Taysom Hill,30614.0,Free Agent,5,Joe Buck Yourself,"Dec 19, 2:57 pm",2021
drop,Chuba Hubbard,33514.0,To Waivers,5,Joe Buck Yourself,"Dec 19, 2:57 pm",2021
add,K.J. Osborn,32846.0,Free Agent,3,Simps Squad,"Dec 19, 12:40 pm",2021
drop,DeSean Jackson,8826.0,To Waivers,3,Simps Squad,"Dec 19, 12:40 pm",2021
add,Jeff Wilson Jr.,31394.0,Free Agent,9,The Cousin Lovers,"Dec 18, 3:20 pm",2021
drop,Russell Gage Jr.,31164.0,To Waivers,9,The Cousin Lovers,"Dec 18, 3:20 pm",2021
add,David Johnson,28474.0,Free Agent,8,Talladega Knights,"Dec 16, 5:10 pm",2021
drop,T.J. Hockenson,31840.0,To Waivers,8,Talladega Knights,"Dec 16, 5:07 pm",2021
add,Ronald Jones,31008.0,Free Agent,1,Hingle McCringlebery,"Dec 16, 4:48 pm",2021
add,Amon-Ra St. Brown,33500.0,Free Agent,1,Hingle McCringlebery,"Dec 15, 8:08 pm",2021
drop,Tevin Coleman,28461.0,To Waivers,1,Hingle McCringlebery,"Dec 15, 8:08 pm",2021
add,A.J. Green,24791.0,Free Agent,5,Joe Buck Yourself,"Dec 15, 4:53 pm",2021
add,Devontae Booker,29370.0,Free Agent,5,Joe Buck Yourself,"Dec 15, 3:30 pm",2021
drop,Jeff Wilson Jr.,31394.0,To Waivers,9,The Cousin Lovers,"Dec 15, 7:52 am",2021
add,Eagles,,Free Agent,1,Hingle McCringlebery,"Dec 15, 7:22 am",2021
drop,Ravens,,To Waivers,1,Hingle McCringlebery,"Dec 15, 7:22 am",2021
add,Bears,,Waiver,2,Brokaw's Bums,"Dec 15, 3:07 am",2021
drop,Seahawks,,To Waivers,2,Brokaw's Bums,"Dec 15, 3:07 am",2021
add,Justin Jackson,31221.0,Waiver,1,Hingle McCringlebery,"Dec 15, 3:07 am",2021
drop,Matt Breida,30552.0,To Waivers,1,Hingle McCringlebery,"Dec 15, 3:07 am",2021
add,Cowboys,,Waiver,2,Brokaw's Bums,"Dec 15, 3:07 am",2021
drop,Dontrell Hilliard,31457.0,To Waivers,2,Brokaw's Bums,"Dec 15, 3:07 am",2021
add,Rashaad Penny,30997.0,Waiver,1,Hingle McCringlebery,"Dec 15, 3:07 am",2021
drop,Boston Scott,31171.0,To Waivers,1,Hingle McCringlebery,"Dec 15, 3:07 am",2021
add,Cardinals,,Waiver,2,Brokaw's Bums,"Dec 15, 3:07 am",2021
drop,Elijah Moore,33422.0,To Waivers,2,Brokaw's Bums,"Dec 15, 3:07 am",2021
drop,Jamison Crowder,28493.0,To Waivers,5,Joe Buck Yourself,"Dec 14, 8:00 am",2021
drop,Matt Gay,31977.0,To Waivers,5,Joe Buck Yourself,"Dec 14, 8:00 am",2021
drop,Titans,,To Waivers,8,Talladega Knights,"Dec 14, 6:18 am",2021
add,Tyler Higbee,29344.0,Free Agent,7,Starting Defense,"Dec 12, 12:20 pm",2021
drop,Kenyan Drake,29307.0,To Waivers,7,Starting Defense,"Dec 12, 12:20 pm",2021
add,Nick Westbrook-Ikhine,33348.0,Free Agent,10,The Roethlisberger's,"Dec 12, 11:50 am",2021
drop,Corey Davis,30118.0,To Waivers,10,The Roethlisberger's,"Dec 12, 11:50 am",2021
add,Jamison Crowder,28493.0,Free Agent,5,Joe Buck Yourself,"Dec 12, 9:15 am",2021
drop,Devontae Booker,29370.0,To Waivers,5,Joe Buck Yourself,"Dec 12, 9:15 am",2021
add,D'Onta Foreman,30202.0,Waiver,9,The Cousin Lovers,"Dec 11, 2:46 am",2021
add,Jeff Wilson Jr.,31394.0,Free Agent,9,The Cousin Lovers,"Dec 10, 4:26 pm",2021
drop,Khalil Herbert,33605.0,To Waivers,9,The Cousin Lovers,"Dec 10, 4:22 pm",2021
add,Dalton Schultz,31107.0,Free Agent,8,Talladega Knights,"Dec 9, 7:54 pm",2021
drop,Mark Ingram II,24815.0,To Waivers,8,Talladega Knights,"Dec 9, 7:54 pm",2021
add,Devontae Booker,29370.0,Free Agent,5,Joe Buck Yourself,"Dec 9, 6:00 pm",2021
drop,D'Onta Foreman,30202.0,To Waivers,5,Joe Buck Yourself,"Dec 9, 6:00 pm",2021
drop,Matt Prater,8565.0,To Waivers,6,Lambeau Leapers,"Dec 9, 5:47 pm",2021
add,Mason Crosby,8447.0,Free Agent,6,Lambeau Leapers,"Dec 9, 5:46 pm",2021
drop,Carson Wentz,29236.0,To Waivers,6,Lambeau Leapers,"Dec 9, 5:46 pm",2021
add,Nyheim Miller-Hines,31074.0,Free Agent,5,Joe Buck Yourself,"Dec 9, 5:45 pm",2021
drop,Broncos,,To Waivers,5,Joe Buck Yourself,"Dec 9, 5:45 pm",2021
add,Khalil Herbert,33605.0,Free Agent,9,The Cousin Lovers,"Dec 9, 4:30 pm",2021
add,Jalen Guyton,32201.0,Free Agent,4,Jackson's Team,"Dec 9, 2:00 pm",2021
drop,Jakobi Meyers,32231.0,To Waivers,4,Jackson's Team,"Dec 9, 2:00 pm",2021
add,Panthers,,Free Agent,10,The Roethlisberger's,"Dec 9, 12:11 pm",2021
drop,Bears,,To Waivers,10,The Roethlisberger's,"Dec 9, 12:11 pm",2021
add,Seahawks,,Free Agent,2,Brokaw's Bums,"Dec 8, 7:08 pm",2021
drop,Cardinals,,To Waivers,2,Brokaw's Bums,"Dec 8, 7:08 pm",2021
add,Rhamondre Stevenson,33508.0,Free Agent,5,Joe Buck Yourself,"Dec 8, 6:04 pm",2021
drop,Emmanuel Sanders,24057.0,To Waivers,5,Joe Buck Yourself,"Dec 8, 6:04 pm",2021
add,Saints,,Free Agent,4,Jackson's Team,"Dec 8, 9:49 am",2021
add,Matt Gay,31977.0,Waiver,5,Joe Buck Yourself,"Dec 8, 2:20 am",2021
drop,Rashod Bateman,33415.0,To Waivers,5,Joe Buck Yourself,"Dec 8, 2:20 am",2021
add,Packers,,Waiver,9,The Cousin Lovers,"Dec 8, 2:20 am",2021
drop,Eagles,,To Waivers,9,The Cousin Lovers,"Dec 8, 2:20 am",2021
add,Chargers,,Waiver,5,Joe Buck Yourself,"Dec 8, 2:20 am",2021
add,Titans,,Waiver,8,Talladega Knights,"Dec 8, 2:20 am",2021
drop,Marvin Jones Jr.,25876.0,To Waivers,8,Talladega Knights,"Dec 8, 2:20 am",2021
add,Russell Gage Jr.,31164.0,Waiver,9,The Cousin Lovers,"Dec 8, 2:20 am",2021
drop,Tyler Higbee,29344.0,To Waivers,9,The Cousin Lovers,"Dec 8, 2:20 am",2021
drop,Vikings,,To Waivers,5,Joe Buck Yourself,"Dec 7, 10:54 am",2021
add,Courtland Sutton,31010.0,Free Agent,6,Lambeau Leapers,"Dec 5, 11:57 am",2021
drop,Allen Robinson,27589.0,To Waivers,6,Lambeau Leapers,"Dec 5, 11:57 am",2021
add,DeSean Jackson,8826.0,Free Agent,3,Simps Squad,"Dec 4, 12:26 pm",2021
drop,A.J. Green,24791.0,To Waivers,3,Simps Squad,"Dec 4, 12:26 pm",2021
add,Van Jefferson,32727.0,Free Agent,8,Talladega Knights,"Dec 4, 7:54 am",2021
drop,David Johnson,28474.0,To Waivers,8,Talladega Knights,"Dec 2, 7:26 pm",2021
add,Chiefs,,Free Agent,7,Starting Defense,"Dec 2, 6:13 pm",2021
drop,Chargers,,To Waivers,7,Starting Defense,"Dec 2, 6:13 pm",2021
drop,Cedrick Wilson Jr.,31178.0,To Waivers,3,Simps Squad,"Dec 2, 9:00 am",2021
drop,Van Jefferson,32727.0,To Waivers,1,Hingle McCringlebery,"Dec 2, 8:58 am",2021
add,Tevin Coleman,28461.0,Free Agent,1,Hingle McCringlebery,"Dec 1, 11:36 am",2021
drop,Rhamondre Stevenson,33508.0,To Waivers,1,Hingle McCringlebery,"Dec 1, 11:36 am",2021
drop,Tony Jones,33114.0,To Waivers,3,Simps Squad,"Dec 1, 10:07 am",2021
add,Zach Ertz,26658.0,Free Agent,6,Lambeau Leapers,"Dec 1, 9:58 am",2021
drop,Mason Crosby,8447.0,To Waivers,6,Lambeau Leapers,"Dec 1, 9:58 am",2021
add,Carson Wentz,29236.0,Free Agent,6,Lambeau Leapers,"Dec 1, 9:56 am",2021
add,Matt Prater,8565.0,Free Agent,6,Lambeau Leapers,"Dec 1, 9:55 am",2021
drop,Randall Cobb,24851.0,To Waivers,6,Lambeau Leapers,"Dec 1, 9:53 am",2021
add,Ravens,,Free Agent,1,Hingle McCringlebery,"Dec 1, 9:52 am",2021
drop,Robert Woods,26664.0,To Waivers,1,Hingle McCringlebery,"Dec 1, 9:51 am",2021
add,Harrison Butker,30346.0,Free Agent,3,Simps Squad,"Dec 1, 9:02 am",2021
drop,Brandon McManus,27120.0,To Waivers,3,Simps Squad,"Dec 1, 9:02 am",2021
add,Broncos,,Free Agent,5,Joe Buck Yourself,"Dec 1, 8:53 am",2021
add,Dontrell Hilliard,31457.0,Free Agent,2,Brokaw's Bums,"Dec 1, 6:57 am",2021
drop,Ryan Tannehill,25718.0,To Waivers,2,Brokaw's Bums,"Dec 1, 6:57 am",2021
add,Sony Michel,31001.0,Free Agent,2,Brokaw's Bums,"Dec 1, 6:56 am",2021
add,Cardinals,,Free Agent,2,Brokaw's Bums,"Dec 1, 6:55 am",2021
add,49ers,,Waiver,5,Joe Buck Yourself,"Dec 1, 3:30 am",2021
add,Matt Breida,30552.0,Waiver,1,Hingle McCringlebery,"Dec 1, 3:30 am",2021
drop,Browns,,To Waivers,1,Hingle McCringlebery,"Dec 1, 3:30 am",2021
add,Vikings,,Waiver,5,Joe Buck Yourself,"Dec 1, 3:30 am",2021
drop,Panthers,,To Waivers,5,Joe Buck Yourself,"Dec 1, 3:30 am",2021
add,Boston Scott,31171.0,Waiver,1,Hingle McCringlebery,"Dec 1, 3:30 am",2021
drop,Cam Newton,24788.0,To Waivers,1,Hingle McCringlebery,"Dec 1, 3:30 am",2021
drop,Dan Arnold,30891.0,To Waivers,2,Brokaw's Bums,"Nov 30, 9:31 am",2021
drop,Texans,,To Waivers,2,Brokaw's Bums,"Nov 30, 6:05 am",2021
drop,Alex Collins,29405.0,To Waivers,5,Joe Buck Yourself,"Nov 29, 8:20 pm",2021
add,Eagles,,Free Agent,9,The Cousin Lovers,"Nov 25, 7:36 pm",2021
drop,Zack Moss,32756.0,To Waivers,9,The Cousin Lovers,"Nov 25, 7:36 pm",2021
add,Chargers,,Free Agent,7,Starting Defense,"Nov 25, 1:18 pm",2021
drop,Raiders,,To Waivers,7,Starting Defense,"Nov 25, 1:18 pm",2021
add,Brandon Aiyuk,32695.0,Free Agent,1,Hingle McCringlebery,"Nov 25, 11:20 am",2021
add,Tony Jones,33114.0,Free Agent,3,Simps Squad,"Nov 25, 9:43 am",2021
drop,Jeff Wilson Jr.,31394.0,To Waivers,3,Simps Squad,"Nov 25, 9:43 am",2021
add,Brandon McManus,27120.0,Free Agent,3,Simps Squad,"Nov 24, 12:00 pm",2021
drop,Harrison Butker,30346.0,To Waivers,3,Simps Squad,"Nov 24, 12:00 pm",2021
add,Cedrick Wilson Jr.,31178.0,Free Agent,3,Simps Squad,"Nov 24, 11:58 am",2021
drop,Tyler Boyd,29288.0,To Waivers,3,Simps Squad,"Nov 24, 11:58 am",2021
drop,Devontae Booker,29370.0,To Waivers,1,Hingle McCringlebery,"Nov 24, 9:37 am",2021
add,Greg Zuerlein,25881.0,Free Agent,2,Brokaw's Bums,"Nov 24, 6:41 am",2021
add,Texans,,Free Agent,2,Brokaw's Bums,"Nov 24, 6:41 am",2021
drop,49ers,,To Waivers,2,Brokaw's Bums,"Nov 24, 6:41 am",2021
add,Pat Freiermuth,33443.0,Free Agent,10,The Roethlisberger's,"Nov 24, 3:38 am",2021
drop,Cardinals,,To Waivers,10,The Roethlisberger's,"Nov 24, 3:38 am",2021
add,Panthers,,Waiver,5,Joe Buck Yourself,"Nov 24, 2:22 am",2021
drop,Titans,,To Waivers,5,Joe Buck Yourself,"Nov 24, 2:22 am",2021
add,Bears,,Waiver,10,The Roethlisberger's,"Nov 24, 2:22 am",2021
drop,Jameis Winston,28389.0,To Waivers,10,The Roethlisberger's,"Nov 24, 2:22 am",2021
add,David Johnson,28474.0,Waiver,8,Talladega Knights,"Nov 24, 2:22 am",2021
drop,Jeremy McNichols,30275.0,To Waivers,8,Talladega Knights,"Nov 24, 2:22 am",2021
add,Elijah Moore,33422.0,Waiver,2,Brokaw's Bums,"Nov 24, 2:22 am",2021
drop,Kadarius Toney,33408.0,To Waivers,2,Brokaw's Bums,"Nov 24, 2:22 am",2021
drop,Matt Gay,31977.0,To Waivers,9,The Cousin Lovers,"Nov 23, 3:40 pm",2021
drop,Matt Prater,8565.0,To Waivers,2,Brokaw's Bums,"Nov 23, 6:29 am",2021
add,Jeff Wilson Jr.,31394.0,Free Agent,3,Simps Squad,"Nov 20, 12:16 pm",2021
drop,Courtland Sutton,31010.0,To Waivers,3,Simps Squad,"Nov 20, 12:16 pm",2021
drop,Chris Carson,30362.0,To Waivers,8,Talladega Knights,"Nov 20, 7:12 am",2021
add,Alex Collins,29405.0,Free Agent,5,Joe Buck Yourself,"Nov 19, 4:05 pm",2021
drop,Dalton Schultz,31107.0,To Waivers,5,Joe Buck Yourself,"Nov 19, 4:05 pm",2021
drop,T.Y. Hilton,25802.0,To Waivers,2,Brokaw's Bums,"Nov 19, 12:08 pm",2021
add,Mark Ingram II,24815.0,Free Agent,8,Talladega Knights,"Nov 18, 7:00 pm",2021
drop,Wayne Gallman,30253.0,To Waivers,8,Talladega Knights,"Nov 18, 6:58 pm",2021
add,Ryan Tannehill,25718.0,Free Agent,2,Brokaw's Bums,"Nov 18, 4:39 pm",2021
drop,Mac Jones,33403.0,To Waivers,2,Brokaw's Bums,"Nov 18, 4:38 pm",2021
add,Dolphins,,Free Agent,4,Jackson's Team,"Nov 17, 12:52 pm",2021
drop,Broncos,,To Waivers,4,Jackson's Team,"Nov 17, 12:52 pm",2021
add,Joe Burrow,32671.0,Free Agent,4,Jackson's Team,"Nov 17, 9:04 am",2021
drop,Derek Carr,27564.0,To Waivers,4,Jackson's Team,"Nov 17, 9:04 am",2021
add,Patriots,,Free Agent,4,Jackson's Team,"Nov 17, 9:02 am",2021
add,D'Onta Foreman,30202.0,Free Agent,5,Joe Buck Yourself,"Nov 17, 7:27 am",2021
drop,Ravens,,To Waivers,5,Joe Buck Yourself,"Nov 17, 7:27 am",2021
add,Mac Jones,33403.0,Free Agent,2,Brokaw's Bums,"Nov 17, 6:39 am",2021
add,49ers,,Free Agent,2,Brokaw's Bums,"Nov 17, 6:36 am",2021
drop,Cowboys,,To Waivers,2,Brokaw's Bums,"Nov 17, 6:36 am",2021
add,Wayne Gallman,30253.0,Free Agent,8,Talladega Knights,"Nov 17, 6:36 am",2021
drop,Nyheim Miller-Hines,31074.0,To Waivers,8,Talladega Knights,"Nov 17, 6:36 am",2021
add,Greg Joseph,31538.0,Waiver,9,The Cousin Lovers,"Nov 17, 2:44 am",2021
drop,Pat Freiermuth,33443.0,To Waivers,9,The Cousin Lovers,"Nov 17, 2:44 am",2021
add,Rhamondre Stevenson,33508.0,Waiver,1,Hingle McCringlebery,"Nov 17, 2:44 am",2021
drop,Brandon Aiyuk,32695.0,To Waivers,1,Hingle McCringlebery,"Nov 17, 2:44 am",2021
add,Raiders,,Free Agent,7,Starting Defense,"Nov 14, 10:14 am",2021
drop,Chiefs,,To Waivers,7,Starting Defense,"Nov 14, 10:14 am",2021
add,Marquez Valdes-Scantling,31144.0,Free Agent,6,Lambeau Leapers,"Nov 14, 9:53 am",2021
drop,Ryan Tannehill,25718.0,To Waivers,6,Lambeau Leapers,"Nov 14, 9:53 am",2021
add,Michael Gallup,31051.0,Free Agent,6,Lambeau Leapers,"Nov 14, 9:52 am",2021
drop,Michael Thomas,29281.0,To Waivers,6,Lambeau Leapers,"Nov 14, 9:52 am",2021
add,Christian Kirk,31017.0,Free Agent,8,Talladega Knights,"Nov 13, 9:55 pm",2021
drop,Zach Ertz,26658.0,To Waivers,8,Talladega Knights,"Nov 13, 9:55 pm",2021
add,T.Y. Hilton,25802.0,Free Agent,2,Brokaw's Bums,"Nov 13, 4:13 pm",2021
add,Brandon Aiyuk,32695.0,Free Agent,1,Hingle McCringlebery,"Nov 13, 3:58 pm",2021
drop,Laviska Shenault Jr.,32712.0,To Waivers,1,Hingle McCringlebery,"Nov 13, 3:58 pm",2021
add,Van Jefferson,32727.0,Free Agent,1,Hingle McCringlebery,"Nov 13, 12:18 pm",2021
add,Derek Carr,27564.0,Free Agent,4,Jackson's Team,"Nov 13, 10:35 am",2021
drop,Adrian Peterson,8261.0,To Waivers,9,The Cousin Lovers,"Nov 12, 6:20 pm",2021
add,Hunter Henry,29269.0,Free Agent,3,Simps Squad,"Nov 12, 8:15 am",2021
drop,Boston Scott,31171.0,To Waivers,3,Simps Squad,"Nov 12, 8:15 am",2021
add,Cowboys,,Free Agent,2,Brokaw's Bums,"Nov 12, 6:43 am",2021
drop,Eagles,,To Waivers,2,Brokaw's Bums,"Nov 12, 6:43 am",2021
add,Cam Newton,24788.0,Free Agent,1,Hingle McCringlebery,"Nov 12, 1:15 am",2021
add,Daniel Carlson,31137.0,Free Agent,1,Hingle McCringlebery,"Nov 11, 8:30 am",2021
drop,Greg Zuerlein,25881.0,To Waivers,1,Hingle McCringlebery,"Nov 11, 8:30 am",2021
drop,Carson Wentz,29236.0,To Waivers,3,Simps Squad,"Nov 10, 1:16 pm",2021
add,Eagles,,Free Agent,2,Brokaw's Bums,"Nov 10, 8:00 am",2021
drop,Jeff Wilson Jr.,31394.0,To Waivers,2,Brokaw's Bums,"Nov 10, 8:00 am",2021
add,Titans,,Free Agent,5,Joe Buck Yourself,"Nov 10, 7:52 am",2021
drop,Joe Burrow,32671.0,To Waivers,5,Joe Buck Yourself,"Nov 10, 7:52 am",2021
add,Cardinals,,Free Agent,10,The Roethlisberger's,"Nov 10, 2:31 am",2021
drop,Cowboys,,To Waivers,10,The Roethlisberger's,"Nov 10, 2:31 am",2021
add,Chris Boswell,28188.0,Free Agent,10,The Roethlisberger's,"Nov 10, 2:30 am",2021
add,Carson Wentz,29236.0,Waiver,3,Simps Squad,"Nov 10, 2:24 am",2021
drop,Derek Carr,27564.0,To Waivers,3,Simps Squad,"Nov 10, 2:24 am",2021
add,Ravens,,Waiver,5,Joe Buck Yourself,"Nov 10, 2:24 am",2021
drop,Raiders,,To Waivers,5,Joe Buck Yourself,"Nov 10, 2:24 am",2021
add,Hunter Renfrow,31981.0,Waiver,3,Simps Squad,"Nov 10, 2:24 am",2021
add,Pat Freiermuth,33443.0,Waiver,9,The Cousin Lovers,"Nov 10, 2:24 am",2021
drop,Hunter Henry,29269.0,To Waivers,9,The Cousin Lovers,"Nov 10, 2:24 am",2021
add,Devonta Freeman,27631.0,Waiver,10,The Roethlisberger's,"Nov 10, 2:24 am",2021
drop,Khalil Herbert,33605.0,To Waivers,10,The Roethlisberger's,"Nov 10, 2:24 am",2021
drop,Daniel Carlson,31137.0,To Waivers,7,Starting Defense,"Nov 9, 2:19 pm",2021
drop,Commanders,,To Waivers,10,The Roethlisberger's,"Nov 9, 12:52 pm",2021
drop,Evan McPherson,33537.0,To Waivers,10,The Roethlisberger's,"Nov 9, 12:52 pm",2021
drop,Saints,,To Waivers,4,Jackson's Team,"Nov 9, 7:54 am",2021
drop,Daniel Jones,31838.0,To Waivers,4,Jackson's Team,"Nov 9, 7:52 am",2021
drop,Tyrod Taylor,24967.0,To Waivers,1,Hingle McCringlebery,"Nov 9, 7:30 am",2021
drop,Patriots,,To Waivers,2,Brokaw's Bums,"Nov 9, 6:21 am",2021
add,Tyrod Taylor,24967.0,Free Agent,1,Hingle McCringlebery,"Nov 7, 11:11 am",2021
drop,Tua Tagovailoa,32675.0,To Free Agent,1,Hingle McCringlebery,"Nov 7, 11:11 am",2021
add,Daniel Jones,31838.0,Free Agent,4,Jackson's Team,"Nov 7, 9:12 am",2021
drop,Hunter Renfrow,31981.0,To Waivers,4,Jackson's Team,"Nov 7, 9:12 am",2021
add,Tua Tagovailoa,32675.0,Free Agent,1,Hingle McCringlebery,"Nov 7, 9:08 am",2021
drop,Taysom Hill,30614.0,To Waivers,1,Hingle McCringlebery,"Nov 7, 9:08 am",2021
drop,Mark Ingram II,24815.0,To Waivers,1,Hingle McCringlebery,"Nov 6, 11:39 pm",2021
add,Emmanuel Sanders,24057.0,Free Agent,5,Joe Buck Yourself,"Nov 6, 7:55 pm",2021
add,Michael Thomas,29281.0,Waiver,6,Lambeau Leapers,"Nov 5, 2:12 am",2021
drop,49ers,,To Waivers,6,Lambeau Leapers,"Nov 5, 2:12 am",2021
add,Daniel Carlson,31137.0,Free Agent,7,Starting Defense,"Nov 4, 9:32 pm",2021
drop,Kenny Golladay,30209.0,To Waivers,7,Starting Defense,"Nov 4, 9:32 pm",2021
add,Chiefs,,Free Agent,7,Starting Defense,"Nov 4, 9:30 pm",2021
drop,Seahawks,,To Waivers,7,Starting Defense,"Nov 4, 9:30 pm",2021
add,Raiders,,Free Agent,5,Joe Buck Yourself,"Nov 4, 11:42 am",2021
drop,Dolphins,,To Waivers,5,Joe Buck Yourself,"Nov 4, 11:42 am",2021
drop,Jets,,To Free Agent,5,Joe Buck Yourself,"Nov 4, 9:40 am",2021
add,Jets,,Free Agent,5,Joe Buck Yourself,"Nov 4, 9:39 am",2021
drop,Geronimo Allison,29719.0,To Free Agent,5,Joe Buck Yourself,"Nov 4, 9:39 am",2021
add,Geronimo Allison,29719.0,Free Agent,5,Joe Buck Yourself,"Nov 4, 9:39 am",2021
drop,Mo Alie-Cox,30112.0,To Free Agent,5,Joe Buck Yourself,"Nov 4, 9:39 am",2021
add,Mo Alie-Cox,30112.0,Free Agent,5,Joe Buck Yourself,"Nov 4, 9:39 am",2021
drop,Nate Stanley,32914.0,To Free Agent,5,Joe Buck Yourself,"Nov 4, 9:36 am",2021
add,Nate Stanley,32914.0,Free Agent,5,Joe Buck Yourself,"Nov 4, 9:36 am",2021
drop,Tim Tebow,24000.0,To Free Agent,5,Joe Buck Yourself,"Nov 4, 9:36 am",2021
add,Tim Tebow,24000.0,Free Agent,5,Joe Buck Yourself,"Nov 4, 9:35 am",2021
add,Calvin Ridley,30996.0,Waiver,5,Joe Buck Yourself,"Nov 4, 2:11 am",2021
drop,Emmanuel Sanders,24057.0,To Waivers,5,Joe Buck Yourself,"Nov 4, 2:11 am",2021
add,Darnell Mooney,32843.0,Free Agent,1,Hingle McCringlebery,"Nov 3, 7:54 pm",2021
drop,Michael Thomas,29281.0,To Waivers,1,Hingle McCringlebery,"Nov 3, 7:53 pm",2021
add,Odell Beckham Jr.,27540.0,Free Agent,3,Simps Squad,"Nov 3, 3:27 pm",2021
add,Ryan Tannehill,25718.0,Free Agent,6,Lambeau Leapers,"Nov 3, 10:15 am",2021
drop,Robert Tonyan,30777.0,To Waivers,6,Lambeau Leapers,"Nov 3, 10:15 am",2021
add,Dolphins,,Free Agent,5,Joe Buck Yourself,"Nov 3, 8:32 am",2021
drop,Deshaun Watson,30125.0,To Waivers,5,Joe Buck Yourself,"Nov 3, 8:32 am",2021
add,Taysom Hill,30614.0,Free Agent,1,Hingle McCringlebery,"Nov 3, 7:44 am",2021
add,Derek Carr,27564.0,Free Agent,3,Simps Squad,"Nov 3, 7:31 am",2021
add,Patriots,,Free Agent,2,Brokaw's Bums,"Nov 3, 6:40 am",2021
add,Hunter Renfrow,31981.0,Free Agent,4,Jackson's Team,"Nov 3, 6:40 am",2021
drop,Marquez Callaway,33109.0,To Waivers,4,Jackson's Team,"Nov 3, 6:40 am",2021
add,Saints,,Free Agent,4,Jackson's Team,"Nov 3, 6:39 am",2021
add,DeVante Parker,28402.0,Waiver,3,Simps Squad,"Nov 3, 2:30 am",2021
add,Zach Ertz,26658.0,Waiver,8,Talladega Knights,"Nov 3, 2:30 am",2021
add,Mark Ingram II,24815.0,Waiver,1,Hingle McCringlebery,"Nov 3, 2:30 am",2021
drop,Sterling Shepard,29274.0,To Waivers,1,Hingle McCringlebery,"Nov 3, 2:30 am",2021
add,Boston Scott,31171.0,Waiver,3,Simps Squad,"Nov 3, 2:30 am",2021
add,Colts,,Waiver,8,Talladega Knights,"Nov 3, 2:30 am",2021
add,Adrian Peterson,8261.0,Waiver,9,The Cousin Lovers,"Nov 3, 2:30 am",2021
drop,Kalif Raymond,29631.0,To Waivers,9,The Cousin Lovers,"Nov 3, 2:30 am",2021
add,AJ Dillon,32732.0,Waiver,1,Hingle McCringlebery,"Nov 3, 2:30 am",2021
add,Tyler Boyd,29288.0,Waiver,3,Simps Squad,"Nov 3, 2:30 am",2021
drop,T.Y. Hilton,25802.0,To Waivers,3,Simps Squad,"Nov 3, 2:30 am",2021
add,Jeremy McNichols,30275.0,Waiver,8,Talladega Knights,"Nov 3, 2:30 am",2021
add,Dan Arnold,30891.0,Waiver,2,Brokaw's Bums,"Nov 3, 2:30 am",2021
drop,Alex Collins,29405.0,To Waivers,2,Brokaw's Bums,"Nov 3, 2:30 am",2021
add,Dak Prescott,29369.0,Waiver,5,Joe Buck Yourself,"Nov 3, 2:30 am",2021
drop,Chargers,,To Waivers,5,Joe Buck Yourself,"Nov 3, 2:30 am",2021
drop,Bengals,,To Waivers,2,Brokaw's Bums,"Nov 2, 10:03 am",2021
drop,Kenny Gainwell,33538.0,To Waivers,1,Hingle McCringlebery,"Nov 2, 7:54 am",2021
drop,Rashaad Penny,30997.0,To Waivers,1,Hingle McCringlebery,"Nov 2, 7:54 am",2021
drop,Calvin Ridley,30996.0,To Waivers,3,Simps Squad,"Nov 2, 7:49 am",2021
drop,C.J. Uzomah,28545.0,To Waivers,3,Simps Squad,"Nov 2, 7:49 am",2021
drop,Daniel Jones,31838.0,To Waivers,3,Simps Squad,"Nov 2, 7:49 am",2021
drop,Robbie Chosen,29785.0,To Waivers,8,Talladega Knights,"Nov 2, 6:17 am",2021
drop,Graham Gano,9526.0,To Waivers,4,Jackson's Team,"Nov 2, 5:29 am",2021
add,Daniel Jones,31838.0,Free Agent,3,Simps Squad,"Oct 31, 6:02 pm",2021
drop,Dak Prescott,29369.0,To Waivers,3,Simps Squad,"Oct 31, 6:02 pm",2021
drop,David Johnson,28474.0,To Waivers,5,Joe Buck Yourself,"Oct 31, 5:54 pm",2021
add,Commanders,,Free Agent,10,The Roethlisberger's,"Oct 31, 2:24 pm",2021
drop,Panthers,,To Waivers,10,The Roethlisberger's,"Oct 31, 2:24 pm",2021
add,J.D. McKissic,29650.0,Free Agent,7,Starting Defense,"Oct 31, 11:38 am",2021
drop,Zach Ertz,26658.0,To Waivers,7,Starting Defense,"Oct 31, 11:38 am",2021
add,C.J. Uzomah,28545.0,Free Agent,3,Simps Squad,"Oct 31, 10:14 am",2021
drop,Brandon Aiyuk,32695.0,To Waivers,3,Simps Squad,"Oct 31, 10:14 am",2021
add,Sterling Shepard,29274.0,Free Agent,1,Hingle McCringlebery,"Oct 31, 9:16 am",2021
drop,Henry Ruggs III,32682.0,To Waivers,1,Hingle McCringlebery,"Oct 31, 9:16 am",2021
add,Kalif Raymond,29631.0,Free Agent,9,The Cousin Lovers,"Oct 30, 8:39 pm",2021
drop,Mike Davis,28514.0,To Waivers,9,The Cousin Lovers,"Oct 30, 8:39 pm",2021
add,Hunter Henry,29269.0,Free Agent,9,The Cousin Lovers,"Oct 29, 5:26 pm",2021
add,Mike Davis,28514.0,Free Agent,9,The Cousin Lovers,"Oct 29, 6:31 am",2021
add,Evan McPherson,33537.0,Free Agent,10,The Roethlisberger's,"Oct 28, 9:10 pm",2021
drop,Brandon McManus,27120.0,To Waivers,10,The Roethlisberger's,"Oct 28, 9:10 pm",2021
drop,Damien Williams,28115.0,To Waivers,10,The Roethlisberger's,"Oct 28, 9:10 pm",2021
add,David Johnson,28474.0,Free Agent,5,Joe Buck Yourself,"Oct 28, 2:55 pm",2021
drop,J.D. McKissic,29650.0,To Waivers,5,Joe Buck Yourself,"Oct 28, 2:55 pm",2021
add,Melvin Gordon III,28403.0,Free Agent,7,Starting Defense,"Oct 28, 10:11 am",2021
drop,AJ Dillon,32732.0,To Waivers,7,Starting Defense,"Oct 28, 10:11 am",2021
add,Seahawks,,Free Agent,7,Starting Defense,"Oct 28, 10:06 am",2021
drop,Dolphins,,To Waivers,7,Starting Defense,"Oct 28, 10:06 am",2021
add,J.D. McKissic,29650.0,Free Agent,5,Joe Buck Yourself,"Oct 27, 9:33 am",2021
drop,Hunter Henry,29269.0,To Waivers,5,Joe Buck Yourself,"Oct 27, 9:33 am",2021
add,Graham Gano,9526.0,Free Agent,4,Jackson's Team,"Oct 27, 8:19 am",2021
add,Kirk Cousins,25812.0,Free Agent,9,The Cousin Lovers,"Oct 27, 7:50 am",2021
drop,C.J. Uzomah,28545.0,To Waivers,9,The Cousin Lovers,"Oct 27, 7:50 am",2021
add,Greg Zuerlein,25881.0,Free Agent,1,Hingle McCringlebery,"Oct 27, 7:41 am",2021
drop,Younghoe Koo,30426.0,To Waivers,1,Hingle McCringlebery,"Oct 27, 7:41 am",2021
add,Chargers,,Free Agent,5,Joe Buck Yourself,"Oct 27, 7:11 am",2021
add,Bengals,,Free Agent,2,Brokaw's Bums,"Oct 27, 4:51 am",2021
add,C.J. Uzomah,28545.0,Waiver,9,The Cousin Lovers,"Oct 27, 2:26 am",2021
drop,Cardinals,,To Waivers,9,The Cousin Lovers,"Oct 27, 2:26 am",2021
add,Kenny Gainwell,33538.0,Waiver,1,Hingle McCringlebery,"Oct 27, 2:26 am",2021
drop,Amon-Ra St. Brown,33500.0,To Waivers,1,Hingle McCringlebery,"Oct 27, 2:26 am",2021
add,Robert Tonyan,30777.0,Waiver,6,Lambeau Leapers,"Oct 27, 2:26 am",2021
drop,Cole Kmet,32713.0,To Waivers,6,Lambeau Leapers,"Oct 27, 2:26 am",2021
drop,Mike Davis,28514.0,To Waivers,10,The Roethlisberger's,"Oct 26, 10:04 pm",2021
drop,Patriots,,To Waivers,2,Brokaw's Bums,"Oct 26, 11:13 am",2021
drop,Packers,,To Waivers,5,Joe Buck Yourself,"Oct 26, 10:15 am",2021
drop,Saints,,To Waivers,4,Jackson's Team,"Oct 26, 10:14 am",2021
drop,Sam Darnold,30973.0,To Waivers,3,Simps Squad,"Oct 26, 7:58 am",2021
drop,Tua Tagovailoa,32675.0,To Waivers,8,Talladega Knights,"Oct 26, 6:28 am",2021
drop,Daniel Carlson,31137.0,To Waivers,8,Talladega Knights,"Oct 26, 6:27 am",2021
add,Cole Kmet,32713.0,Free Agent,6,Lambeau Leapers,"Oct 24, 1:44 pm",2021
drop,Will Fuller V,29255.0,To Waivers,6,Lambeau Leapers,"Oct 24, 1:44 pm",2021
add,Henry Ruggs III,32682.0,Free Agent,1,Hingle McCringlebery,"Oct 24, 10:39 am",2021
drop,Sterling Shepard,29274.0,To Waivers,1,Hingle McCringlebery,"Oct 24, 10:39 am",2021
add,Khalil Herbert,33605.0,Free Agent,10,The Roethlisberger's,"Oct 22, 9:10 pm",2021
drop,Hunter Renfrow,31981.0,To Waivers,10,The Roethlisberger's,"Oct 22, 9:10 pm",2021
add,Hunter Henry,29269.0,Free Agent,5,Joe Buck Yourself,"Oct 22, 11:34 am",2021
drop,Rodrigo Blankenship,33211.0,To Waivers,5,Joe Buck Yourself,"Oct 22, 11:33 am",2021
add,Brandon Aiyuk,32695.0,Free Agent,3,Simps Squad,"Oct 21, 11:02 am",2021
drop,Odell Beckham Jr.,27540.0,To Waivers,3,Simps Squad,"Oct 21, 11:02 am",2021
add,49ers,,Free Agent,6,Lambeau Leapers,"Oct 21, 10:50 am",2021
drop,Ryan Tannehill,25718.0,To Waivers,6,Lambeau Leapers,"Oct 21, 10:50 am",2021
add,Deshaun Watson,30125.0,Free Agent,5,Joe Buck Yourself,"Oct 20, 8:02 pm",2021
drop,Tyler Boyd,29288.0,To Waivers,5,Joe Buck Yourself,"Oct 20, 8:02 pm",2021
add,Sam Darnold,30973.0,Free Agent,3,Simps Squad,"Oct 20, 1:37 pm",2021
drop,Khalil Herbert,33605.0,To Waivers,3,Simps Squad,"Oct 20, 1:37 pm",2021
add,Saints,,Free Agent,4,Jackson's Team,"Oct 20, 11:24 am",2021
add,Michael Carter,33495.0,Free Agent,4,Jackson's Team,"Oct 20, 11:22 am",2021
drop,Larry Rountree III,33586.0,To Waivers,4,Jackson's Team,"Oct 20, 11:21 am",2021
drop,Hunter Henry,29269.0,To Waivers,4,Jackson's Team,"Oct 20, 11:21 am",2021
drop,Rex Burkhead,26813.0,To Waivers,4,Jackson's Team,"Oct 20, 11:21 am",2021
add,Panthers,,Free Agent,10,The Roethlisberger's,"Oct 20, 8:16 am",2021
add,Younghoe Koo,30426.0,Free Agent,1,Hingle McCringlebery,"Oct 20, 8:10 am",2021
drop,Greg Zuerlein,25881.0,To Waivers,1,Hingle McCringlebery,"Oct 20, 8:10 am",2021
add,Nick Folk,8432.0,Free Agent,5,Joe Buck Yourself,"Oct 20, 8:08 am",2021
drop,Chris Boswell,28188.0,To Waivers,5,Joe Buck Yourself,"Oct 20, 8:08 am",2021
add,Browns,,Free Agent,1,Hingle McCringlebery,"Oct 20, 8:08 am",2021
drop,Colts,,To Waivers,1,Hingle McCringlebery,"Oct 20, 8:08 am",2021
add,Rashaad Penny,30997.0,Free Agent,1,Hingle McCringlebery,"Oct 20, 8:07 am",2021
drop,Marlon Mack,30256.0,To Waivers,1,Hingle McCringlebery,"Oct 20, 8:07 am",2021
add,Patriots,,Free Agent,2,Brokaw's Bums,"Oct 20, 6:39 am",2021
drop,Bengals,,To Waivers,2,Brokaw's Bums,"Oct 20, 6:39 am",2021
add,T.Y. Hilton,25802.0,Waiver,3,Simps Squad,"Oct 20, 2:26 am",2021
drop,Josh Gordon,26561.0,To Waivers,3,Simps Squad,"Oct 20, 2:26 am",2021
add,Daniel Carlson,31137.0,Waiver,8,Talladega Knights,"Oct 20, 2:26 am",2021
add,Cardinals,,Waiver,9,The Cousin Lovers,"Oct 20, 2:26 am",2021
drop,Henry Ruggs III,32682.0,To Waivers,9,The Cousin Lovers,"Oct 20, 2:26 am",2021
add,Sterling Shepard,29274.0,Waiver,1,Hingle McCringlebery,"Oct 20, 2:26 am",2021
add,D'Ernest Johnson,32608.0,Waiver,2,Brokaw's Bums,"Oct 20, 2:26 am",2021
add,Khalil Herbert,33605.0,Waiver,3,Simps Squad,"Oct 20, 2:26 am",2021
drop,Trey Sermon,33476.0,To Waivers,3,Simps Squad,"Oct 20, 2:26 am",2021
add,Tua Tagovailoa,32675.0,Waiver,8,Talladega Knights,"Oct 20, 2:26 am",2021
add,Rashod Bateman,33415.0,Free Agent,5,Joe Buck Yourself,"Oct 16, 5:53 pm",2021
drop,Melvin Gordon III,28403.0,To Free Agent,5,Joe Buck Yourself,"Oct 16, 5:53 pm",2021
add,Melvin Gordon III,28403.0,Free Agent,5,Joe Buck Yourself,"Oct 16, 7:59 am",2021
add,Chris Boswell,28188.0,Free Agent,5,Joe Buck Yourself,"Oct 16, 7:58 am",2021
drop,Khalil Herbert,33605.0,To Waivers,5,Joe Buck Yourself,"Oct 16, 7:58 am",2021
add,Brandon McManus,27120.0,Free Agent,10,The Roethlisberger's,"Oct 15, 4:37 pm",2021
drop,Daniel Carlson,31137.0,To Waivers,10,The Roethlisberger's,"Oct 15, 4:37 pm",2021
add,Devin Singletary,31906.0,Free Agent,10,The Roethlisberger's,"Oct 15, 4:35 pm",2021
drop,Tim Patrick,30511.0,To Waivers,10,The Roethlisberger's,"Oct 15, 4:35 pm",2021
add,Randall Cobb,24851.0,Free Agent,6,Lambeau Leapers,"Oct 15, 12:22 pm",2021
add,Elijah Mitchell,33582.0,Waiver,9,The Cousin Lovers,"Oct 15, 2:12 am",2021
drop,Ravens,,To Waivers,9,The Cousin Lovers,"Oct 15, 2:12 am",2021
add,Hunter Renfrow,31981.0,Free Agent,10,The Roethlisberger's,"Oct 14, 3:13 pm",2021
add,Khalil Herbert,33605.0,Free Agent,5,Joe Buck Yourself,"Oct 14, 2:57 pm",2021
drop,Melvin Gordon III,28403.0,To Waivers,5,Joe Buck Yourself,"Oct 14, 2:57 pm",2021
add,Amon-Ra St. Brown,33500.0,Free Agent,1,Hingle McCringlebery,"Oct 14, 12:29 am",2021
drop,Brandon Aiyuk,32695.0,To Waivers,1,Hingle McCringlebery,"Oct 14, 12:29 am",2021
add,Marlon Mack,30256.0,Free Agent,1,Hingle McCringlebery,"Oct 14, 12:28 am",2021
drop,Latavius Murray,26804.0,To Waivers,1,Hingle McCringlebery,"Oct 14, 12:28 am",2021
add,Dolphins,,Free Agent,7,Starting Defense,"Oct 13, 1:45 pm",2021
drop,Titans,,To Waivers,7,Starting Defense,"Oct 13, 1:45 pm",2021
add,Zach Ertz,26658.0,Free Agent,7,Starting Defense,"Oct 13, 1:44 pm",2021
drop,Phillip Lindsay,31379.0,To Waivers,7,Starting Defense,"Oct 13, 1:44 pm",2021
add,Hunter Henry,29269.0,Free Agent,4,Jackson's Team,"Oct 13, 7:35 am",2021
add,Joe Burrow,32671.0,Free Agent,5,Joe Buck Yourself,"Oct 13, 7:35 am",2021
add,Packers,,Free Agent,5,Joe Buck Yourself,"Oct 13, 7:33 am",2021
drop,Vikings,,To Waivers,5,Joe Buck Yourself,"Oct 13, 7:33 am",2021
add,Bengals,,Free Agent,2,Brokaw's Bums,"Oct 13, 7:32 am",2021
drop,Panthers,,To Waivers,2,Brokaw's Bums,"Oct 13, 7:32 am",2021
add,Colts,,Free Agent,1,Hingle McCringlebery,"Oct 13, 7:31 am",2021
drop,Patriots,,To Waivers,1,Hingle McCringlebery,"Oct 13, 7:31 am",2021
add,Devontae Booker,29370.0,Waiver,1,Hingle McCringlebery,"Oct 13, 2:28 am",2021
drop,JuJu Smith-Schuster,30175.0,To Waivers,1,Hingle McCringlebery,"Oct 13, 2:28 am",2021
add,Darrel Williams,31500.0,Waiver,9,The Cousin Lovers,"Oct 13, 2:28 am",2021
drop,Devin Singletary,31906.0,To Waivers,9,The Cousin Lovers,"Oct 13, 2:28 am",2021
add,Kadarius Toney,33408.0,Waiver,2,Brokaw's Bums,"Oct 13, 2:28 am",2021
drop,Elijah Mitchell,33582.0,To Waivers,2,Brokaw's Bums,"Oct 13, 2:28 am",2021
drop,Cameron Brate,28267.0,To Waivers,8,Talladega Knights,"Oct 12, 5:09 am",2021
add,Titans,,Free Agent,7,Starting Defense,"Oct 10, 11:09 am",2021
drop,Bears,,To Waivers,7,Starting Defense,"Oct 10, 11:09 am",2021
add,Latavius Murray,26804.0,Free Agent,1,Hingle McCringlebery,"Oct 10, 10:40 am",2021
drop,Trey Lance,33391.0,To Waivers,1,Hingle McCringlebery,"Oct 10, 10:40 am",2021
add,Javonte Williams,33423.0,Waiver,3,Simps Squad,"Oct 10, 2:11 am",2021
drop,Bengals,,To Waivers,3,Simps Squad,"Oct 10, 2:11 am",2021
add,Cowboys,,Free Agent,10,The Roethlisberger's,"Oct 9, 7:25 pm",2021
drop,Raiders,,To Waivers,10,The Roethlisberger's,"Oct 9, 7:25 pm",2021
add,Mike Gesicki,31012.0,Free Agent,1,Hingle McCringlebery,"Oct 8, 7:07 pm",2021
drop,Russell Gage Jr.,31164.0,To Waivers,1,Hingle McCringlebery,"Oct 8, 7:07 pm",2021
add,Cameron Brate,28267.0,Free Agent,8,Talladega Knights,"Oct 8, 7:03 pm",2021
drop,Javonte Williams,33423.0,To Waivers,8,Talladega Knights,"Oct 8, 7:03 pm",2021
drop,Texans,,To Waivers,4,Jackson's Team,"Oct 8, 4:58 am",2021
add,Trey Lance,33391.0,Free Agent,1,Hingle McCringlebery,"Oct 7, 9:43 pm",2021
drop,Justin Fields,33399.0,To Waivers,1,Hingle McCringlebery,"Oct 7, 9:43 pm",2021
add,A.J. Green,24791.0,Free Agent,3,Simps Squad,"Oct 7, 10:23 am",2021
drop,Ty'Son Williams,33006.0,To Waivers,3,Simps Squad,"Oct 7, 10:23 am",2021
add,Alex Collins,29405.0,Free Agent,2,Brokaw's Bums,"Oct 6, 11:49 am",2021
drop,Peyton Barber,29560.0,To Waivers,2,Brokaw's Bums,"Oct 6, 11:49 am",2021
add,Panthers,,Free Agent,2,Brokaw's Bums,"Oct 6, 11:44 am",2021
drop,Colts,,To Waivers,2,Brokaw's Bums,"Oct 6, 11:44 am",2021
add,Matt Prater,8565.0,Free Agent,2,Brokaw's Bums,"Oct 6, 11:42 am",2021
drop,Robbie Gould,7520.0,To Waivers,2,Brokaw's Bums,"Oct 6, 11:42 am",2021
add,Daniel Carlson,31137.0,Free Agent,10,The Roethlisberger's,"Oct 6, 11:35 am",2021
drop,Younghoe Koo,30426.0,To Waivers,10,The Roethlisberger's,"Oct 6, 11:35 am",2021
add,Vikings,,Free Agent,5,Joe Buck Yourself,"Oct 6, 7:33 am",2021
drop,Saints,,To Waivers,5,Joe Buck Yourself,"Oct 6, 7:33 am",2021
add,Dalton Schultz,31107.0,Waiver,5,Joe Buck Yourself,"Oct 6, 2:26 am",2021
drop,Logan Thomas,27648.0,To Waivers,5,Joe Buck Yourself,"Oct 6, 2:26 am",2021
add,Patriots,,Waiver,1,Hingle McCringlebery,"Oct 6, 2:26 am",2021
drop,Titans,,To Waivers,1,Hingle McCringlebery,"Oct 6, 2:26 am",2021
add,Samaje Perine,30227.0,Waiver,4,Jackson's Team,"Oct 6, 2:26 am",2021
drop,Joe Flacco,8795.0,To Waivers,4,Jackson's Team,"Oct 6, 2:26 am",2021
add,Damien Williams,28115.0,Waiver,10,The Roethlisberger's,"Oct 6, 2:26 am",2021
drop,Commanders,,To Waivers,10,The Roethlisberger's,"Oct 6, 2:26 am",2021
add,Trey Sermon,33476.0,Free Agent,3,Simps Squad,"Oct 3, 9:49 am",2021
drop,Christian Kirk,31017.0,To Waivers,3,Simps Squad,"Oct 3, 9:49 am",2021
drop,Ronald Jones,31008.0,To Waivers,10,The Roethlisberger's,"Oct 2, 11:03 am",2021
add,Bears,,Free Agent,7,Starting Defense,"Oct 1, 1:05 pm",2021
drop,Chiefs,,To Waivers,7,Starting Defense,"Oct 1, 1:05 pm",2021
add,Dawson Knox,31928.0,Free Agent,9,The Cousin Lovers,"Sep 30, 10:00 pm",2021
drop,DJ Chark,31031.0,To Waivers,9,The Cousin Lovers,"Sep 30, 10:00 pm",2021
add,Larry Rountree III,33586.0,Free Agent,4,Jackson's Team,"Sep 30, 7:45 pm",2021
drop,Tim Tebow,24000.0,To Waivers,4,Jackson's Team,"Sep 30, 7:45 pm",2021
add,Texans,,Free Agent,4,Jackson's Team,"Sep 30, 12:17 pm",2021
drop,Rondale Moore,33437.0,To Waivers,2,Brokaw's Bums,"Sep 29, 10:39 pm",2021
add,Tim Tebow,24000.0,Free Agent,4,Jackson's Team,"Sep 29, 2:10 pm",2021
drop,Darnell Mooney,32843.0,To Waivers,4,Jackson's Team,"Sep 29, 2:10 pm",2021
add,Peyton Barber,29560.0,Free Agent,2,Brokaw's Bums,"Sep 29, 1:49 pm",2021
drop,Quintez Cephus,32836.0,To Waivers,2,Brokaw's Bums,"Sep 29, 1:49 pm",2021
add,Matthew Stafford,9265.0,Free Agent,6,Lambeau Leapers,"Sep 29, 12:09 pm",2021
drop,Parris Campbell,31891.0,To Waivers,6,Lambeau Leapers,"Sep 29, 12:09 pm",2021
add,Kenny Golladay,30209.0,Free Agent,7,Starting Defense,"Sep 29, 11:43 am",2021
add,Colts,,Free Agent,2,Brokaw's Bums,"Sep 29, 9:34 am",2021
drop,49ers,,To Waivers,2,Brokaw's Bums,"Sep 29, 9:34 am",2021
add,Titans,,Free Agent,1,Hingle McCringlebery,"Sep 29, 9:27 am",2021
drop,Patriots,,To Waivers,1,Hingle McCringlebery,"Sep 29, 9:27 am",2021
add,Emmanuel Sanders,24057.0,Free Agent,5,Joe Buck Yourself,"Sep 29, 8:27 am",2021
drop,Michael Carter,33495.0,To Waivers,5,Joe Buck Yourself,"Sep 29, 8:27 am",2021
add,Saints,,Free Agent,5,Joe Buck Yourself,"Sep 29, 8:26 am",2021
drop,Browns,,To Waivers,5,Joe Buck Yourself,"Sep 29, 8:26 am",2021
add,Zack Moss,32756.0,Free Agent,9,The Cousin Lovers,"Sep 29, 5:23 am",2021
drop,Sterling Shepard,29274.0,To Waivers,9,The Cousin Lovers,"Sep 29, 5:23 am",2021
add,Bengals,,Waiver,3,Simps Squad,"Sep 29, 2:27 am",2021
drop,Cardinals,,To Waivers,3,Simps Squad,"Sep 29, 2:27 am",2021
add,Josh Gordon,26561.0,Waiver,3,Simps Squad,"Sep 29, 2:27 am",2021
drop,James White,27658.0,To Waivers,3,Simps Squad,"Sep 29, 2:27 am",2021
add,Henry Ruggs III,32682.0,Waiver,9,The Cousin Lovers,"Sep 29, 2:27 am",2021
drop,Latavius Murray,26804.0,To Waivers,9,The Cousin Lovers,"Sep 29, 2:27 am",2021
add,Chuba Hubbard,33514.0,Waiver,5,Joe Buck Yourself,"Sep 29, 2:27 am",2021
drop,Panthers,,To Waivers,5,Joe Buck Yourself,"Sep 29, 2:27 am",2021
add,Tim Patrick,30511.0,Free Agent,10,The Roethlisberger's,"Sep 26, 11:53 am",2021
add,Cole Beasley,26060.0,Waiver,3,Simps Squad,"Sep 25, 2:15 am",2021
drop,Kenny Golladay,30209.0,To Waivers,3,Simps Squad,"Sep 25, 2:15 am",2021
drop,Gus Edwards,31424.0,To Waivers,7,Starting Defense,"Sep 24, 4:57 pm",2021
add,Kenyan Drake,29307.0,Free Agent,7,Starting Defense,"Sep 24, 4:51 pm",2021
add,Quintez Cephus,32836.0,Free Agent,2,Brokaw's Bums,"Sep 23, 3:39 pm",2021
add,Jeff Wilson Jr.,31394.0,Free Agent,2,Brokaw's Bums,"Sep 23, 3:38 pm",2021
drop,Cole Beasley,26060.0,To Waivers,2,Brokaw's Bums,"Sep 23, 3:38 pm",2021
add,James White,27658.0,Free Agent,3,Simps Squad,"Sep 22, 1:01 pm",2021
drop,DeVante Parker,28402.0,To Waivers,3,Simps Squad,"Sep 22, 1:01 pm",2021
add,Raiders,,Free Agent,10,The Roethlisberger's,"Sep 22, 12:38 pm",2021
drop,Mecole Hardman Jr.,31888.0,To Waivers,10,The Roethlisberger's,"Sep 22, 12:38 pm",2021
add,Rex Burkhead,26813.0,Free Agent,4,Jackson's Team,"Sep 22, 10:56 am",2021
drop,Trey Sermon,33476.0,To Waivers,4,Jackson's Team,"Sep 22, 10:56 am",2021
add,Justin Fields,33399.0,Free Agent,1,Hingle McCringlebery,"Sep 22, 7:38 am",2021
drop,Le'Veon Bell,26671.0,To Waivers,1,Hingle McCringlebery,"Sep 22, 7:38 am",2021
add,Cardinals,,Free Agent,3,Simps Squad,"Sep 22, 7:30 am",2021
drop,Nelson Agholor,28408.0,To Waivers,3,Simps Squad,"Sep 22, 7:30 am",2021
add,Panthers,,Free Agent,5,Joe Buck Yourself,"Sep 22, 7:28 am",2021
drop,Mark Ingram II,24815.0,To Waivers,5,Joe Buck Yourself,"Sep 22, 7:28 am",2021
add,Rondale Moore,33437.0,Waiver,2,Brokaw's Bums,"Sep 22, 2:25 am",2021
drop,Adam Trautman,32775.0,To Waivers,2,Brokaw's Bums,"Sep 22, 2:25 am",2021
add,Cordarrelle Patterson,26652.0,Waiver,8,Talladega Knights,"Sep 22, 2:25 am",2021
add,Joe Flacco,8795.0,Free Agent,4,Jackson's Team,"Sep 17, 9:46 am",2021
drop,Justin Jackson,31221.0,To Waivers,4,Jackson's Team,"Sep 17, 9:46 am",2021
add,Jameis Winston,28389.0,Free Agent,10,The Roethlisberger's,"Sep 16, 7:40 am",2021
drop,Jaguars,,To Waivers,10,The Roethlisberger's,"Sep 16, 7:40 am",2021
add,Nelson Agholor,28408.0,Free Agent,3,Simps Squad,"Sep 15, 9:55 pm",2021
drop,Gerald Everett,30157.0,To Waivers,3,Simps Squad,"Sep 15, 9:55 pm",2021
add,Bills,,Free Agent,9,The Cousin Lovers,"Sep 15, 8:35 am",2021
drop,Cardinals,,To Free Agent,9,The Cousin Lovers,"Sep 15, 8:35 am",2021
add,Cardinals,,Free Agent,9,The Cousin Lovers,"Sep 15, 8:25 am",2021
drop,Robert Tonyan,30777.0,To Waivers,9,The Cousin Lovers,"Sep 15, 8:25 am",2021
add,Sterling Shepard,29274.0,Free Agent,9,The Cousin Lovers,"Sep 15, 8:23 am",2021
add,Mark Ingram II,24815.0,Free Agent,5,Joe Buck Yourself,"Sep 15, 7:27 am",2021
drop,Panthers,,To Waivers,5,Joe Buck Yourself,"Sep 15, 7:27 am",2021
add,Rob Gronkowski,24017.0,Free Agent,5,Joe Buck Yourself,"Sep 15, 7:26 am",2021
drop,Mike Gesicki,31012.0,To Waivers,5,Joe Buck Yourself,"Sep 15, 7:26 am",2021
add,Christian Kirk,31017.0,Waiver,3,Simps Squad,"Sep 15, 2:27 am",2021
drop,Sony Michel,31001.0,To Waivers,3,Simps Squad,"Sep 15, 2:27 am",2021
add,Elijah Mitchell,33582.0,Waiver,2,Brokaw's Bums,"Sep 15, 2:27 am",2021
drop,Zack Moss,32756.0,To Waivers,2,Brokaw's Bums,"Sep 15, 2:27 am",2021
drop,Raheem Mostert,28654.0,To Waivers,9,The Cousin Lovers,"Sep 14, 2:56 pm",2021
add,Latavius Murray,26804.0,Free Agent,9,The Cousin Lovers,"Sep 12, 10:00 am",2021
drop,Sterling Shepard,29274.0,To Waivers,9,The Cousin Lovers,"Sep 12, 10:00 am",2021
add,Jaguars,,Free Agent,10,The Roethlisberger's,"Sep 9, 2:43 pm",2021
drop,J.D. McKissic,29650.0,To Waivers,10,The Roethlisberger's,"Sep 9, 2:43 pm",2021
add,Ty'Son Williams,33006.0,Free Agent,3,Simps Squad,"Sep 9, 11:44 am",2021
drop,Curtis Samuel,30153.0,To Waivers,3,Simps Squad,"Sep 9, 11:44 am",2021
add,Justin Jackson,31221.0,Free Agent,4,Jackson's Team,"Sep 8, 6:50 pm",2021
drop,Jake Funk,33621.0,To Waivers,4,Jackson's Team,"Sep 8, 6:50 pm",2021
add,Parris Campbell,31891.0,Free Agent,6,Lambeau Leapers,"Sep 8, 10:05 am",2021
drop,Latavius Murray,26804.0,To Waivers,6,Lambeau Leapers,"Sep 8, 10:05 am",2021
add,Le'Veon Bell,26671.0,Free Agent,1,Hingle McCringlebery,"Sep 7, 6:22 pm",2021
drop,Matthew Stafford,9265.0,To Waivers,1,Hingle McCringlebery,"Sep 7, 6:22 pm",2021
add,Panthers,,Free Agent,5,Joe Buck Yourself,"Sep 6, 9:20 am",2021
drop,Michael Gallup,31051.0,To Waivers,5,Joe Buck Yourself,"Sep 6, 9:20 am",2021
add,Russell Gage Jr.,31164.0,Free Agent,1,Hingle McCringlebery,"Sep 6, 8:03 am",2021
add,Cameron Dicker,34344.0,Free Agent,5,The Roethlisberger's,"Dec 24, 11:33 am",2022
drop,Kyren Williams,34120.0,To Waivers,5,The Roethlisberger's,"Dec 24, 11:33 am",2022
drop,Dameon Pierce,34063.0,To Waivers,2,Joe Buck Yourself,"Dec 22, 5:16 pm",2022
drop,Parris Campbell,31891.0,To Waivers,2,Joe Buck Yourself,"Dec 22, 5:16 pm",2022
drop,JaMycal Hasty,33199.0,To Waivers,2,Joe Buck Yourself,"Dec 22, 5:16 pm",2022
add,Juwan Johnson,33113.0,Free Agent,5,The Roethlisberger's,"Dec 22, 10:23 am",2022
drop,Benny Snell Jr.,31954.0,To Waivers,5,The Roethlisberger's,"Dec 22, 10:23 am",2022
add,Tyler Allgeier,34107.0,Free Agent,6,The Cousin Lovers,"Dec 21, 5:52 pm",2022
drop,Daniel Bellinger,34068.0,To Waivers,6,The Cousin Lovers,"Dec 21, 5:52 pm",2022
add,Marquise Goodwin,26701.0,Free Agent,6,The Cousin Lovers,"Dec 21, 5:50 pm",2022
add,Browns,,Free Agent,6,The Cousin Lovers,"Dec 21, 5:48 pm",2022
drop,Seahawks,,To Waivers,6,The Cousin Lovers,"Dec 21, 5:48 pm",2022
add,Zack Moss,32756.0,$12  Waiver,7,Talladega Knights,"Dec 21, 2:32 am",2022
drop,Kenyan Drake,29307.0,To Waivers,7,Talladega Knights,"Dec 21, 2:32 am",2022
add,Greg Dulcich,34036.0,Free Agent,3,Brokaw's Bums,"Dec 18, 10:03 am",2022
drop,Robert Woods,26664.0,To Waivers,3,Brokaw's Bums,"Dec 18, 10:03 am",2022
add,Jared Goff,29235.0,Free Agent,3,Brokaw's Bums,"Dec 16, 9:37 am",2022
drop,Mike White,31141.0,To Waivers,3,Brokaw's Bums,"Dec 16, 9:37 am",2022
add,Damien Harris,31919.0,Free Agent,7,Talladega Knights,"Dec 14, 2:09 pm",2022
drop,Devin Duvernay,32762.0,To Waivers,7,Talladega Knights,"Dec 14, 2:08 pm",2022
drop,Greg Dulcich,34036.0,To Waivers,7,Talladega Knights,"Dec 14, 2:07 pm",2022
add,Deshaun Watson,30125.0,Free Agent,4,Simps Squad,"Dec 14, 12:31 pm",2022
add,Mike White,31141.0,Free Agent,3,Brokaw's Bums,"Dec 14, 8:47 am",2022
drop,Ryan Tannehill,25718.0,To Waivers,3,Brokaw's Bums,"Dec 14, 8:47 am",2022
add,Chig Okonkwo,34099.0,Free Agent,5,The Roethlisberger's,"Dec 14, 5:28 am",2022
drop,James Robinson,33138.0,To Waivers,5,The Roethlisberger's,"Dec 14, 5:28 am",2022
add,Broncos,,Waiver,3,Brokaw's Bums,"Dec 14, 3:44 am",2022
drop,Raiders,,To Waivers,3,Brokaw's Bums,"Dec 14, 3:44 am",2022
add,Trevor Lawrence,33389.0,Free Agent,10,Starting Defense,"Dec 11, 10:39 am",2022
drop,Russell Gage Jr.,31164.0,To Waivers,10,Starting Defense,"Dec 11, 10:39 am",2022
add,DJ Chark,31031.0,Free Agent,6,The Cousin Lovers,"Dec 10, 12:02 pm",2022
drop,Gus Edwards,31424.0,To Waivers,6,The Cousin Lovers,"Dec 10, 12:02 pm",2022
drop,Jameson Williams,33967.0,To Waivers,2,Joe Buck Yourself,"Dec 9, 12:06 pm",2022
add,Evan Engram,30136.0,Free Agent,6,The Cousin Lovers,"Dec 8, 11:32 pm",2022
drop,Foster Moreau,31969.0,To Waivers,6,The Cousin Lovers,"Dec 8, 11:28 pm",2022
add,Daniel Bellinger,34068.0,Free Agent,6,The Cousin Lovers,"Dec 8, 6:25 pm",2022
drop,Noah Fant,31852.0,To Free Agent,6,The Cousin Lovers,"Dec 8, 6:25 pm",2022
add,Noah Fant,31852.0,Free Agent,6,The Cousin Lovers,"Dec 8, 5:19 pm",2022
drop,Nico Collins,33477.0,To Waivers,6,The Cousin Lovers,"Dec 8, 5:19 pm",2022
add,Travis Homer,32036.0,Free Agent,8,Jackson's Team,"Dec 7, 6:30 pm",2022
drop,Wil Lutz,29754.0,To Waivers,8,Jackson's Team,"Dec 7, 6:30 pm",2022
add,Brett Maher,27369.0,Free Agent,1,Hingle McCringlebery,"Dec 7, 9:16 am",2022
drop,Younghoe Koo,30426.0,To Waivers,1,Hingle McCringlebery,"Dec 7, 9:16 am",2022
add,Greg Dulcich,34036.0,Free Agent,7,Talladega Knights,"Dec 7, 7:08 am",2022
drop,Van Jefferson,32727.0,To Waivers,7,Talladega Knights,"Dec 7, 7:08 am",2022
add,DeeJay Dallas,32814.0,Waiver,8,Jackson's Team,"Dec 7, 2:19 am",2022
drop,Deshaun Watson,30125.0,To Waivers,8,Jackson's Team,"Dec 7, 2:19 am",2022
add,Ryan Tannehill,25718.0,Waiver,3,Brokaw's Bums,"Dec 7, 2:19 am",2022
drop,Jimmy Garoppolo,27590.0,To Waivers,3,Brokaw's Bums,"Dec 7, 2:19 am",2022
add,Robert Woods,26664.0,Waiver,3,Brokaw's Bums,"Dec 7, 2:19 am",2022
drop,Tyler Allgeier,34107.0,To Waivers,3,Brokaw's Bums,"Dec 7, 2:19 am",2022
add,Michael Badgley,31366.0,Waiver,3,Brokaw's Bums,"Dec 7, 2:19 am",2022
drop,Cairo Santos,28227.0,To Waivers,3,Brokaw's Bums,"Dec 7, 2:19 am",2022
add,Raiders,,Waiver,3,Brokaw's Bums,"Dec 7, 2:19 am",2022
drop,Browns,,To Waivers,3,Brokaw's Bums,"Dec 7, 2:19 am",2022
add,Hunter Henry,29269.0,Waiver,3,Brokaw's Bums,"Dec 7, 2:19 am",2022
drop,Hayden Hurst,30995.0,To Waivers,3,Brokaw's Bums,"Dec 7, 2:19 am",2022
add,Rondale Moore,33437.0,$15  Waiver,6,The Cousin Lovers,"Dec 7, 2:19 am",2022
drop,Jets,,To Waivers,6,The Cousin Lovers,"Dec 7, 2:19 am",2022
add,James Cook III,34019.0,$20  Waiver,6,The Cousin Lovers,"Dec 7, 2:19 am",2022
drop,Michael Carter,33495.0,To Waivers,6,The Cousin Lovers,"Dec 7, 2:19 am",2022
drop,Courtland Sutton,31010.0,To Waivers,2,Joe Buck Yourself,"Dec 6, 11:26 am",2022
drop,Chase Claypool,32719.0,To Waivers,4,Simps Squad,"Dec 6, 11:26 am",2022
add,Nico Collins,33477.0,Free Agent,6,The Cousin Lovers,"Dec 4, 9:47 am",2022
drop,Juwan Johnson,33113.0,To Waivers,6,The Cousin Lovers,"Dec 4, 9:47 am",2022
add,Joshua Palmer,33465.0,$16  Waiver,7,Talladega Knights,"Dec 2, 2:10 am",2022
drop,Justin Watson,31114.0,To Waivers,7,Talladega Knights,"Dec 2, 2:10 am",2022
add,Treylon Burks,33973.0,Free Agent,2,Joe Buck Yourself,"Dec 1, 8:44 am",2022
drop,Damien Harris,31919.0,To Waivers,2,Joe Buck Yourself,"Dec 1, 8:44 am",2022
add,JaMycal Hasty,33199.0,Free Agent,2,Joe Buck Yourself,"Nov 30, 9:22 pm",2022
drop,Rondale Moore,33437.0,To Waivers,2,Joe Buck Yourself,"Nov 30, 9:22 pm",2022
add,Buccaneers,,Free Agent,1,Hingle McCringlebery,"Nov 30, 12:09 pm",2022
drop,Broncos,,To Waivers,1,Hingle McCringlebery,"Nov 30, 12:09 pm",2022
add,Foster Moreau,31969.0,Free Agent,6,The Cousin Lovers,"Nov 30, 9:21 am",2022
drop,Hunter Henry,29269.0,To Free Agent,6,The Cousin Lovers,"Nov 30, 9:21 am",2022
add,Seahawks,,Free Agent,6,The Cousin Lovers,"Nov 30, 9:14 am",2022
drop,Greg Dulcich,34036.0,To Waivers,6,The Cousin Lovers,"Nov 30, 9:14 am",2022
add,Hunter Henry,29269.0,Free Agent,6,The Cousin Lovers,"Nov 30, 5:26 am",2022
add,Benny Snell Jr.,31954.0,Free Agent,5,The Roethlisberger's,"Nov 30, 5:22 am",2022
drop,Darnell Mooney,32843.0,To Waivers,5,The Roethlisberger's,"Nov 30, 5:22 am",2022
add,Hayden Hurst,30995.0,Waiver,3,Brokaw's Bums,"Nov 30, 3:04 am",2022
drop,Mike Gesicki,31012.0,To Waivers,3,Brokaw's Bums,"Nov 30, 3:04 am",2022
add,Browns,,Waiver,3,Brokaw's Bums,"Nov 30, 3:04 am",2022
drop,Dolphins,,To Waivers,3,Brokaw's Bums,"Nov 30, 3:04 am",2022
add,Van Jefferson,32727.0,$14  Waiver,7,Talladega Knights,"Nov 30, 3:04 am",2022
drop,Nyheim Miller-Hines,31074.0,To Waivers,7,Talladega Knights,"Nov 30, 3:04 am",2022
add,Zay Jones,30150.0,$19  Waiver,3,Brokaw's Bums,"Nov 30, 3:04 am",2022
drop,Allen Robinson,27589.0,To Waivers,3,Brokaw's Bums,"Nov 30, 3:04 am",2022
add,Bam Knight,34357.0,$33  Waiver,2,Joe Buck Yourself,"Nov 30, 3:04 am",2022
drop,Joshua Palmer,33465.0,To Waivers,2,Joe Buck Yourself,"Nov 30, 3:04 am",2022
drop,Elijah Mitchell,33582.0,To Waivers,6,The Cousin Lovers,"Nov 28, 8:16 pm",2022
add,Odell Beckham Jr.,27540.0,Free Agent,8,Jackson's Team,"Nov 25, 3:17 pm",2022
drop,Melvin Gordon III,28403.0,To Waivers,8,Jackson's Team,"Nov 25, 3:17 pm",2022
add,DJ Moore,30994.0,$27  Waiver,7,Talladega Knights,"Nov 25, 2:10 am",2022
add,Cam Akers,32722.0,Free Agent,10,Starting Defense,"Nov 24, 7:21 am",2022
drop,Bengals,,To Waivers,10,Starting Defense,"Nov 24, 7:21 am",2022
add,Broncos,,Free Agent,1,Hingle McCringlebery,"Nov 23, 11:47 am",2022
drop,Trevor Lawrence,33389.0,To Waivers,1,Hingle McCringlebery,"Nov 23, 11:47 am",2022
add,Mike Gesicki,31012.0,Free Agent,3,Brokaw's Bums,"Nov 23, 11:19 am",2022
drop,Isaiah Likely,34095.0,To Waivers,3,Brokaw's Bums,"Nov 23, 11:19 am",2022
add,Dolphins,,Free Agent,3,Brokaw's Bums,"Nov 23, 11:17 am",2022
drop,Commanders,,To Waivers,3,Brokaw's Bums,"Nov 23, 11:17 am",2022
add,Donovan Peoples-Jones,32857.0,Free Agent,6,The Cousin Lovers,"Nov 23, 6:55 am",2022
drop,DJ Moore,30994.0,To Waivers,6,The Cousin Lovers,"Nov 23, 6:55 am",2022
add,Juwan Johnson,33113.0,$10  Waiver,6,The Cousin Lovers,"Nov 23, 2:15 am",2022
drop,Foster Moreau,31969.0,To Waivers,6,The Cousin Lovers,"Nov 23, 2:15 am",2022
add,Samaje Perine,30227.0,$10  Waiver,3,Brokaw's Bums,"Nov 23, 2:15 am",2022
add,Chiefs,,$17  Waiver,4,Simps Squad,"Nov 23, 2:15 am",2022
drop,Rams,,To Waivers,4,Simps Squad,"Nov 23, 2:15 am",2022
drop,Seahawks,,To Waivers,6,The Cousin Lovers,"Nov 22, 7:47 pm",2022
drop,Rashaad Penny,30997.0,To Waivers,3,Brokaw's Bums,"Nov 22, 12:44 pm",2022
drop,Wan'Dale Robinson,33998.0,To Waivers,7,Talladega Knights,"Nov 21, 9:54 pm",2022
add,Seahawks,,Free Agent,6,The Cousin Lovers,"Nov 20, 10:44 am",2022
add,Jerick McKinnon,27624.0,Free Agent,10,Starting Defense,"Nov 20, 10:37 am",2022
drop,Russell Wilson,25785.0,To Waivers,10,Starting Defense,"Nov 20, 10:37 am",2022
add,Steelers,,Free Agent,5,The Roethlisberger's,"Nov 20, 7:09 am",2022
drop,Raiders,,To Waivers,5,The Roethlisberger's,"Nov 20, 7:09 am",2022
drop,Brandon McManus,27120.0,To Waivers,5,The Roethlisberger's,"Nov 20, 7:09 am",2022
add,Justin Watson,31114.0,Free Agent,7,Talladega Knights,"Nov 19, 10:21 am",2022
add,Greg Dulcich,34036.0,$5  Waiver,6,The Cousin Lovers,"Nov 18, 2:10 am",2022
drop,Seahawks,,To Waivers,6,The Cousin Lovers,"Nov 18, 2:10 am",2022
add,Rams,,Free Agent,4,Simps Squad,"Nov 17, 4:06 pm",2022
drop,Giants,,To Waivers,4,Simps Squad,"Nov 17, 4:06 pm",2022
add,Devin Duvernay,32762.0,Free Agent,7,Talladega Knights,"Nov 17, 6:35 am",2022
drop,Marcus Mariota,28390.0,To Waivers,7,Talladega Knights,"Nov 17, 6:35 am",2022
add,Darius Slayton,32003.0,Free Agent,8,Jackson's Team,"Nov 16, 12:16 pm",2022
add,Kirk Cousins,25812.0,Free Agent,1,Hingle McCringlebery,"Nov 16, 8:44 am",2022
drop,Falcons,,To Waivers,1,Hingle McCringlebery,"Nov 16, 8:44 am",2022
add,Parris Campbell,31891.0,Free Agent,2,Joe Buck Yourself,"Nov 16, 8:44 am",2022
drop,Odell Beckham Jr.,27540.0,To Free Agent,2,Joe Buck Yourself,"Nov 16, 8:44 am",2022
add,Odell Beckham Jr.,27540.0,Free Agent,2,Joe Buck Yourself,"Nov 16, 8:43 am",2022
drop,Khalil Herbert,33605.0,To Waivers,2,Joe Buck Yourself,"Nov 16, 8:43 am",2022
add,Damien Harris,31919.0,Free Agent,2,Joe Buck Yourself,"Nov 16, 8:42 am",2022
add,Jets,,Free Agent,6,The Cousin Lovers,"Nov 16, 7:38 am",2022
drop,Jerick McKinnon,27624.0,To Waivers,6,The Cousin Lovers,"Nov 16, 7:38 am",2022
add,Commanders,,Free Agent,3,Brokaw's Bums,"Nov 16, 7:36 am",2022
drop,Titans,,To Waivers,3,Brokaw's Bums,"Nov 16, 7:36 am",2022
add,Cairo Santos,28227.0,Free Agent,3,Brokaw's Bums,"Nov 16, 7:36 am",2022
drop,Ryan Succop,9520.0,To Waivers,3,Brokaw's Bums,"Nov 16, 7:36 am",2022
add,Foster Moreau,31969.0,$10  Waiver,6,The Cousin Lovers,"Nov 16, 2:16 am",2022
drop,Zach Ertz,26658.0,To Waivers,6,The Cousin Lovers,"Nov 16, 2:16 am",2022
add,Isiah Pacheco,34207.0,$16  Waiver,3,Brokaw's Bums,"Nov 16, 2:16 am",2022
drop,Greg Dulcich,34036.0,To Waivers,3,Brokaw's Bums,"Nov 16, 2:16 am",2022
add,Rondale Moore,33437.0,$27  Waiver,2,Joe Buck Yourself,"Nov 16, 2:16 am",2022
drop,Eno Benjamin,32892.0,To Waivers,2,Joe Buck Yourself,"Nov 16, 2:16 am",2022
add,Christian Watson,33989.0,$65  Waiver,9,Lambeau Leapers,"Nov 16, 2:16 am",2022
drop,Rashod Bateman,33415.0,To Waivers,9,Lambeau Leapers,"Nov 16, 2:16 am",2022
drop,Buccaneers,,To Waivers,6,The Cousin Lovers,"Nov 15, 12:33 pm",2022
drop,Jake Elliott,30266.0,To Waivers,7,Talladega Knights,"Nov 15, 8:24 am",2022
drop,Brett Maher,27369.0,To Waivers,2,Joe Buck Yourself,"Nov 15, 7:30 am",2022
add,Nick Folk,8432.0,Free Agent,2,Joe Buck Yourself,"Nov 14, 10:06 am",2022
drop,Rex Burkhead,26813.0,To Waivers,2,Joe Buck Yourself,"Nov 14, 10:06 am",2022
add,Russell Wilson,25785.0,Free Agent,10,Starting Defense,"Nov 13, 11:37 am",2022
drop,Jared Goff,29235.0,To Free Agent,10,Starting Defense,"Nov 13, 11:37 am",2022
add,Jared Goff,29235.0,Free Agent,10,Starting Defense,"Nov 13, 11:37 am",2022
add,Daniel Jones,31838.0,Free Agent,4,Simps Squad,"Nov 13, 10:53 am",2022
drop,Devin Duvernay,32762.0,To Waivers,4,Simps Squad,"Nov 13, 10:53 am",2022
add,Rex Burkhead,26813.0,Free Agent,2,Joe Buck Yourself,"Nov 10, 10:04 pm",2022
drop,Isiah Pacheco,34207.0,To Waivers,2,Joe Buck Yourself,"Nov 10, 10:04 pm",2022
add,Jerick McKinnon,27624.0,Free Agent,6,The Cousin Lovers,"Nov 10, 12:52 pm",2022
drop,Dontrell Hilliard,31457.0,To Waivers,6,The Cousin Lovers,"Nov 10, 12:52 pm",2022
add,Raiders,,Free Agent,5,The Roethlisberger's,"Nov 9, 8:31 pm",2022
drop,Chiefs,,To Waivers,5,The Roethlisberger's,"Nov 9, 8:31 pm",2022
add,Jake Elliott,30266.0,Free Agent,7,Talladega Knights,"Nov 9, 4:32 pm",2022
drop,Robert Woods,26664.0,To Waivers,7,Talladega Knights,"Nov 9, 4:32 pm",2022
add,Marcus Mariota,28390.0,Free Agent,7,Talladega Knights,"Nov 9, 4:24 pm",2022
add,Wil Lutz,29754.0,Free Agent,8,Jackson's Team,"Nov 9, 4:19 pm",2022
drop,Rondale Moore,33437.0,To Waivers,8,Jackson's Team,"Nov 9, 4:19 pm",2022
add,Saints,,Free Agent,8,Jackson's Team,"Nov 9, 4:16 pm",2022
drop,Donovan Peoples-Jones,32857.0,To Waivers,8,Jackson's Team,"Nov 9, 4:16 pm",2022
add,Brett Maher,27369.0,Free Agent,2,Joe Buck Yourself,"Nov 9, 10:09 am",2022
drop,Matt Prater,8565.0,To Waivers,2,Joe Buck Yourself,"Nov 9, 10:09 am",2022
add,Falcons,,Free Agent,1,Hingle McCringlebery,"Nov 9, 10:07 am",2022
drop,Evan Engram,30136.0,To Waivers,1,Hingle McCringlebery,"Nov 9, 10:07 am",2022
add,Giants,,Waiver,4,Simps Squad,"Nov 9, 2:15 am",2022
drop,Colts,,To Waivers,4,Simps Squad,"Nov 9, 2:15 am",2022
add,Cole Kmet,32713.0,Waiver,8,Jackson's Team,"Nov 9, 2:15 am",2022
add,Dontrell Hilliard,31457.0,Waiver,6,The Cousin Lovers,"Nov 9, 2:15 am",2022
add,Jimmy Garoppolo,27590.0,Waiver,3,Brokaw's Bums,"Nov 9, 2:15 am",2022
drop,Romeo Doubs,34088.0,To Waivers,3,Brokaw's Bums,"Nov 9, 2:15 am",2022
add,Titans,,Waiver,3,Brokaw's Bums,"Nov 9, 2:15 am",2022
drop,Dolphins,,To Waivers,3,Brokaw's Bums,"Nov 9, 2:15 am",2022
add,Graham Gano,9526.0,$2  Waiver,4,Simps Squad,"Nov 9, 2:15 am",2022
drop,Nick Folk,8432.0,To Waivers,4,Simps Squad,"Nov 9, 2:15 am",2022
drop,Hayden Hurst,30995.0,To Waivers,8,Jackson's Team,"Nov 8, 8:48 am",2022
add,Hayden Hurst,30995.0,Free Agent,8,Jackson's Team,"Nov 6, 11:39 am",2022
drop,Marquez Valdes-Scantling,31144.0,To Waivers,8,Jackson's Team,"Nov 6, 11:39 am",2022
drop,Damien Harris,31919.0,To Waivers,8,Jackson's Team,"Nov 6, 11:35 am",2022
add,Hunter Renfrow,31981.0,Free Agent,10,Starting Defense,"Nov 6, 10:07 am",2022
drop,Matthew Stafford,9265.0,To Waivers,10,Starting Defense,"Nov 6, 10:07 am",2022
add,Gerald Everett,30157.0,Free Agent,10,Starting Defense,"Nov 6, 8:46 am",2022
drop,Mike Gesicki,31012.0,To Waivers,10,Starting Defense,"Nov 6, 8:46 am",2022
add,Chiefs,,Free Agent,5,The Roethlisberger's,"Nov 5, 12:18 pm",2022
drop,Jets,,To Waivers,5,The Roethlisberger's,"Nov 5, 12:18 pm",2022
add,Justin Fields,33399.0,Free Agent,2,Joe Buck Yourself,"Nov 4, 2:18 pm",2022
drop,Graham Gano,9526.0,To Waivers,2,Joe Buck Yourself,"Nov 4, 2:18 pm",2022
add,DeAndre Carter,28947.0,Free Agent,3,Brokaw's Bums,"Nov 3, 7:20 pm",2022
add,Mike Gesicki,31012.0,Free Agent,10,Starting Defense,"Nov 3, 6:16 pm",2022
drop,Austin Hooper,29315.0,To Waivers,10,Starting Defense,"Nov 3, 6:16 pm",2022
add,Bengals,,Free Agent,10,Starting Defense,"Nov 3, 6:11 pm",2022
drop,Wil Lutz,29754.0,To Waivers,10,Starting Defense,"Nov 3, 6:11 pm",2022
add,Dolphins,,Free Agent,3,Brokaw's Bums,"Nov 2, 11:37 am",2022
drop,Titans,,To Waivers,3,Brokaw's Bums,"Nov 2, 11:37 am",2022
add,Marquez Valdes-Scantling,31144.0,Free Agent,8,Jackson's Team,"Nov 2, 6:19 am",2022
drop,Caleb Huntley,33732.0,To Free Agent,8,Jackson's Team,"Nov 2, 6:19 am",2022
add,Caleb Huntley,33732.0,Free Agent,8,Jackson's Team,"Nov 2, 6:18 am",2022
drop,Kirk Cousins,25812.0,To Waivers,8,Jackson's Team,"Nov 2, 6:18 am",2022
add,Darnell Mooney,32843.0,Waiver,5,The Roethlisberger's,"Nov 2, 2:16 am",2022
drop,Marquise Goodwin,26701.0,To Waivers,5,The Roethlisberger's,"Nov 2, 2:16 am",2022
add,Evan Engram,30136.0,Waiver,1,Hingle McCringlebery,"Nov 2, 2:16 am",2022
drop,Alec Pierce,34008.0,To Waivers,1,Hingle McCringlebery,"Nov 2, 2:16 am",2022
add,Trevor Lawrence,33389.0,Waiver,1,Hingle McCringlebery,"Nov 2, 2:16 am",2022
drop,Daniel Jones,31838.0,To Waivers,1,Hingle McCringlebery,"Nov 2, 2:16 am",2022
add,Matt Prater,8565.0,Waiver,2,Joe Buck Yourself,"Nov 2, 2:16 am",2022
add,Rachaad White,34047.0,$4  Waiver,2,Joe Buck Yourself,"Nov 2, 2:16 am",2022
drop,Hayden Hurst,30995.0,To Waivers,2,Joe Buck Yourself,"Nov 2, 2:16 am",2022
add,Isaiah Likely,34095.0,$15  Waiver,3,Brokaw's Bums,"Nov 2, 2:16 am",2022
drop,Hunter Renfrow,31981.0,To Waivers,3,Brokaw's Bums,"Nov 2, 2:16 am",2022
add,Dawson Knox,31928.0,Free Agent,9,Lambeau Leapers,"Oct 30, 6:24 pm",2022
drop,Mason Crosby,8447.0,To Waivers,9,Lambeau Leapers,"Oct 30, 6:24 pm",2022
drop,Russell Wilson,25785.0,To Waivers,2,Joe Buck Yourself,"Oct 30, 8:54 am",2022
add,Wan'Dale Robinson,33998.0,$8  Waiver,7,Talladega Knights,"Oct 28, 2:10 am",2022
drop,Nico Collins,33477.0,To Waivers,7,Talladega Knights,"Oct 28, 2:10 am",2022
add,Donovan Peoples-Jones,32857.0,Free Agent,8,Jackson's Team,"Oct 27, 3:55 pm",2022
drop,Rams,,To Waivers,8,Jackson's Team,"Oct 27, 3:55 pm",2022
add,Kadarius Toney,33408.0,Free Agent,1,Hingle McCringlebery,"Oct 27, 12:16 pm",2022
drop,Gerald Everett,30157.0,To Waivers,1,Hingle McCringlebery,"Oct 27, 12:16 pm",2022
add,Marquise Goodwin,26701.0,Free Agent,5,The Roethlisberger's,"Oct 26, 6:07 pm",2022
add,Kyren Williams,34120.0,Free Agent,5,The Roethlisberger's,"Oct 26, 6:06 pm",2022
drop,Breece Hall,33991.0,To Waivers,5,The Roethlisberger's,"Oct 26, 6:06 pm",2022
add,Jason Myers,28378.0,Free Agent,6,The Cousin Lovers,"Oct 26, 5:57 pm",2022
drop,Wan'Dale Robinson,33998.0,To Waivers,6,The Cousin Lovers,"Oct 26, 5:57 pm",2022
add,Tyler Bass,32858.0,Free Agent,6,The Cousin Lovers,"Oct 26, 5:54 pm",2022
drop,Brett Maher,27369.0,To Waivers,6,The Cousin Lovers,"Oct 26, 5:54 pm",2022
add,Seahawks,,Free Agent,6,The Cousin Lovers,"Oct 26, 5:49 pm",2022
drop,Josh Reynolds,30230.0,To Waivers,6,The Cousin Lovers,"Oct 26, 5:49 pm",2022
add,Titans,,Free Agent,3,Brokaw's Bums,"Oct 26, 5:18 pm",2022
drop,Dolphins,,To Waivers,3,Brokaw's Bums,"Oct 26, 5:18 pm",2022
add,Greg Dulcich,34036.0,Free Agent,3,Brokaw's Bums,"Oct 26, 5:17 pm",2022
drop,Hunter Henry,29269.0,To Waivers,3,Brokaw's Bums,"Oct 26, 5:17 pm",2022
add,Joshua Palmer,33465.0,Free Agent,2,Joe Buck Yourself,"Oct 26, 1:19 pm",2022
drop,Marquez Valdes-Scantling,31144.0,To Waivers,2,Joe Buck Yourself,"Oct 26, 1:19 pm",2022
add,Kirk Cousins,25812.0,Free Agent,8,Jackson's Team,"Oct 26, 10:42 am",2022
drop,Cam Akers,32722.0,To Waivers,8,Jackson's Team,"Oct 26, 10:42 am",2022
add,Hayden Hurst,30995.0,Free Agent,2,Joe Buck Yourself,"Oct 26, 8:40 am",2022
drop,Cardinals,,To Waivers,2,Joe Buck Yourself,"Oct 26, 8:40 am",2022
add,Colts,,Waiver,4,Simps Squad,"Oct 26, 2:16 am",2022
drop,Packers,,To Waivers,4,Simps Squad,"Oct 26, 2:16 am",2022
add,Daniel Jones,31838.0,Waiver,1,Hingle McCringlebery,"Oct 26, 2:16 am",2022
drop,Jimmy Garoppolo,27590.0,To Waivers,1,Hingle McCringlebery,"Oct 26, 2:16 am",2022
add,Michael Carter,33495.0,Waiver,6,The Cousin Lovers,"Oct 26, 2:16 am",2022
drop,DeVante Parker,28402.0,To Waivers,6,The Cousin Lovers,"Oct 26, 2:16 am",2022
drop,Robbie Chosen,29785.0,To Waivers,6,The Cousin Lovers,"Oct 25, 8:17 am",2022
add,Jimmy Garoppolo,27590.0,Free Agent,1,Hingle McCringlebery,"Oct 23, 9:12 am",2022
drop,Jahan Dotson,33971.0,To Waivers,1,Hingle McCringlebery,"Oct 23, 9:12 am",2022
add,Isiah Pacheco,34207.0,Free Agent,2,Joe Buck Yourself,"Oct 23, 8:58 am",2022
drop,Mack Hollins,30231.0,To Waivers,2,Joe Buck Yourself,"Oct 23, 8:58 am",2022
add,Josh Reynolds,30230.0,$5  Waiver,6,The Cousin Lovers,"Oct 23, 2:10 am",2022
drop,Corey Davis,30118.0,To Waivers,6,The Cousin Lovers,"Oct 23, 2:10 am",2022
add,Mack Hollins,30231.0,Free Agent,2,Joe Buck Yourself,"Oct 21, 2:19 pm",2022
add,DJ Moore,30994.0,Free Agent,6,The Cousin Lovers,"Oct 21, 7:46 am",2022
add,Gus Edwards,31424.0,Free Agent,6,The Cousin Lovers,"Oct 21, 7:46 am",2022
drop,Odell Beckham Jr.,27540.0,To Waivers,6,The Cousin Lovers,"Oct 21, 7:46 am",2022
add,Chuba Hubbard,33514.0,Free Agent,4,Simps Squad,"Oct 21, 7:05 am",2022
drop,Josh Reynolds,30230.0,To Waivers,4,Simps Squad,"Oct 21, 7:05 am",2022
add,D'Onta Foreman,30202.0,Free Agent,2,Joe Buck Yourself,"Oct 20, 11:28 pm",2022
drop,Michael Carter,33495.0,To Waivers,2,Joe Buck Yourself,"Oct 20, 11:28 pm",2022
add,Odell Beckham Jr.,27540.0,Free Agent,6,The Cousin Lovers,"Oct 20, 7:43 pm",2022
drop,Tyler Bass,32858.0,To Waivers,6,The Cousin Lovers,"Oct 20, 7:43 pm",2022
add,Mason Crosby,8447.0,Free Agent,9,Lambeau Leapers,"Oct 20, 5:53 pm",2022
drop,Matt Prater,8565.0,To Free Agent,9,Lambeau Leapers,"Oct 20, 5:53 pm",2022
add,Tua Tagovailoa,32675.0,Free Agent,5,The Roethlisberger's,"Oct 20, 5:44 pm",2022
drop,Darnell Mooney,32843.0,To Waivers,5,The Roethlisberger's,"Oct 20, 5:44 pm",2022
add,Matt Prater,8565.0,Free Agent,9,Lambeau Leapers,"Oct 20, 4:49 pm",2022
drop,Mason Crosby,8447.0,To Free Agent,9,Lambeau Leapers,"Oct 20, 4:49 pm",2022
add,Mason Crosby,8447.0,Free Agent,9,Lambeau Leapers,"Oct 20, 4:48 pm",2022
drop,Dawson Knox,31928.0,To Waivers,9,Lambeau Leapers,"Oct 20, 4:48 pm",2022
add,Nick Folk,8432.0,Free Agent,4,Simps Squad,"Oct 19, 4:34 pm",2022
drop,Matt Gay,31977.0,To Waivers,4,Simps Squad,"Oct 19, 4:34 pm",2022
add,DeVante Parker,28402.0,Free Agent,6,The Cousin Lovers,"Oct 19, 12:38 pm",2022
drop,Chase Edmonds,31104.0,To Waivers,6,The Cousin Lovers,"Oct 19, 12:38 pm",2022
add,Marquez Valdes-Scantling,31144.0,Free Agent,2,Joe Buck Yourself,"Oct 19, 12:21 pm",2022
drop,Rachaad White,34047.0,To Waivers,2,Joe Buck Yourself,"Oct 19, 12:21 pm",2022
add,Jets,,Free Agent,5,The Roethlisberger's,"Oct 19, 11:20 am",2022
drop,Bears,,To Waivers,5,The Roethlisberger's,"Oct 19, 11:20 am",2022
add,Wan'Dale Robinson,33998.0,Waiver,6,The Cousin Lovers,"Oct 19, 2:17 am",2022
drop,Irv Smith Jr.,31882.0,To Waivers,6,The Cousin Lovers,"Oct 19, 2:17 am",2022
add,Robbie Chosen,29785.0,Waiver,6,The Cousin Lovers,"Oct 19, 2:17 am",2022
drop,Julio Jones,24793.0,To Waivers,6,The Cousin Lovers,"Oct 19, 2:17 am",2022
add,Dolphins,,Waiver,3,Brokaw's Bums,"Oct 19, 2:17 am",2022
drop,Browns,,To Waivers,3,Brokaw's Bums,"Oct 19, 2:17 am",2022
add,Cardinals,,$3  Waiver,2,Joe Buck Yourself,"Oct 19, 2:17 am",2022
drop,DJ Moore,30994.0,To Waivers,2,Joe Buck Yourself,"Oct 19, 2:17 am",2022
add,Dalton Schultz,31107.0,$5  Waiver,4,Simps Squad,"Oct 19, 2:17 am",2022
drop,Hayden Hurst,30995.0,To Waivers,4,Simps Squad,"Oct 19, 2:17 am",2022
add,Brett Maher,27369.0,$5  Waiver,6,The Cousin Lovers,"Oct 19, 2:17 am",2022
drop,Joshua Kelley,32782.0,To Waivers,6,The Cousin Lovers,"Oct 19, 2:17 am",2022
add,Kenyan Drake,29307.0,$13  Waiver,7,Talladega Knights,"Oct 19, 2:17 am",2022
drop,Isiah Pacheco,34207.0,To Waivers,7,Talladega Knights,"Oct 19, 2:17 am",2022
add,Michael Gallup,31051.0,$13  Waiver,4,Simps Squad,"Oct 19, 2:17 am",2022
add,Latavius Murray,26804.0,$51  Waiver,1,Hingle McCringlebery,"Oct 19, 2:17 am",2022
drop,Mike Boone,31228.0,To Waivers,1,Hingle McCringlebery,"Oct 19, 2:17 am",2022
drop,Kenny Pickett,33975.0,To Waivers,6,The Cousin Lovers,"Oct 18, 5:51 pm",2022
drop,Kirk Cousins,25812.0,To Waivers,1,Hingle McCringlebery,"Oct 18, 5:38 pm",2022
drop,Elijah Moore,33422.0,To Waivers,1,Hingle McCringlebery,"Oct 18, 5:38 pm",2022
add,Deon Jackson,33798.0,Free Agent,3,Brokaw's Bums,"Oct 16, 11:19 am",2022
drop,Trevor Lawrence,33389.0,To Waivers,3,Brokaw's Bums,"Oct 16, 11:19 am",2022
add,Gerald Everett,30157.0,Free Agent,1,Hingle McCringlebery,"Oct 15, 8:16 am",2022
add,Wil Lutz,29754.0,Free Agent,10,Starting Defense,"Oct 13, 1:58 pm",2022
add,Bears,,Free Agent,5,The Roethlisberger's,"Oct 13, 11:54 am",2022
drop,Seahawks,,To Waivers,5,The Roethlisberger's,"Oct 13, 11:54 am",2022
add,Graham Gano,9526.0,Free Agent,2,Joe Buck Yourself,"Oct 13, 10:51 am",2022
drop,Brett Maher,27369.0,To Waivers,2,Joe Buck Yourself,"Oct 13, 10:51 am",2022
add,Patriots,,Free Agent,1,Hingle McCringlebery,"Oct 12, 2:59 pm",2022
add,Rondale Moore,33437.0,Free Agent,8,Jackson's Team,"Oct 12, 12:05 pm",2022
drop,Antonio Brown,24171.0,To Waivers,8,Jackson's Team,"Oct 12, 12:05 pm",2022
add,Rachaad White,34047.0,Free Agent,2,Joe Buck Yourself,"Oct 12, 8:33 am",2022
drop,Michael Gallup,31051.0,To Waivers,2,Joe Buck Yourself,"Oct 12, 8:33 am",2022
add,Joshua Kelley,32782.0,Free Agent,6,The Cousin Lovers,"Oct 12, 6:14 am",2022
drop,Caleb Huntley,33732.0,To Waivers,6,The Cousin Lovers,"Oct 12, 6:14 am",2022
add,Browns,,Free Agent,3,Brokaw's Bums,"Oct 12, 6:10 am",2022
drop,Titans,,To Waivers,3,Brokaw's Bums,"Oct 12, 6:10 am",2022
add,Hayden Hurst,30995.0,$7  Waiver,4,Simps Squad,"Oct 12, 2:18 am",2022
drop,Kenny Gainwell,33538.0,To Waivers,4,Simps Squad,"Oct 12, 2:18 am",2022
add,Geno Smith,26662.0,$10  Waiver,2,Joe Buck Yourself,"Oct 12, 2:18 am",2022
drop,Jared Goff,29235.0,To Waivers,2,Joe Buck Yourself,"Oct 12, 2:18 am",2022
add,Alec Pierce,34008.0,$12  Waiver,1,Hingle McCringlebery,"Oct 12, 2:18 am",2022
add,Eno Benjamin,32892.0,$12  Waiver,2,Joe Buck Yourself,"Oct 12, 2:18 am",2022
drop,Gerald Everett,30157.0,To Waivers,2,Joe Buck Yourself,"Oct 12, 2:18 am",2022
add,Taysom Hill,30614.0,$51  Waiver,5,The Roethlisberger's,"Oct 12, 2:18 am",2022
drop,Dalton Schultz,31107.0,To Waivers,5,The Roethlisberger's,"Oct 12, 2:18 am",2022
add,Melvin Gordon III,28403.0,$100  Waiver,8,Jackson's Team,"Oct 12, 2:18 am",2022
drop,Jaguars,,To Waivers,1,Hingle McCringlebery,"Oct 11, 12:33 pm",2022
drop,Tyler Conklin,31127.0,To Waivers,1,Hingle McCringlebery,"Oct 9, 11:32 pm",2022
add,Seahawks,,Free Agent,5,The Roethlisberger's,"Oct 9, 5:21 am",2022
drop,Steelers,,To Waivers,5,The Roethlisberger's,"Oct 9, 5:21 am",2022
add,Hunter Henry,29269.0,Free Agent,3,Brokaw's Bums,"Oct 7, 10:36 am",2022
add,David Njoku,30142.0,Free Agent,9,Lambeau Leapers,"Oct 7, 10:11 am",2022
drop,Hayden Hurst,30995.0,To Free Agent,9,Lambeau Leapers,"Oct 7, 10:11 am",2022
add,Hayden Hurst,30995.0,Free Agent,9,Lambeau Leapers,"Oct 7, 10:09 am",2022
drop,Melvin Gordon III,28403.0,To Waivers,9,Lambeau Leapers,"Oct 7, 10:09 am",2022
add,Julio Jones,24793.0,Free Agent,6,The Cousin Lovers,"Oct 7, 5:37 am",2022
drop,Latavius Murray,26804.0,To Waivers,6,The Cousin Lovers,"Oct 7, 5:37 am",2022
add,Brett Maher,27369.0,Free Agent,2,Joe Buck Yourself,"Oct 6, 8:43 am",2022
drop,Dustin Hopkins,26800.0,To Waivers,2,Joe Buck Yourself,"Oct 6, 8:43 am",2022
add,Jakobi Meyers,32231.0,Free Agent,2,Joe Buck Yourself,"Oct 5, 9:02 am",2022
add,Jameson Williams,33967.0,Free Agent,2,Joe Buck Yourself,"Oct 5, 8:50 am",2022
drop,D'Onta Foreman,30202.0,To Waivers,2,Joe Buck Yourself,"Oct 5, 8:50 am",2022
add,Kenny Pickett,33975.0,Free Agent,6,The Cousin Lovers,"Oct 5, 8:40 am",2022
drop,Carson Wentz,29236.0,To Waivers,6,The Cousin Lovers,"Oct 5, 8:40 am",2022
add,Latavius Murray,26804.0,Free Agent,6,The Cousin Lovers,"Oct 5, 8:39 am",2022
drop,Dolphins,,To Waivers,6,The Cousin Lovers,"Oct 5, 8:39 am",2022
add,Jaguars,,Free Agent,1,Hingle McCringlebery,"Oct 5, 8:36 am",2022
drop,Giants,,To Waivers,1,Hingle McCringlebery,"Oct 5, 8:36 am",2022
add,Josh Reynolds,30230.0,Waiver,4,Simps Squad,"Oct 5, 2:15 am",2022
drop,Treylon Burks,33973.0,To Waivers,4,Simps Squad,"Oct 5, 2:15 am",2022
add,Caleb Huntley,33732.0,Waiver,6,The Cousin Lovers,"Oct 5, 2:15 am",2022
add,Titans,,Waiver,3,Brokaw's Bums,"Oct 5, 2:15 am",2022
drop,Cardinals,,To Waivers,3,Brokaw's Bums,"Oct 5, 2:15 am",2022
add,Jared Goff,29235.0,$6  Waiver,2,Joe Buck Yourself,"Oct 5, 2:15 am",2022
drop,Derek Carr,27564.0,To Waivers,2,Joe Buck Yourself,"Oct 5, 2:15 am",2022
add,Mike Boone,31228.0,$11  Waiver,1,Hingle McCringlebery,"Oct 5, 2:15 am",2022
drop,Mack Hollins,30231.0,To Waivers,1,Hingle McCringlebery,"Oct 5, 2:15 am",2022
add,George Pickens,34007.0,$15  Waiver,5,The Roethlisberger's,"Oct 5, 2:15 am",2022
drop,DJ Chark,31031.0,To Waivers,5,The Roethlisberger's,"Oct 5, 2:15 am",2022
add,Tyler Allgeier,34107.0,$20  Waiver,3,Brokaw's Bums,"Oct 5, 2:15 am",2022
drop,Kadarius Toney,33408.0,To Waivers,3,Brokaw's Bums,"Oct 5, 2:15 am",2022
drop,Taysom Hill,30614.0,To Waivers,1,Hingle McCringlebery,"Oct 4, 2:42 pm",2022
drop,Javonte Williams,33423.0,To Waivers,10,Starting Defense,"Oct 4, 10:38 am",2022
add,Taysom Hill,30614.0,Free Agent,1,Hingle McCringlebery,"Oct 1, 11:53 pm",2022
add,Trevor Lawrence,33389.0,$2  Waiver,3,Brokaw's Bums,"Oct 1, 2:11 am",2022
drop,Albert Okwuegbunam Jr.,32788.0,To Waivers,3,Brokaw's Bums,"Oct 1, 2:11 am",2022
add,Michael Gallup,31051.0,Free Agent,2,Joe Buck Yourself,"Sep 30, 7:28 pm",2022
drop,Tua Tagovailoa,32675.0,To Waivers,6,The Cousin Lovers,"Sep 29, 8:40 pm",2022
add,49ers,,Free Agent,10,Starting Defense,"Sep 29, 7:01 pm",2022
drop,Chiefs,,To Waivers,10,Starting Defense,"Sep 29, 7:01 pm",2022
drop,Jakobi Meyers,32231.0,To Waivers,3,Brokaw's Bums,"Sep 29, 4:02 pm",2022
add,D'Onta Foreman,30202.0,Free Agent,2,Joe Buck Yourself,"Sep 29, 1:52 pm",2022
drop,Trevor Lawrence,33389.0,To Waivers,2,Joe Buck Yourself,"Sep 29, 1:52 pm",2022
add,Cardinals,,Free Agent,3,Brokaw's Bums,"Sep 28, 9:59 am",2022
drop,Saints,,To Waivers,3,Brokaw's Bums,"Sep 28, 9:59 am",2022
add,Dolphins,,Free Agent,6,The Cousin Lovers,"Sep 28, 8:36 am",2022
add,Giants,,Free Agent,1,Hingle McCringlebery,"Sep 28, 7:56 am",2022
drop,Bears,,To Waivers,1,Hingle McCringlebery,"Sep 28, 7:56 am",2022
add,Tyler Conklin,31127.0,Free Agent,1,Hingle McCringlebery,"Sep 28, 7:55 am",2022
add,Mack Hollins,30231.0,Free Agent,1,Hingle McCringlebery,"Sep 28, 7:54 am",2022
drop,Taysom Hill,30614.0,To Waivers,1,Hingle McCringlebery,"Sep 28, 7:54 am",2022
add,Trevor Lawrence,33389.0,Waiver,2,Joe Buck Yourself,"Sep 28, 2:16 am",2022
drop,Darrel Williams,31500.0,To Waivers,2,Joe Buck Yourself,"Sep 28, 2:16 am",2022
add,Derek Carr,27564.0,Waiver,2,Joe Buck Yourself,"Sep 28, 2:16 am",2022
drop,Julio Jones,24793.0,To Waivers,2,Joe Buck Yourself,"Sep 28, 2:16 am",2022
add,Cowboys,,$4  Waiver,7,Talladega Knights,"Sep 28, 2:16 am",2022
drop,Alec Pierce,34008.0,To Waivers,7,Talladega Knights,"Sep 28, 2:16 am",2022
add,Romeo Doubs,34088.0,$15  Waiver,3,Brokaw's Bums,"Sep 28, 2:16 am",2022
drop,Jaylen Warren,34447.0,To Waivers,3,Brokaw's Bums,"Sep 28, 2:16 am",2022
drop,Marlon Mack,30256.0,To Waivers,1,Hingle McCringlebery,"Sep 25, 11:45 pm",2022
add,Carson Wentz,29236.0,Free Agent,6,The Cousin Lovers,"Sep 25, 10:13 am",2022
drop,Robbie Chosen,29785.0,To Waivers,6,The Cousin Lovers,"Sep 25, 10:13 am",2022
add,Tyler Higbee,29344.0,Free Agent,5,The Roethlisberger's,"Sep 22, 3:53 pm",2022
drop,Skyy Moore,34009.0,To Waivers,5,The Roethlisberger's,"Sep 22, 3:53 pm",2022
add,Dustin Hopkins,26800.0,Free Agent,2,Joe Buck Yourself,"Sep 22, 8:50 am",2022
drop,Cade York,34080.0,To Waivers,2,Joe Buck Yourself,"Sep 22, 8:50 am",2022
add,Khalil Herbert,33605.0,Free Agent,2,Joe Buck Yourself,"Sep 21, 10:25 am",2022
drop,Carson Wentz,29236.0,To Free Agent,2,Joe Buck Yourself,"Sep 21, 10:25 am",2022
add,Ryan Succop,9520.0,Free Agent,3,Brokaw's Bums,"Sep 21, 9:26 am",2022
drop,Wil Lutz,29754.0,To Waivers,3,Brokaw's Bums,"Sep 21, 9:26 am",2022
add,Corey Davis,30118.0,Free Agent,6,The Cousin Lovers,"Sep 21, 7:56 am",2022
drop,Marquez Valdes-Scantling,31144.0,To Waivers,6,The Cousin Lovers,"Sep 21, 7:56 am",2022
add,Saints,,Free Agent,3,Brokaw's Bums,"Sep 21, 7:54 am",2022
drop,Browns,,To Waivers,3,Brokaw's Bums,"Sep 21, 7:54 am",2022
add,Carson Wentz,29236.0,Free Agent,2,Joe Buck Yourself,"Sep 21, 7:54 am",2022
drop,George Pickens,34007.0,To Waivers,2,Joe Buck Yourself,"Sep 21, 7:54 am",2022
add,Bears,,Free Agent,1,Hingle McCringlebery,"Sep 21, 7:40 am",2022
drop,Broncos,,To Waivers,1,Hingle McCringlebery,"Sep 21, 7:40 am",2022
add,Darrel Williams,31500.0,Waiver,2,Joe Buck Yourself,"Sep 21, 2:17 am",2022
drop,Christian Watson,33989.0,To Waivers,2,Joe Buck Yourself,"Sep 21, 2:17 am",2022
add,Eagles,,Waiver,2,Joe Buck Yourself,"Sep 21, 2:17 am",2022
add,Gerald Everett,30157.0,$5  Waiver,2,Joe Buck Yourself,"Sep 21, 2:17 am",2022
add,Tua Tagovailoa,32675.0,$10  Waiver,6,The Cousin Lovers,"Sep 21, 2:17 am",2022
drop,Trey Lance,33391.0,To Waivers,5,The Roethlisberger's,"Sep 20, 9:14 pm",2022
drop,DeVante Parker,28402.0,To Waivers,6,The Cousin Lovers,"Sep 20, 11:37 am",2022
drop,49ers,,To Waivers,2,Joe Buck Yourself,"Sep 20, 8:10 am",2022
drop,Mark Ingram II,24815.0,To Waivers,2,Joe Buck Yourself,"Sep 20, 8:09 am",2022
add,Mark Ingram II,24815.0,Free Agent,2,Joe Buck Yourself,"Sep 18, 9:33 am",2022
drop,Romeo Doubs,34088.0,To Waivers,2,Joe Buck Yourself,"Sep 18, 9:33 am",2022
add,Vikings,,Free Agent,9,Lambeau Leapers,"Sep 15, 7:06 pm",2022
drop,Blake Bortles,27531.0,To Waivers,9,Lambeau Leapers,"Sep 15, 7:06 pm",2022
add,Brandon McManus,27120.0,Free Agent,5,The Roethlisberger's,"Sep 14, 2:59 pm",2022
add,Christian Watson,33989.0,Free Agent,2,Joe Buck Yourself,"Sep 14, 12:59 pm",2022
drop,Michael Gallup,31051.0,To Waivers,2,Joe Buck Yourself,"Sep 14, 12:59 pm",2022
add,Marlon Mack,30256.0,Free Agent,1,Hingle McCringlebery,"Sep 14, 9:42 am",2022
drop,Wan'Dale Robinson,33998.0,To Waivers,1,Hingle McCringlebery,"Sep 14, 9:42 am",2022
add,Taysom Hill,30614.0,Waiver,1,Hingle McCringlebery,"Sep 14, 2:17 am",2022
drop,James Cook III,34019.0,To Waivers,1,Hingle McCringlebery,"Sep 14, 2:17 am",2022
add,Cade York,34080.0,Waiver,2,Joe Buck Yourself,"Sep 14, 2:17 am",2022
drop,Nick Folk,8432.0,To Waivers,2,Joe Buck Yourself,"Sep 14, 2:17 am",2022
add,Wil Lutz,29754.0,Waiver,3,Brokaw's Bums,"Sep 14, 2:17 am",2022
drop,Rodrigo Blankenship,33211.0,To Waivers,3,Brokaw's Bums,"Sep 14, 2:17 am",2022
add,Browns,,$1  Waiver,3,Brokaw's Bums,"Sep 14, 2:17 am",2022
drop,Colts,,To Waivers,3,Brokaw's Bums,"Sep 14, 2:17 am",2022
add,Jaylen Warren,34447.0,$2  Waiver,3,Brokaw's Bums,"Sep 14, 2:17 am",2022
drop,Jalen Tolbert,34044.0,To Waivers,3,Brokaw's Bums,"Sep 14, 2:17 am",2022
add,Curtis Samuel,30153.0,$8  Waiver,6,The Cousin Lovers,"Sep 14, 2:17 am",2022
add,Devin Duvernay,32762.0,$10  Waiver,4,Simps Squad,"Sep 14, 2:17 am",2022
drop,Sammy Watkins,27532.0,To Waivers,4,Simps Squad,"Sep 14, 2:17 am",2022
add,Jeff Wilson Jr.,31394.0,$20  Waiver,4,Simps Squad,"Sep 14, 2:17 am",2022
drop,Saints,,To Waivers,4,Simps Squad,"Sep 14, 2:17 am",2022
add,Sammy Watkins,27532.0,Free Agent,4,Simps Squad,"Sep 10, 9:19 pm",2022
drop,Odell Beckham Jr.,27540.0,To Waivers,4,Simps Squad,"Sep 10, 9:19 pm",2022
add,Saints,,Free Agent,4,Simps Squad,"Sep 8, 12:27 pm",2022
drop,Christian Watson,33989.0,To Waivers,4,Simps Squad,"Sep 8, 12:27 pm",2022
add,Christian Watson,33989.0,Free Agent,4,Simps Squad,"Sep 6, 3:08 pm",2022
drop,Sammy Watkins,27532.0,To Waivers,4,Simps Squad,"Sep 6, 3:08 pm",2022
add,Ravens,,Free Agent,8,Jackson's Team,"Sep 6, 8:52 am",2022
drop,Joe Flacco,8795.0,To Free Agent,8,Jackson's Team,"Sep 6, 8:52 am",2022
add,Joe Flacco,8795.0,Free Agent,8,Jackson's Team,"Sep 6, 8:50 am",2022
drop,Calvin Ridley,30996.0,To Waivers,8,Jackson's Team,"Sep 6, 8:50 am",2022
add,Michael Gallup,31051.0,Free Agent,2,Joe Buck Yourself,"Sep 6, 8:49 am",2022
drop,Kenyan Drake,29307.0,To Waivers,2,Joe Buck Yourself,"Sep 6, 8:49 am",2022
add,Rodrigo Blankenship,33211.0,Free Agent,3,Brokaw's Bums,"Sep 5, 2:13 pm",2022
drop,Rachaad White,34047.0,To Waivers,3,Brokaw's Bums,"Sep 5, 2:13 pm",2022
add,Odell Beckham Jr.,27540.0,Free Agent,4,Simps Squad,"Aug 31, 7:54 pm",2022
drop,Mike Gesicki,31012.0,To Waivers,4,Simps Squad,"Aug 31, 7:54 pm",2022
add,Jahan Dotson,33971.0,Free Agent,1,Hingle McCringlebery,"Aug 31, 7:41 am",2022
add,Alec Pierce,34008.0,$5  Waiver,7,Talladega Knights,"Aug 31, 2:09 am",2022
drop,Justin Fields,33399.0,To Waivers,7,Talladega Knights,"Aug 31, 2:09 am",2022
add,Kenyan Drake,29307.0,Free Agent,2,Joe Buck Yourself,"Aug 30, 10:55 am",2022
drop,Mike Davis,28514.0,To Waivers,2,Joe Buck Yourself,"Aug 30, 10:55 am",2022
add,Justin Fields,33399.0,Free Agent,7,Talladega Knights,"Aug 29, 10:27 am",2022
drop,Alec Pierce,34008.0,To Waivers,7,Talladega Knights,"Aug 29, 10:27 am",2022
add,Mike Davis,28514.0,Waiver,2,Joe Buck Yourself,"Aug 29, 2:09 am",2022
drop,Ronald Jones,31008.0,To Waivers,2,Joe Buck Yourself,"Aug 29, 2:09 am",2022
add,Rashid Shaheed,34659.0,Free Agent,2,Jackson's Team,"Dec 31, 12:12 am",2023
drop,Vikings,,To Waivers,2,Jackson's Team,"Dec 31, 12:12 am",2023
add,Zach Charbonnet,40075.0,Free Agent,8,The Cousin Lovers,"Dec 30, 8:08 am",2023
drop,Jakobi Meyers,32231.0,To Waivers,8,The Cousin Lovers,"Dec 30, 8:08 am",2023
drop,Trey Sermon,33476.0,To Waivers,6,Brokaw's Bums,"Dec 28, 6:14 pm",2023
add,Cairo Santos,28227.0,Free Agent,8,The Cousin Lovers,"Dec 27, 6:53 am",2023
drop,Matt Gay,31977.0,To Waivers,8,The Cousin Lovers,"Dec 27, 6:53 am",2023
add,Joe Flacco,8795.0,Free Agent,8,The Cousin Lovers,"Dec 27, 6:51 am",2023
drop,Nick Mullens,30563.0,To Waivers,8,The Cousin Lovers,"Dec 27, 6:51 am",2023
add,K.J. Osborn,32846.0,Free Agent,8,The Cousin Lovers,"Dec 27, 6:48 am",2023
drop,Zach Charbonnet,40075.0,To Waivers,8,The Cousin Lovers,"Dec 27, 6:48 am",2023
add,Raiders,,Waiver,8,The Cousin Lovers,"Dec 27, 2:12 am",2023
add,Demarcus Robinson,29360.0,Waiver,8,The Cousin Lovers,"Dec 27, 2:12 am",2023
drop,Texans,,To Waivers,8,The Cousin Lovers,"Dec 27, 2:12 am",2023
add,Tucker Kraft,40102.0,Waiver,8,The Cousin Lovers,"Dec 27, 2:12 am",2023
drop,Bears,,To Waivers,8,The Cousin Lovers,"Dec 27, 2:12 am",2023
add,Justice Hill,31945.0,Free Agent,4,The Roethlisberger's,"Dec 25, 10:47 am",2023
add,Tom Brady,5228.0,Free Agent,5,Joe Buck Yourself,"Dec 24, 2:46 pm",2023
drop,Saints,,To Waivers,5,Joe Buck Yourself,"Dec 24, 2:45 pm",2023
drop,Antonio Gibson,32736.0,To Waivers,5,Joe Buck Yourself,"Dec 24, 2:45 pm",2023
add,Odell Beckham Jr.,27540.0,Free Agent,9,Talladega Knights,"Dec 24, 8:52 am",2023
add,Nick Mullens,30563.0,Free Agent,8,The Cousin Lovers,"Dec 23, 12:04 pm",2023
drop,Joe Flacco,8795.0,To Waivers,8,The Cousin Lovers,"Dec 23, 12:04 pm",2023
add,Zach Charbonnet,40075.0,Free Agent,8,The Cousin Lovers,"Dec 22, 8:39 am",2023
drop,Taysom Hill,30614.0,To Waivers,8,The Cousin Lovers,"Dec 22, 8:39 am",2023
add,Commanders,,Free Agent,4,The Roethlisberger's,"Dec 21, 7:55 pm",2023
drop,Bengals,,To Waivers,4,The Roethlisberger's,"Dec 21, 7:55 pm",2023
add,Seahawks,,Free Agent,1,Hingle McCringlebery,"Dec 21, 4:55 pm",2023
add,Curtis Samuel,30153.0,Free Agent,6,Brokaw's Bums,"Dec 21, 11:28 am",2023
drop,Joe Burrow,32671.0,To Waivers,6,Brokaw's Bums,"Dec 20, 4:29 pm",2023
drop,Aaron Rodgers,7200.0,To Waivers,6,Brokaw's Bums,"Dec 20, 4:28 pm",2023
add,Bears,,Free Agent,8,The Cousin Lovers,"Dec 20, 7:34 am",2023
drop,Jerick McKinnon,27624.0,To Waivers,8,The Cousin Lovers,"Dec 20, 7:34 am",2023
add,Joe Flacco,8795.0,Free Agent,8,The Cousin Lovers,"Dec 20, 7:32 am",2023
drop,Sam Howell,34100.0,To Waivers,8,The Cousin Lovers,"Dec 20, 7:32 am",2023
add,Zamir White,34078.0,Free Agent,8,The Cousin Lovers,"Dec 20, 7:17 am",2023
drop,Tyjae Spears,40119.0,To Waivers,8,The Cousin Lovers,"Dec 20, 7:17 am",2023
add,Greg Joseph,31538.0,Waiver,1,Hingle McCringlebery,"Dec 20, 2:11 am",2023
drop,Riley Patterson,33781.0,To Waivers,1,Hingle McCringlebery,"Dec 20, 2:11 am",2023
add,Trey Sermon,33476.0,Waiver,6,Brokaw's Bums,"Dec 20, 2:11 am",2023
drop,Keaton Mitchell,40641.0,To Waivers,6,Brokaw's Bums,"Dec 20, 2:11 am",2023
add,Texans,,Waiver,8,The Cousin Lovers,"Dec 20, 2:11 am",2023
add,Broncos,,$2  Waiver,6,Brokaw's Bums,"Dec 20, 2:11 am",2023
drop,Raiders,,To Waivers,6,Brokaw's Bums,"Dec 20, 2:11 am",2023
drop,Odell Beckham Jr.,27540.0,To Free Agent,8,The Cousin Lovers,"Dec 17, 11:00 pm",2023
add,Odell Beckham Jr.,27540.0,Free Agent,8,The Cousin Lovers,"Dec 17, 11:06 am",2023
add,Antonio Gibson,32736.0,Free Agent,5,Joe Buck Yourself,"Dec 15, 4:49 pm",2023
drop,Zamir White,34078.0,To Waivers,5,Joe Buck Yourself,"Dec 15, 4:49 pm",2023
add,Ty Chandler,34125.0,Free Agent,5,Joe Buck Yourself,"Dec 14, 3:57 pm",2023
drop,Chase Brown,40196.0,To Waivers,5,Joe Buck Yourself,"Dec 14, 3:57 pm",2023
add,Zamir White,34078.0,Free Agent,5,Joe Buck Yourself,"Dec 14, 3:28 pm",2023
drop,Elijah Mitchell,33582.0,To Waivers,5,Joe Buck Yourself,"Dec 14, 3:28 pm",2023
add,Bengals,,Free Agent,4,The Roethlisberger's,"Dec 13, 12:02 pm",2023
drop,Steelers,,To Waivers,4,The Roethlisberger's,"Dec 13, 12:02 pm",2023
add,Chase Brown,40196.0,Free Agent,5,Joe Buck Yourself,"Dec 13, 8:41 am",2023
drop,Zach Charbonnet,40075.0,To Waivers,5,Joe Buck Yourself,"Dec 13, 8:41 am",2023
add,Raiders,,Free Agent,6,Brokaw's Bums,"Dec 13, 6:01 am",2023
drop,Texans,,To Waivers,6,Brokaw's Bums,"Dec 13, 6:01 am",2023
add,Eagles,,$3  Waiver,1,Hingle McCringlebery,"Dec 13, 2:14 am",2023
drop,Brandin Cooks,27548.0,To Waivers,1,Hingle McCringlebery,"Dec 13, 2:14 am",2023
add,Matthew Stafford,9265.0,$16  Waiver,5,Joe Buck Yourself,"Dec 13, 2:14 am",2023
drop,Justin Herbert,32676.0,To Waivers,5,Joe Buck Yourself,"Dec 13, 2:14 am",2023
drop,Ty Chandler,34125.0,To Waivers,1,Hingle McCringlebery,"Dec 12, 11:05 am",2023
drop,Joshua Dobbs,30248.0,To Waivers,8,The Cousin Lovers,"Dec 10, 5:52 pm",2023
add,Jaguars,,Waiver,7,Lambeau Leapers,"Dec 9, 2:12 am",2023
drop,Eagles,,To Waivers,7,Lambeau Leapers,"Dec 9, 2:12 am",2023
add,Clyde Edwards-Helaire,32702.0,Free Agent,6,Brokaw's Bums,"Dec 8, 2:09 pm",2023
drop,Joshua Kelley,32782.0,To Waivers,6,Brokaw's Bums,"Dec 8, 2:09 pm",2023
add,Jerick McKinnon,27624.0,Free Agent,8,The Cousin Lovers,"Dec 8, 10:38 am",2023
drop,Odell Beckham Jr.,27540.0,To Waivers,8,The Cousin Lovers,"Dec 8, 10:38 am",2023
add,Jared Goff,29235.0,Waiver,3,Simps Squad,"Dec 8, 2:13 am",2023
add,Tyjae Spears,40119.0,Free Agent,8,The Cousin Lovers,"Dec 7, 11:16 am",2023
drop,Jaguars,,To Waivers,8,The Cousin Lovers,"Dec 7, 11:16 am",2023
add,Jerry Jeudy,32685.0,Waiver,2,Jackson's Team,"Dec 7, 2:18 am",2023
add,Dalton Schultz,31107.0,Free Agent,5,Joe Buck Yourself,"Dec 6, 12:04 pm",2023
add,Matt Gay,31977.0,Waiver,8,The Cousin Lovers,"Dec 6, 2:20 am",2023
drop,Brandon McManus,27120.0,To Waivers,8,The Cousin Lovers,"Dec 6, 2:20 am",2023
add,Texans,,$1  Waiver,6,Brokaw's Bums,"Dec 6, 2:20 am",2023
drop,Cowboys,,To Waivers,6,Brokaw's Bums,"Dec 6, 2:20 am",2023
add,Ezekiel Elliott,29238.0,$18  Waiver,6,Brokaw's Bums,"Dec 6, 2:20 am",2023
drop,Jared Goff,29235.0,To Waivers,6,Brokaw's Bums,"Dec 6, 2:20 am",2023
drop,Logan Thomas,27648.0,To Waivers,5,Joe Buck Yourself,"Dec 5, 7:32 am",2023
drop,Antonio Gibson,32736.0,To Waivers,8,The Cousin Lovers,"Dec 5, 6:17 am",2023
drop,Jerry Jeudy,32685.0,To Waivers,9,Talladega Knights,"Dec 5, 5:37 am",2023
drop,Derek Carr,27564.0,To Waivers,9,Talladega Knights,"Dec 5, 5:37 am",2023
add,Rams,,Free Agent,10,Starting Defense,"Dec 3, 10:26 am",2023
drop,Raiders,,To Waivers,10,Starting Defense,"Dec 3, 10:26 am",2023
add,Derek Carr,27564.0,Free Agent,9,Talladega Knights,"Dec 1, 4:24 pm",2023
drop,Tyler Boyd,29288.0,To Waivers,9,Talladega Knights,"Dec 1, 4:24 pm",2023
add,Jerry Jeudy,32685.0,Free Agent,9,Talladega Knights,"Dec 1, 4:23 pm",2023
drop,Dalton Schultz,31107.0,To Waivers,9,Talladega Knights,"Dec 1, 4:23 pm",2023
add,Gerald Everett,30157.0,Free Agent,9,Talladega Knights,"Dec 1, 4:22 pm",2023
drop,Jaleel McLaughlin,40696.0,To Waivers,9,Talladega Knights,"Dec 1, 4:22 pm",2023
add,Antonio Gibson,32736.0,Free Agent,8,The Cousin Lovers,"Dec 1, 10:33 am",2023
drop,Khalil Herbert,33605.0,To Waivers,8,The Cousin Lovers,"Dec 1, 10:33 am",2023
add,Logan Thomas,27648.0,$8  Waiver,5,Joe Buck Yourself,"Dec 1, 2:16 am",2023
drop,Juwan Johnson,33113.0,To Waivers,5,Joe Buck Yourself,"Dec 1, 2:16 am",2023
add,Jason Myers,28378.0,Free Agent,10,Starting Defense,"Nov 30, 6:59 pm",2023
drop,JuJu Smith-Schuster,30175.0,To Waivers,10,Starting Defense,"Nov 30, 6:59 pm",2023
add,Jordan Love,32696.0,Free Agent,8,The Cousin Lovers,"Nov 30, 6:00 pm",2023
add,Brandin Cooks,27548.0,Free Agent,1,Hingle McCringlebery,"Nov 29, 9:50 pm",2023
add,Jason Sanders,31199.0,Free Agent,4,The Roethlisberger's,"Nov 29, 11:54 am",2023
drop,Logan Thomas,27648.0,To Waivers,4,The Roethlisberger's,"Nov 29, 11:54 am",2023
add,Packers,,Free Agent,2,Jackson's Team,"Nov 29, 11:53 am",2023
drop,Jerry Jeudy,32685.0,To Waivers,2,Jackson's Team,"Nov 29, 11:53 am",2023
add,Vikings,,Free Agent,2,Jackson's Team,"Nov 29, 11:51 am",2023
drop,Geno Smith,26662.0,To Waivers,2,Jackson's Team,"Nov 29, 11:51 am",2023
add,Saints,,Free Agent,5,Joe Buck Yourself,"Nov 29, 9:03 am",2023
drop,Rico Dowdle,33100.0,To Waivers,5,Joe Buck Yourself,"Nov 29, 9:03 am",2023
add,Brandon McManus,27120.0,Waiver,8,The Cousin Lovers,"Nov 29, 2:42 am",2023
drop,Dustin Hopkins,26800.0,To Waivers,8,The Cousin Lovers,"Nov 29, 2:42 am",2023
add,Jaguars,,Waiver,8,The Cousin Lovers,"Nov 29, 2:42 am",2023
drop,Broncos,,To Waivers,8,The Cousin Lovers,"Nov 29, 2:42 am",2023
add,Chuba Hubbard,33514.0,$1  Waiver,9,Talladega Knights,"Nov 29, 2:42 am",2023
drop,Julio Jones,24793.0,To Waivers,9,Talladega Knights,"Nov 29, 2:42 am",2023
add,Jared Goff,29235.0,$2  Waiver,6,Brokaw's Bums,"Nov 29, 2:42 am",2023
drop,Patriots,,To Waivers,6,Brokaw's Bums,"Nov 29, 2:42 am",2023
add,Juwan Johnson,33113.0,$2  Waiver,5,Joe Buck Yourself,"Nov 29, 2:42 am",2023
drop,Tyjae Spears,40119.0,To Waivers,5,Joe Buck Yourself,"Nov 29, 2:42 am",2023
add,Rashee Rice,40084.0,$7  Waiver,9,Talladega Knights,"Nov 29, 2:42 am",2023
drop,Rashid Shaheed,34659.0,To Waivers,8,The Cousin Lovers,"Nov 26, 1:25 pm",2023
add,Rashid Shaheed,34659.0,Free Agent,8,The Cousin Lovers,"Nov 24, 6:37 am",2023
add,Cade Otton,34062.0,Free Agent,10,Starting Defense,"Nov 23, 9:53 am",2023
drop,Luke Musgrave,40074.0,To Waivers,10,Starting Defense,"Nov 23, 9:53 am",2023
add,Broncos,,Free Agent,8,The Cousin Lovers,"Nov 22, 12:22 pm",2023
drop,Jared Goff,29235.0,To Waivers,8,The Cousin Lovers,"Nov 22, 12:22 pm",2023
add,Odell Beckham Jr.,27540.0,Free Agent,8,The Cousin Lovers,"Nov 22, 10:53 am",2023
drop,Miles Sanders,31885.0,To Waivers,8,The Cousin Lovers,"Nov 22, 10:53 am",2023
add,Isaiah Likely,34095.0,Free Agent,3,Simps Squad,"Nov 22, 8:55 am",2023
add,Joshua Kelley,32782.0,Free Agent,6,Brokaw's Bums,"Nov 22, 8:47 am",2023
add,Khalil Herbert,33605.0,$1  Waiver,8,The Cousin Lovers,"Nov 22, 2:33 am",2023
drop,Jalen Guyton,32201.0,To Waivers,8,The Cousin Lovers,"Nov 22, 2:33 am",2023
add,Elijah Mitchell,33582.0,$2  Waiver,5,Joe Buck Yourself,"Nov 22, 2:33 am",2023
drop,Chuba Hubbard,33514.0,To Waivers,5,Joe Buck Yourself,"Nov 22, 2:33 am",2023
drop,Darrell Henderson Jr.,31902.0,To Waivers,1,Hingle McCringlebery,"Nov 21, 3:42 pm",2023
add,Luke Musgrave,40074.0,Free Agent,10,Starting Defense,"Nov 19, 7:52 am",2023
drop,Jonnu Smith,30213.0,To Waivers,10,Starting Defense,"Nov 19, 7:52 am",2023
add,Zach Charbonnet,40075.0,Free Agent,5,Joe Buck Yourself,"Nov 18, 10:33 pm",2023
drop,Rashee Rice,40084.0,To Waivers,5,Joe Buck Yourself,"Nov 18, 10:33 pm",2023
drop,Khalil Herbert,33605.0,To Waivers,5,Joe Buck Yourself,"Nov 18, 10:33 pm",2023
add,Pat Freiermuth,33443.0,Free Agent,3,Simps Squad,"Nov 16, 11:05 pm",2023
drop,Jameson Williams,33967.0,To Waivers,3,Simps Squad,"Nov 16, 11:05 pm",2023
add,Russell Wilson,25785.0,Free Agent,3,Simps Squad,"Nov 15, 10:46 am",2023
drop,Khalil Shakir,34104.0,To Waivers,3,Simps Squad,"Nov 15, 10:46 am",2023
add,Lions,,Free Agent,3,Simps Squad,"Nov 15, 10:42 am",2023
drop,Seahawks,,To Waivers,3,Simps Squad,"Nov 15, 10:42 am",2023
add,Cameron Dicker,34344.0,Free Agent,3,Simps Squad,"Nov 15, 10:42 am",2023
drop,Younghoe Koo,30426.0,To Waivers,3,Simps Squad,"Nov 15, 10:42 am",2023
add,Jake Moody,40129.0,Free Agent,7,Lambeau Leapers,"Nov 15, 10:23 am",2023
drop,Greg Zuerlein,25881.0,To Waivers,7,Lambeau Leapers,"Nov 15, 10:23 am",2023
add,David Njoku,30142.0,Free Agent,2,Jackson's Team,"Nov 15, 10:06 am",2023
drop,Gerald Everett,30157.0,To Waivers,2,Jackson's Team,"Nov 15, 10:06 am",2023
add,Rico Dowdle,33100.0,Free Agent,5,Joe Buck Yourself,"Nov 15, 8:09 am",2023
drop,D'Onta Foreman,30202.0,To Waivers,5,Joe Buck Yourself,"Nov 15, 8:09 am",2023
add,Jalen Guyton,32201.0,Free Agent,8,The Cousin Lovers,"Nov 15, 5:55 am",2023
drop,K.J. Osborn,32846.0,To Waivers,8,The Cousin Lovers,"Nov 15, 5:55 am",2023
drop,Nick Folk,8432.0,To Waivers,9,Talladega Knights,"Nov 15, 5:51 am",2023
add,Dolphins,,Waiver,1,Hingle McCringlebery,"Nov 15, 2:45 am",2023
drop,Bears,,To Waivers,1,Hingle McCringlebery,"Nov 15, 2:45 am",2023
add,Devin Singletary,31906.0,$4  Waiver,6,Brokaw's Bums,"Nov 15, 2:45 am",2023
drop,Brandon McManus,27120.0,To Waivers,6,Brokaw's Bums,"Nov 15, 2:45 am",2023
add,Noah Brown,30352.0,$26  Waiver,4,The Roethlisberger's,"Nov 15, 2:45 am",2023
drop,Zach Charbonnet,40075.0,To Waivers,4,The Roethlisberger's,"Nov 15, 2:45 am",2023
add,Ty Chandler,34125.0,$34  Waiver,1,Hingle McCringlebery,"Nov 15, 2:45 am",2023
drop,Matthew Stafford,9265.0,To Waivers,1,Hingle McCringlebery,"Nov 15, 2:45 am",2023
drop,Leonard Fournette,30117.0,To Waivers,1,Hingle McCringlebery,"Nov 14, 10:28 pm",2023
drop,Curtis Samuel,30153.0,To Waivers,5,Joe Buck Yourself,"Nov 12, 6:17 pm",2023
drop,Jaguars,,To Waivers,2,Jackson's Team,"Nov 11, 10:37 pm",2023
add,Baker Mayfield,30971.0,Free Agent,10,Starting Defense,"Nov 11, 3:36 pm",2023
drop,Cam Akers,32722.0,To Waivers,10,Starting Defense,"Nov 11, 3:36 pm",2023
add,Tyjae Spears,40119.0,Free Agent,5,Joe Buck Yourself,"Nov 10, 8:48 am",2023
drop,Devin Singletary,31906.0,To Waivers,5,Joe Buck Yourself,"Nov 10, 8:48 am",2023
add,Jayden Reed,40063.0,Free Agent,7,Lambeau Leapers,"Nov 9, 10:30 pm",2023
drop,Jake Moody,40129.0,To Waivers,7,Lambeau Leapers,"Nov 9, 10:30 pm",2023
add,DeMario Douglas,40222.0,Free Agent,7,Lambeau Leapers,"Nov 9, 10:27 pm",2023
drop,Ezekiel Elliott,29238.0,To Waivers,7,Lambeau Leapers,"Nov 9, 10:27 pm",2023
add,Greg Zuerlein,25881.0,Free Agent,7,Lambeau Leapers,"Nov 9, 10:27 pm",2023
drop,DeMario Douglas,40222.0,To Free Agent,7,Lambeau Leapers,"Nov 9, 10:27 pm",2023
add,DeMario Douglas,40222.0,Free Agent,7,Lambeau Leapers,"Nov 9, 10:25 pm",2023
drop,Tyler Higbee,29344.0,To Waivers,7,Lambeau Leapers,"Nov 9, 10:25 pm",2023
add,Buccaneers,,Free Agent,7,Lambeau Leapers,"Nov 9, 10:24 pm",2023
drop,Jamaal Williams,30247.0,To Waivers,7,Lambeau Leapers,"Nov 9, 10:24 pm",2023
add,D'Onta Foreman,30202.0,Free Agent,5,Joe Buck Yourself,"Nov 9, 5:30 pm",2023
drop,DeMario Douglas,40222.0,To Free Agent,5,Joe Buck Yourself,"Nov 9, 5:30 pm",2023
add,DeMario Douglas,40222.0,Free Agent,5,Joe Buck Yourself,"Nov 9, 5:29 pm",2023
drop,Quentin Johnston,40051.0,To Waivers,5,Joe Buck Yourself,"Nov 9, 5:29 pm",2023
add,Geno Smith,26662.0,Free Agent,2,Jackson's Team,"Nov 8, 6:15 pm",2023
drop,Rashid Shaheed,34659.0,To Waivers,4,The Roethlisberger's,"Nov 8, 6:12 pm",2023
add,Jonnu Smith,30213.0,Free Agent,10,Starting Defense,"Nov 8, 3:41 pm",2023
drop,Pat Freiermuth,33443.0,To Waivers,10,Starting Defense,"Nov 8, 3:41 pm",2023
add,Khalil Shakir,34104.0,Free Agent,3,Simps Squad,"Nov 8, 12:48 pm",2023
add,Will Levis,40068.0,Free Agent,7,Lambeau Leapers,"Nov 8, 7:06 am",2023
drop,Cameron Dicker,34344.0,To Waivers,7,Lambeau Leapers,"Nov 8, 7:06 am",2023
add,Miles Sanders,31885.0,Free Agent,8,The Cousin Lovers,"Nov 8, 6:25 am",2023
drop,Roschon Johnson,40162.0,To Waivers,8,The Cousin Lovers,"Nov 8, 6:25 am",2023
add,Seahawks,,Waiver,3,Simps Squad,"Nov 8, 2:50 am",2023
drop,Wan'Dale Robinson,33998.0,To Waivers,3,Simps Squad,"Nov 8, 2:50 am",2023
add,Riley Patterson,33781.0,Waiver,1,Hingle McCringlebery,"Nov 8, 2:50 am",2023
drop,Chris Boswell,28188.0,To Waivers,1,Hingle McCringlebery,"Nov 8, 2:50 am",2023
add,Brandon McManus,27120.0,Waiver,6,Brokaw's Bums,"Nov 8, 2:50 am",2023
drop,Mecole Hardman Jr.,31888.0,To Waivers,6,Brokaw's Bums,"Nov 8, 2:50 am",2023
add,Nick Folk,8432.0,Waiver,9,Talladega Knights,"Nov 8, 2:50 am",2023
add,Bears,,$2  Waiver,1,Hingle McCringlebery,"Nov 8, 2:50 am",2023
drop,Saints,,To Waivers,1,Hingle McCringlebery,"Nov 8, 2:50 am",2023
add,Keaton Mitchell,40641.0,$22  Waiver,6,Brokaw's Bums,"Nov 8, 2:50 am",2023
drop,Royce Freeman,31041.0,To Waivers,6,Brokaw's Bums,"Nov 8, 2:50 am",2023
drop,Derek Carr,27564.0,To Waivers,3,Simps Squad,"Nov 7, 2:46 pm",2023
add,Cameron Dicker,34344.0,Free Agent,7,Lambeau Leapers,"Nov 5, 3:34 pm",2023
drop,Jordan Love,32696.0,To Waivers,7,Lambeau Leapers,"Nov 5, 3:34 pm",2023
add,Quentin Johnston,40051.0,Free Agent,5,Joe Buck Yourself,"Nov 5, 2:53 pm",2023
drop,Tyjae Spears,40119.0,To Waivers,5,Joe Buck Yourself,"Nov 5, 2:53 pm",2023
add,Raiders,,Free Agent,10,Starting Defense,"Nov 5, 9:54 am",2023
drop,Packers,,To Waivers,10,Starting Defense,"Nov 5, 9:54 am",2023
add,Colts,,Free Agent,9,Talladega Knights,"Nov 5, 9:02 am",2023
add,Royce Freeman,31041.0,Free Agent,6,Brokaw's Bums,"Nov 4, 8:29 pm",2023
drop,Emari Demercado,40430.0,To Waivers,6,Brokaw's Bums,"Nov 4, 8:29 pm",2023
add,Rashid Shaheed,34659.0,Free Agent,4,The Roethlisberger's,"Nov 3, 12:18 pm",2023
add,Zach Charbonnet,40075.0,Free Agent,4,The Roethlisberger's,"Nov 3, 9:05 am",2023
drop,Miles Sanders,31885.0,To Waivers,4,The Roethlisberger's,"Nov 3, 9:05 am",2023
add,Logan Thomas,27648.0,Free Agent,4,The Roethlisberger's,"Nov 2, 9:11 am",2023
drop,Raiders,,To Waivers,4,The Roethlisberger's,"Nov 2, 9:11 am",2023
add,Gerald Everett,30157.0,Free Agent,2,Jackson's Team,"Nov 2, 4:34 am",2023
drop,Quentin Johnston,40051.0,To Waivers,2,Jackson's Team,"Nov 2, 4:34 am",2023
add,Falcons,,Free Agent,2,Jackson's Team,"Nov 2, 4:31 am",2023
add,Derek Carr,27564.0,Free Agent,3,Simps Squad,"Nov 1, 11:10 am",2023
drop,Jalin Hyatt,40128.0,To Waivers,3,Simps Squad,"Nov 1, 11:10 am",2023
add,Sam Howell,34100.0,Free Agent,8,The Cousin Lovers,"Nov 1, 5:57 am",2023
drop,D'Onta Foreman,30202.0,To Waivers,8,The Cousin Lovers,"Nov 1, 5:57 am",2023
add,Patriots,,Free Agent,6,Brokaw's Bums,"Nov 1, 5:56 am",2023
drop,Skyy Moore,34009.0,To Waivers,6,Brokaw's Bums,"Nov 1, 5:56 am",2023
add,Cowboys,,Free Agent,6,Brokaw's Bums,"Nov 1, 5:54 am",2023
drop,Dolphins,,To Waivers,6,Brokaw's Bums,"Nov 1, 5:54 am",2023
add,Joshua Dobbs,30248.0,Waiver,8,The Cousin Lovers,"Nov 1, 2:44 am",2023
add,Saints,,Waiver,1,Hingle McCringlebery,"Nov 1, 2:44 am",2023
drop,Seahawks,,To Waivers,1,Hingle McCringlebery,"Nov 1, 2:44 am",2023
add,Taysom Hill,30614.0,$1  Waiver,8,The Cousin Lovers,"Nov 1, 2:44 am",2023
drop,Jonnu Smith,30213.0,To Waivers,8,The Cousin Lovers,"Nov 1, 2:44 am",2023
add,Leonard Fournette,30117.0,$13  Waiver,1,Hingle McCringlebery,"Nov 1, 2:44 am",2023
drop,Jerick McKinnon,27624.0,To Waivers,1,Hingle McCringlebery,"Nov 1, 2:44 am",2023
add,Dak Prescott,29369.0,$33  Waiver,1,Hingle McCringlebery,"Nov 1, 2:44 am",2023
drop,Kendrick Bourne,30551.0,To Waivers,1,Hingle McCringlebery,"Nov 1, 2:44 am",2023
add,Trey McBride,34010.0,Free Agent,6,Brokaw's Bums,"Oct 28, 10:11 pm",2023
drop,Luke Musgrave,40074.0,To Waivers,6,Brokaw's Bums,"Oct 28, 10:11 pm",2023
add,Jake Ferguson,34085.0,Free Agent,6,Brokaw's Bums,"Oct 27, 2:45 pm",2023
drop,Logan Thomas,27648.0,To Waivers,6,Brokaw's Bums,"Oct 27, 2:45 pm",2023
add,Evan McPherson,33537.0,Free Agent,2,Jackson's Team,"Oct 25, 4:01 pm",2023
add,Jaguars,,Free Agent,2,Jackson's Team,"Oct 25, 4:00 pm",2023
drop,Jeff Wilson Jr.,31394.0,To Waivers,2,Jackson's Team,"Oct 25, 4:00 pm",2023
add,Younghoe Koo,30426.0,Waiver,3,Simps Squad,"Oct 25, 2:41 am",2023
drop,Jason Myers,28378.0,To Waivers,3,Simps Squad,"Oct 25, 2:41 am",2023
add,Chiefs,,Waiver,3,Simps Squad,"Oct 25, 2:41 am",2023
drop,Buccaneers,,To Waivers,3,Simps Squad,"Oct 25, 2:41 am",2023
add,Jalin Hyatt,40128.0,Waiver,3,Simps Squad,"Oct 25, 2:41 am",2023
drop,Kadarius Toney,33408.0,To Waivers,3,Simps Squad,"Oct 25, 2:41 am",2023
add,Dalton Kincaid,40048.0,Waiver,5,Joe Buck Yourself,"Oct 25, 2:41 am",2023
add,Dustin Hopkins,26800.0,$2  Waiver,8,The Cousin Lovers,"Oct 25, 2:41 am",2023
drop,Brett Maher,27369.0,To Waivers,8,The Cousin Lovers,"Oct 25, 2:41 am",2023
add,Dolphins,,$2  Waiver,6,Brokaw's Bums,"Oct 25, 2:41 am",2023
drop,Commanders,,To Waivers,6,Brokaw's Bums,"Oct 25, 2:41 am",2023
add,Emari Demercado,40430.0,$3  Waiver,6,Brokaw's Bums,"Oct 25, 2:41 am",2023
drop,Zach Evans,40243.0,To Waivers,6,Brokaw's Bums,"Oct 25, 2:41 am",2023
drop,Lions,,To Waivers,8,The Cousin Lovers,"Oct 24, 10:30 am",2023
drop,Jason Sanders,31199.0,To Waivers,5,Joe Buck Yourself,"Oct 24, 8:08 am",2023
drop,Robert Woods,26664.0,To Waivers,9,Talladega Knights,"Oct 22, 9:11 am",2023
add,Lions,,Free Agent,8,The Cousin Lovers,"Oct 22, 9:11 am",2023
drop,Josh Reynolds,30230.0,To Waivers,8,The Cousin Lovers,"Oct 22, 9:11 am",2023
add,Darrell Henderson Jr.,31902.0,Free Agent,1,Hingle McCringlebery,"Oct 20, 5:45 pm",2023
drop,Zach Charbonnet,40075.0,To Waivers,1,Hingle McCringlebery,"Oct 20, 5:45 pm",2023
add,D'Onta Foreman,30202.0,Free Agent,8,The Cousin Lovers,"Oct 20, 2:31 pm",2023
add,Packers,,Free Agent,10,Starting Defense,"Oct 20, 6:24 am",2023
drop,Titans,,To Waivers,10,Starting Defense,"Oct 20, 6:24 am",2023
add,Brock Purdy,34218.0,Waiver,4,The Roethlisberger's,"Oct 20, 2:23 am",2023
drop,Joshua Kelley,32782.0,To Waivers,4,The Roethlisberger's,"Oct 20, 2:23 am",2023
drop,Cameron Dicker,34344.0,To Waivers,2,Jackson's Team,"Oct 19, 11:24 am",2023
add,Kendrick Bourne,30551.0,Free Agent,1,Hingle McCringlebery,"Oct 19, 10:59 am",2023
drop,Anthony Richardson Sr.,40040.0,To Waivers,1,Hingle McCringlebery,"Oct 19, 10:55 am",2023
add,Julio Jones,24793.0,Free Agent,9,Talladega Knights,"Oct 19, 9:19 am",2023
drop,Deshaun Watson,30125.0,To Waivers,9,Talladega Knights,"Oct 19, 9:19 am",2023
add,Ezekiel Elliott,29238.0,Free Agent,7,Lambeau Leapers,"Oct 19, 7:36 am",2023
drop,Elijah Mitchell,33582.0,To Waivers,7,Lambeau Leapers,"Oct 19, 7:36 am",2023
add,Mecole Hardman Jr.,31888.0,Free Agent,6,Brokaw's Bums,"Oct 18, 7:47 pm",2023
drop,Brock Purdy,34218.0,To Waivers,6,Brokaw's Bums,"Oct 18, 7:47 pm",2023
add,Jonnu Smith,30213.0,Free Agent,8,The Cousin Lovers,"Oct 18, 7:30 pm",2023
drop,Zach Ertz,26658.0,To Waivers,8,The Cousin Lovers,"Oct 18, 7:30 pm",2023
add,Buccaneers,,Free Agent,3,Simps Squad,"Oct 18, 7:23 pm",2023
drop,Cowboys,,To Waivers,3,Simps Squad,"Oct 18, 7:23 pm",2023
add,Jason Myers,28378.0,Free Agent,3,Simps Squad,"Oct 18, 7:22 pm",2023
drop,Evan McPherson,33537.0,To Waivers,3,Simps Squad,"Oct 18, 7:22 pm",2023
add,Kyler Murray,31833.0,Free Agent,1,Hingle McCringlebery,"Oct 18, 12:43 pm",2023
drop,Rondale Moore,33437.0,To Waivers,1,Hingle McCringlebery,"Oct 18, 12:43 pm",2023
add,Chris Boswell,28188.0,Free Agent,1,Hingle McCringlebery,"Oct 18, 10:28 am",2023
drop,Ka'imi Fairbairn,29792.0,To Waivers,1,Hingle McCringlebery,"Oct 18, 10:28 am",2023
add,Seahawks,,Free Agent,1,Hingle McCringlebery,"Oct 18, 10:28 am",2023
drop,Vikings,,To Waivers,1,Hingle McCringlebery,"Oct 18, 10:28 am",2023
add,Devin Singletary,31906.0,Waiver,5,Joe Buck Yourself,"Oct 18, 2:51 am",2023
drop,Rico Dowdle,33100.0,To Waivers,5,Joe Buck Yourself,"Oct 18, 2:51 am",2023
add,Jets,,Waiver,5,Joe Buck Yourself,"Oct 18, 2:51 am",2023
drop,Chiefs,,To Waivers,5,Joe Buck Yourself,"Oct 18, 2:51 am",2023
add,Jason Sanders,31199.0,Waiver,5,Joe Buck Yourself,"Oct 18, 2:51 am",2023
drop,Keaton Mitchell,40641.0,To Waivers,5,Joe Buck Yourself,"Oct 18, 2:51 am",2023
add,Jared Goff,29235.0,$1  Waiver,8,The Cousin Lovers,"Oct 18, 2:51 am",2023
drop,Tutu Atwell,33445.0,To Waivers,8,The Cousin Lovers,"Oct 18, 2:51 am",2023
add,Commanders,,$2  Waiver,6,Brokaw's Bums,"Oct 18, 2:51 am",2023
drop,Dolphins,,To Waivers,6,Brokaw's Bums,"Oct 18, 2:51 am",2023
add,Browns,,$3  Waiver,5,Joe Buck Yourself,"Oct 18, 2:51 am",2023
add,Zach Evans,40243.0,$13  Waiver,6,Brokaw's Bums,"Oct 18, 2:51 am",2023
drop,Jake Ferguson,34085.0,To Waivers,6,Brokaw's Bums,"Oct 18, 2:51 am",2023
add,Kareem Hunt,30199.0,$32  Waiver,3,Simps Squad,"Oct 18, 2:51 am",2023
drop,Dalvin Cook,30154.0,To Waivers,3,Simps Squad,"Oct 18, 2:51 am",2023
drop,D'Onta Foreman,30202.0,To Waivers,8,The Cousin Lovers,"Oct 17, 3:40 pm",2023
drop,Kyler Murray,31833.0,To Waivers,5,Joe Buck Yourself,"Oct 16, 1:36 pm",2023
add,Rico Dowdle,33100.0,Free Agent,5,Joe Buck Yourself,"Oct 16, 9:12 am",2023
drop,Emari Demercado,40430.0,To Waivers,5,Joe Buck Yourself,"Oct 16, 9:12 am",2023
add,D'Onta Foreman,30202.0,Waiver,8,The Cousin Lovers,"Oct 15, 2:20 am",2023
add,Rondale Moore,33437.0,Free Agent,1,Hingle McCringlebery,"Oct 13, 3:22 pm",2023
drop,Zay Jones,30150.0,To Waivers,1,Hingle McCringlebery,"Oct 13, 3:22 pm",2023
add,Chuba Hubbard,33514.0,Free Agent,5,Joe Buck Yourself,"Oct 13, 11:37 am",2023
drop,D'Onta Foreman,30202.0,To Waivers,5,Joe Buck Yourself,"Oct 13, 11:37 am",2023
add,Cameron Dicker,34344.0,Free Agent,2,Jackson's Team,"Oct 11, 1:20 pm",2023
add,Zay Jones,30150.0,Free Agent,1,Hingle McCringlebery,"Oct 11, 12:42 pm",2023
add,Vikings,,Free Agent,1,Hingle McCringlebery,"Oct 11, 12:12 pm",2023
drop,Patriots,,To Waivers,1,Hingle McCringlebery,"Oct 11, 12:12 pm",2023
add,D'Onta Foreman,30202.0,Free Agent,5,Joe Buck Yourself,"Oct 11, 12:12 pm",2023
drop,Michael Wilson,40121.0,To Waivers,5,Joe Buck Yourself,"Oct 11, 12:12 pm",2023
add,Raiders,,Free Agent,4,The Roethlisberger's,"Oct 11, 6:13 am",2023
drop,Texans,,To Waivers,4,The Roethlisberger's,"Oct 11, 6:13 am",2023
add,Curtis Samuel,30153.0,Free Agent,9,Talladega Knights,"Oct 11, 6:13 am",2023
drop,Patrick Taylor Jr.,33235.0,To Waivers,9,Talladega Knights,"Oct 11, 6:07 am",2023
add,Cole Kmet,32713.0,Waiver,9,Talladega Knights,"Oct 11, 2:52 am",2023
drop,Dalton Kincaid,40048.0,To Waivers,9,Talladega Knights,"Oct 11, 2:52 am",2023
add,Tyjae Spears,40119.0,$3  Waiver,5,Joe Buck Yourself,"Oct 11, 2:52 am",2023
drop,Ronnie Rivers,34310.0,To Waivers,5,Joe Buck Yourself,"Oct 11, 2:52 am",2023
add,Logan Thomas,27648.0,$3  Waiver,6,Brokaw's Bums,"Oct 11, 2:52 am",2023
drop,Hunter Henry,29269.0,To Waivers,6,Brokaw's Bums,"Oct 11, 2:52 am",2023
add,Matthew Stafford,9265.0,$6  Waiver,1,Hingle McCringlebery,"Oct 11, 2:52 am",2023
add,Josh Reynolds,30230.0,$6  Waiver,8,The Cousin Lovers,"Oct 11, 2:52 am",2023
add,Josh Downs,40126.0,$7  Waiver,6,Brokaw's Bums,"Oct 11, 2:52 am",2023
drop,Michael Gallup,31051.0,To Waivers,6,Brokaw's Bums,"Oct 11, 2:52 am",2023
add,Emari Demercado,40430.0,$11  Waiver,5,Joe Buck Yourself,"Oct 11, 2:52 am",2023
drop,Lions,,To Waivers,5,Joe Buck Yourself,"Oct 11, 2:52 am",2023
add,Roschon Johnson,40162.0,$27  Waiver,8,The Cousin Lovers,"Oct 11, 2:52 am",2023
add,K.J. Osborn,32846.0,$29  Waiver,8,The Cousin Lovers,"Oct 11, 2:52 am",2023
drop,Dak Prescott,29369.0,To Waivers,8,The Cousin Lovers,"Oct 11, 2:52 am",2023
drop,Juwan Johnson,33113.0,To Waivers,2,Jackson's Team,"Oct 10, 1:16 pm",2023
drop,Matt Breida,30552.0,To Waivers,2,Jackson's Team,"Oct 10, 1:16 pm",2023
drop,Jayden Reed,40063.0,To Waivers,8,The Cousin Lovers,"Oct 10, 10:43 am",2023
drop,Jared Goff,29235.0,To Waivers,9,Talladega Knights,"Oct 10, 7:19 am",2023
add,Patrick Taylor Jr.,33235.0,Free Agent,9,Talladega Knights,"Oct 9, 5:51 pm",2023
add,Ronnie Rivers,34310.0,Free Agent,5,Joe Buck Yourself,"Oct 8, 10:43 am",2023
drop,Josh Reynolds,30230.0,To Waivers,5,Joe Buck Yourself,"Oct 8, 10:43 am",2023
drop,Roschon Johnson,40162.0,To Waivers,1,Hingle McCringlebery,"Oct 7, 11:07 am",2023
add,Jayden Reed,40063.0,Free Agent,8,The Cousin Lovers,"Oct 7, 10:26 am",2023
drop,Jason Myers,28378.0,To Waivers,8,The Cousin Lovers,"Oct 7, 10:26 am",2023
add,Josh Reynolds,30230.0,Free Agent,5,Joe Buck Yourself,"Oct 6, 3:28 pm",2023
drop,Ronnie Rivers,34310.0,To Waivers,5,Joe Buck Yourself,"Oct 6, 3:28 pm",2023
add,Chiefs,,Waiver,5,Joe Buck Yourself,"Oct 6, 2:21 am",2023
add,Texans,,Free Agent,4,The Roethlisberger's,"Oct 5, 6:33 pm",2023
drop,Browns,,To Waivers,4,The Roethlisberger's,"Oct 5, 6:33 pm",2023
add,Michael Gallup,31051.0,Free Agent,6,Brokaw's Bums,"Oct 5, 5:44 pm",2023
drop,David Njoku,30142.0,To Waivers,6,Brokaw's Bums,"Oct 5, 5:44 pm",2023
add,Titans,,Free Agent,10,Starting Defense,"Oct 5, 1:53 pm",2023
drop,Vikings,,To Waivers,10,Starting Defense,"Oct 5, 1:53 pm",2023
drop,Commanders,,To Waivers,5,Joe Buck Yourself,"Oct 5, 8:40 am",2023
add,Wan'Dale Robinson,33998.0,Free Agent,3,Simps Squad,"Oct 4, 11:28 am",2023
drop,Clyde Edwards-Helaire,32702.0,To Waivers,3,Simps Squad,"Oct 4, 11:28 am",2023
add,Ka'imi Fairbairn,29792.0,Free Agent,1,Hingle McCringlebery,"Oct 4, 7:07 am",2023
drop,Wil Lutz,29754.0,To Waivers,1,Hingle McCringlebery,"Oct 4, 7:07 am",2023
add,Jared Goff,29235.0,Free Agent,9,Talladega Knights,"Oct 4, 7:06 am",2023
add,Patriots,,Free Agent,1,Hingle McCringlebery,"Oct 4, 7:05 am",2023
drop,Chiefs,,To Waivers,1,Hingle McCringlebery,"Oct 4, 7:05 am",2023
drop,Colts,,To Waivers,9,Talladega Knights,"Oct 4, 7:04 am",2023
drop,Brandin Cooks,27548.0,To Waivers,9,Talladega Knights,"Oct 4, 7:04 am",2023
add,Lions,,Waiver,5,Joe Buck Yourself,"Oct 4, 2:51 am",2023
drop,Bengals,,To Waivers,5,Joe Buck Yourself,"Oct 4, 2:51 am",2023
add,Ronnie Rivers,34310.0,$2  Waiver,5,Joe Buck Yourself,"Oct 4, 2:51 am",2023
drop,Ezekiel Elliott,29238.0,To Waivers,5,Joe Buck Yourself,"Oct 4, 2:51 am",2023
add,Brett Maher,27369.0,$3  Waiver,8,The Cousin Lovers,"Oct 4, 2:51 am",2023
drop,Saints,,To Waivers,8,The Cousin Lovers,"Oct 4, 2:51 am",2023
add,Ravens,,$3  Waiver,8,The Cousin Lovers,"Oct 4, 2:51 am",2023
drop,Marvin Mims Jr.,40090.0,To Waivers,8,The Cousin Lovers,"Oct 4, 2:51 am",2023
add,Dolphins,,$3  Waiver,6,Brokaw's Bums,"Oct 4, 2:51 am",2023
drop,Buccaneers,,To Waivers,6,Brokaw's Bums,"Oct 4, 2:51 am",2023
add,Tyler Boyd,29288.0,$8  Waiver,9,Talladega Knights,"Oct 4, 2:51 am",2023
add,Jaleel McLaughlin,40696.0,$12  Waiver,9,Talladega Knights,"Oct 4, 2:51 am",2023
drop,Justice Hill,31945.0,To Waivers,9,Talladega Knights,"Oct 4, 2:51 am",2023
add,Michael Wilson,40121.0,$12  Waiver,5,Joe Buck Yourself,"Oct 4, 2:51 am",2023
drop,Kareem Hunt,30199.0,To Waivers,5,Joe Buck Yourself,"Oct 4, 2:51 am",2023
add,Jake Ferguson,34085.0,$12  Waiver,6,Brokaw's Bums,"Oct 4, 2:51 am",2023
drop,Kendre Miller,40108.0,To Waivers,6,Brokaw's Bums,"Oct 4, 2:51 am",2023
add,Clyde Edwards-Helaire,32702.0,Free Agent,3,Simps Squad,"Sep 29, 8:20 pm",2023
drop,Treylon Burks,33973.0,To Waivers,3,Simps Squad,"Sep 29, 8:20 pm",2023
add,C.J. Stroud,40030.0,Free Agent,4,The Roethlisberger's,"Sep 29, 4:44 pm",2023
drop,Daniel Jones,31838.0,To Waivers,4,The Roethlisberger's,"Sep 29, 4:44 pm",2023
add,Vikings,,Free Agent,10,Starting Defense,"Sep 28, 9:55 pm",2023
drop,Patriots,,To Waivers,10,Starting Defense,"Sep 28, 9:55 pm",2023
add,Buccaneers,,Free Agent,6,Brokaw's Bums,"Sep 28, 2:08 pm",2023
drop,Jaguars,,To Waivers,6,Brokaw's Bums,"Sep 28, 2:08 pm",2023
add,Rashee Rice,40084.0,Free Agent,5,Joe Buck Yourself,"Sep 27, 12:56 pm",2023
drop,Tank Bigsby,40095.0,To Free Agent,5,Joe Buck Yourself,"Sep 27, 12:56 pm",2023
add,Ezekiel Elliott,29238.0,Free Agent,5,Joe Buck Yourself,"Sep 27, 8:01 am",2023
add,Tank Bigsby,40095.0,Free Agent,5,Joe Buck Yourself,"Sep 27, 8:00 am",2023
add,Colts,,Free Agent,9,Talladega Knights,"Sep 27, 6:15 am",2023
drop,Allen Robinson,27589.0,To Waivers,9,Talladega Knights,"Sep 27, 6:15 am",2023
drop,Mike Williams,30120.0,To Waivers,9,Talladega Knights,"Sep 27, 6:08 am",2023
add,Marvin Mims Jr.,40090.0,Free Agent,8,The Cousin Lovers,"Sep 27, 5:33 am",2023
drop,Rashid Shaheed,34659.0,To Waivers,8,The Cousin Lovers,"Sep 27, 5:33 am",2023
add,Dalvin Cook,30154.0,Waiver,3,Simps Squad,"Sep 27, 3:04 am",2023
drop,Tony Jones,33114.0,To Waivers,3,Simps Squad,"Sep 27, 3:04 am",2023
add,Keaton Mitchell,40641.0,Waiver,5,Joe Buck Yourself,"Sep 27, 3:04 am",2023
add,Commanders,,Waiver,5,Joe Buck Yourself,"Sep 27, 3:04 am",2023
add,Elijah Mitchell,33582.0,Waiver,7,Lambeau Leapers,"Sep 27, 3:04 am",2023
drop,Odell Beckham Jr.,27540.0,To Waivers,7,Lambeau Leapers,"Sep 27, 3:04 am",2023
add,Brock Purdy,34218.0,Waiver,6,Brokaw's Bums,"Sep 27, 3:04 am",2023
drop,Matthew Stafford,9265.0,To Waivers,6,Brokaw's Bums,"Sep 27, 3:04 am",2023
add,Jason Myers,28378.0,$1  Waiver,8,The Cousin Lovers,"Sep 27, 3:04 am",2023
drop,Cameron Dicker,34344.0,To Waivers,8,The Cousin Lovers,"Sep 27, 3:04 am",2023
add,Saints,,$1  Waiver,8,The Cousin Lovers,"Sep 27, 3:04 am",2023
drop,Jets,,To Waivers,8,The Cousin Lovers,"Sep 27, 3:04 am",2023
add,Bengals,,$1  Waiver,5,Joe Buck Yourself,"Sep 27, 3:04 am",2023
drop,Ravens,,To Waivers,5,Joe Buck Yourself,"Sep 27, 3:04 am",2023
add,Adam Thielen,27277.0,$27  Waiver,10,Starting Defense,"Sep 27, 3:04 am",2023
drop,D'Onta Foreman,30202.0,To Waivers,10,Starting Defense,"Sep 27, 3:04 am",2023
add,Joshua Palmer,33465.0,$60  Waiver,9,Talladega Knights,"Sep 27, 3:04 am",2023
drop,Cole Kmet,32713.0,To Waivers,10,Starting Defense,"Sep 26, 8:59 pm",2023
drop,Jared Goff,29235.0,To Waivers,1,Hingle McCringlebery,"Sep 26, 4:16 pm",2023
drop,Antonio Gibson,32736.0,To Waivers,10,Starting Defense,"Sep 26, 6:59 am",2023
drop,Dalvin Cook,30154.0,To Waivers,5,Joe Buck Yourself,"Sep 25, 6:18 pm",2023
drop,Tank Bigsby,40095.0,To Waivers,5,Joe Buck Yourself,"Sep 24, 4:11 pm",2023
add,Browns,,Free Agent,4,The Roethlisberger's,"Sep 24, 10:28 am",2023
drop,Ezekiel Elliott,29238.0,To Waivers,4,The Roethlisberger's,"Sep 24, 10:28 am",2023
add,Matthew Stafford,9265.0,Free Agent,6,Brokaw's Bums,"Sep 23, 4:41 pm",2023
drop,Rashee Rice,40084.0,To Waivers,6,Brokaw's Bums,"Sep 23, 4:41 pm",2023
add,Kendre Miller,40108.0,Free Agent,6,Brokaw's Bums,"Sep 22, 5:52 pm",2023
drop,Jake Ferguson,34085.0,To Waivers,6,Brokaw's Bums,"Sep 22, 5:52 pm",2023
add,Jared Goff,29235.0,Free Agent,1,Hingle McCringlebery,"Sep 22, 4:57 pm",2023
add,Tony Jones,33114.0,Free Agent,3,Simps Squad,"Sep 22, 4:48 pm",2023
drop,Damien Harris,31919.0,To Waivers,3,Simps Squad,"Sep 22, 4:48 pm",2023
add,Damien Harris,31919.0,Waiver,3,Simps Squad,"Sep 22, 2:22 am",2023
drop,Rashod Bateman,33415.0,To Waivers,3,Simps Squad,"Sep 22, 2:22 am",2023
add,Cameron Dicker,34344.0,Free Agent,8,The Cousin Lovers,"Sep 21, 10:39 pm",2023
drop,Jason Myers,28378.0,To Waivers,8,The Cousin Lovers,"Sep 21, 10:39 pm",2023
add,Brandon Aubrey,40819.0,Free Agent,5,Joe Buck Yourself,"Sep 21, 8:06 am",2023
add,Kyler Murray,31833.0,Free Agent,5,Joe Buck Yourself,"Sep 21, 8:05 am",2023
drop,Younghoe Koo,30426.0,To Waivers,5,Joe Buck Yourself,"Sep 21, 8:05 am",2023
add,Tutu Atwell,33445.0,Free Agent,8,The Cousin Lovers,"Sep 20, 8:20 pm",2023
drop,Browns,,To Waivers,8,The Cousin Lovers,"Sep 20, 8:20 pm",2023
add,Zach Ertz,26658.0,Free Agent,8,The Cousin Lovers,"Sep 20, 5:42 am",2023
drop,Damien Harris,31919.0,To Waivers,8,The Cousin Lovers,"Sep 20, 5:42 am",2023
add,Chiefs,,Waiver,1,Hingle McCringlebery,"Sep 20, 3:05 am",2023
drop,Saints,,To Waivers,1,Hingle McCringlebery,"Sep 20, 3:05 am",2023
add,Kadarius Toney,33408.0,Waiver,3,Simps Squad,"Sep 20, 3:05 am",2023
drop,Cordarrelle Patterson,26652.0,To Waivers,3,Simps Squad,"Sep 20, 3:05 am",2023
add,Tank Dell,40097.0,Waiver,3,Simps Squad,"Sep 20, 3:05 am",2023
drop,Chig Okonkwo,34099.0,To Waivers,3,Simps Squad,"Sep 20, 3:05 am",2023
add,Younghoe Koo,30426.0,Waiver,5,Joe Buck Yourself,"Sep 20, 3:05 am",2023
drop,Riley Patterson,33781.0,To Waivers,5,Joe Buck Yourself,"Sep 20, 3:05 am",2023
add,Ravens,,Waiver,5,Joe Buck Yourself,"Sep 20, 3:05 am",2023
drop,Broncos,,To Waivers,5,Joe Buck Yourself,"Sep 20, 3:05 am",2023
add,Jaguars,,Waiver,6,Brokaw's Bums,"Sep 20, 3:05 am",2023
drop,Giants,,To Waivers,6,Brokaw's Bums,"Sep 20, 3:05 am",2023
add,Robert Woods,26664.0,$2  Waiver,9,Talladega Knights,"Sep 20, 3:05 am",2023
add,Jerome Ford,34112.0,$100  Waiver,2,Jackson's Team,"Sep 20, 3:05 am",2023
drop,DJ Chark,31031.0,To Waivers,2,Jackson's Team,"Sep 20, 3:05 am",2023
add,Hunter Henry,29269.0,Free Agent,6,Brokaw's Bums,"Sep 13, 6:01 pm",2023
drop,Commanders,,To Waivers,6,Brokaw's Bums,"Sep 13, 6:01 pm",2023
add,Allen Robinson,27589.0,Free Agent,9,Talladega Knights,"Sep 13, 12:03 pm",2023
drop,Jalin Hyatt,40128.0,To Waivers,9,Talladega Knights,"Sep 13, 12:03 pm",2023
add,Rashee Rice,40084.0,Free Agent,6,Brokaw's Bums,"Sep 13, 9:33 am",2023
drop,Deuce Vaughn,40240.0,To Waivers,6,Brokaw's Bums,"Sep 13, 9:33 am",2023
add,Kirk Cousins,25812.0,Free Agent,10,Starting Defense,"Sep 13, 9:09 am",2023
add,Broncos,,Free Agent,5,Joe Buck Yourself,"Sep 13, 8:39 am",2023
drop,Elijah Mitchell,33582.0,To Waivers,5,Joe Buck Yourself,"Sep 13, 8:39 am",2023
add,Zack Moss,32756.0,Free Agent,5,Joe Buck Yourself,"Sep 13, 8:35 am",2023
drop,Ravens,,To Waivers,5,Joe Buck Yourself,"Sep 13, 8:35 am",2023
add,Roschon Johnson,40162.0,Free Agent,1,Hingle McCringlebery,"Sep 13, 6:10 am",2023
drop,Justyn Ross,34440.0,To Waivers,1,Hingle McCringlebery,"Sep 13, 6:10 am",2023
add,Giants,,Waiver,6,Brokaw's Bums,"Sep 13, 3:09 am",2023
add,Browns,,$1  Waiver,8,The Cousin Lovers,"Sep 13, 3:09 am",2023
drop,Vikings,,To Waivers,8,The Cousin Lovers,"Sep 13, 3:09 am",2023
add,Rashid Shaheed,34659.0,$4  Waiver,8,The Cousin Lovers,"Sep 13, 3:09 am",2023
drop,Adam Thielen,27277.0,To Waivers,8,The Cousin Lovers,"Sep 13, 3:09 am",2023
add,Justice Hill,31945.0,$9  Waiver,9,Talladega Knights,"Sep 13, 3:09 am",2023
drop,Rashaad Penny,30997.0,To Waivers,9,Talladega Knights,"Sep 13, 3:09 am",2023
add,Gus Edwards,31424.0,$15  Waiver,8,The Cousin Lovers,"Sep 13, 3:09 am",2023
drop,Deon Jackson,33798.0,To Waivers,8,The Cousin Lovers,"Sep 13, 3:09 am",2023
add,Kyren Williams,34120.0,$40  Waiver,5,Joe Buck Yourself,"Sep 13, 3:09 am",2023
drop,Isaiah Likely,34095.0,To Waivers,5,Joe Buck Yourself,"Sep 13, 3:09 am",2023
add,Joshua Kelley,32782.0,$51  Waiver,4,The Roethlisberger's,"Sep 13, 3:09 am",2023
drop,Allen Lazard,31268.0,To Waivers,4,The Roethlisberger's,"Sep 13, 3:09 am",2023
drop,J.K. Dobbins,32725.0,To Waivers,10,Starting Defense,"Sep 12, 8:01 am",2023
add,Isaiah Likely,34095.0,Free Agent,5,Joe Buck Yourself,"Sep 10, 11:13 am",2023
drop,Gerald Everett,30157.0,To Waivers,5,Joe Buck Yourself,"Sep 10, 11:13 am",2023
add,Vikings,,Free Agent,8,The Cousin Lovers,"Sep 8, 9:21 pm",2023
drop,Devin Singletary,31906.0,To Waivers,8,The Cousin Lovers,"Sep 8, 9:21 pm",2023
add,Puka Nacua,40168.0,Free Agent,1,Hingle McCringlebery,"Sep 8, 8:27 am",2023
drop,Kadarius Toney,33408.0,To Waivers,1,Hingle McCringlebery,"Sep 8, 8:27 am",2023
add,Saints,,Free Agent,1,Hingle McCringlebery,"Sep 7, 3:35 pm",2023
drop,Leonard Fournette,30117.0,To Waivers,1,Hingle McCringlebery,"Sep 7, 3:35 pm",2023
add,Gerald Everett,30157.0,Free Agent,5,Joe Buck Yourself,"Sep 5, 5:15 pm",2023
drop,Clyde Edwards-Helaire,32702.0,To Waivers,5,Joe Buck Yourself,"Sep 5, 5:15 pm",2023
add,Deon Jackson,33798.0,$5  Waiver,8,The Cousin Lovers,"Sep 3, 2:13 am",2023
drop,Dawson Knox,31928.0,To Waivers,8,The Cousin Lovers,"Sep 3, 2:13 am",2023
add,Kareem Hunt,30199.0,Free Agent,5,Joe Buck Yourself,"Sep 1, 8:49 am",2023
drop,Deon Jackson,33798.0,To Waivers,5,Joe Buck Yourself,"Sep 1, 8:49 am",2023
add,Jakobi Meyers,32231.0,Free Agent,8,The Cousin Lovers,"Sep 1, 8:48 am",2023
drop,Chuba Hubbard,33514.0,To Waivers,8,The Cousin Lovers,"Sep 1, 8:48 am",2023
add,Juwan Johnson,33113.0,Free Agent,2,Jackson's Team,"Aug 31, 1:53 pm",2023
add,Jake Ferguson,34085.0,Free Agent,6,Brokaw's Bums,"Aug 31, 6:06 am",2023
drop,Alec Pierce,34008.0,To Waivers,6,Brokaw's Bums,"Aug 31, 6:06 am",2023
add,Wil Lutz,29754.0,Free Agent,1,Hingle McCringlebery,"Aug 30, 10:00 pm",2023
add,Commanders,,Free Agent,6,Brokaw's Bums,"Aug 29, 4:21 pm",2023
drop,Zamir White,34078.0,To Waivers,6,Brokaw's Bums,"Aug 29, 4:21 pm",2023
add,Deon Jackson,33798.0,Free Agent,5,Joe Buck Yourself,"Aug 29, 3:06 pm",2023
drop,Jakobi Meyers,32231.0,To Waivers,5,Joe Buck Yourself,"Aug 29, 3:06 pm",2023
add,Matt Breida,30552.0,Free Agent,2,Jackson's Team,"Aug 28, 8:25 am",2023
drop,James Robinson,33138.0,To Waivers,2,Jackson's Team,"Aug 28, 8:25 am",2023
add,Matthew Stafford,9265.0,Free Agent,5,Joe Buck Yourself,"Dec 28, 12:57 pm",2024
add,Bryce Young,40029.0,Free Agent,1,Hingle McCringlebery,"Dec 27, 3:05 pm",2024
drop,Jonathon Brooks,40926.0,To Waivers,1,Hingle McCringlebery,"Dec 27, 3:05 pm",2024
add,Hunter Henry,29269.0,Free Agent,1,Hingle McCringlebery,"Dec 27, 12:50 pm",2024
drop,David Njoku,30142.0,To Waivers,1,Hingle McCringlebery,"Dec 27, 12:50 pm",2024
add,Quentin Johnston,40051.0,Free Agent,2,Jackson's Team,"Dec 26, 8:00 pm",2024
drop,Amari Cooper,28392.0,To Waivers,2,Jackson's Team,"Dec 26, 8:00 pm",2024
drop,C.J. Stroud,40030.0,To Waivers,5,Joe Buck Yourself,"Dec 25, 6:48 pm",2024
drop,DeAndre Hopkins,26650.0,To Waivers,8,The Cousin Lovers,"Dec 25, 4:21 pm",2024
add,Ameer Abdullah,28442.0,Free Agent,10,Starting Defense,"Dec 25, 11:18 am",2024
drop,Dallas Goedert,31019.0,To Waivers,10,Starting Defense,"Dec 25, 11:18 am",2024
add,Jaylen Warren,34447.0,Free Agent,10,Starting Defense,"Dec 25, 11:16 am",2024
drop,Zack Moss,32756.0,To Waivers,10,Starting Defense,"Dec 25, 11:16 am",2024
add,Chig Okonkwo,34099.0,$49  Waiver,6,Brokaw's Bums,"Dec 25, 2:46 am",2024
drop,Ray Davis,40980.0,To Waivers,6,Brokaw's Bums,"Dec 25, 2:46 am",2024
drop,Trey Benson,40958.0,To Waivers,6,Brokaw's Bums,"Dec 24, 8:37 am",2024
add,Romeo Doubs,34088.0,Free Agent,6,Brokaw's Bums,"Dec 22, 2:11 pm",2024
add,Bengals,,Free Agent,5,Joe Buck Yourself,"Dec 19, 11:07 am",2024
drop,Cardinals,,To Waivers,5,Joe Buck Yourself,"Dec 19, 11:07 am",2024
add,Amari Cooper,28392.0,Free Agent,2,Jackson's Team,"Dec 19, 8:55 am",2024
drop,Quentin Johnston,40051.0,To Waivers,2,Jackson's Team,"Dec 19, 8:55 am",2024
add,Buccaneers,,Free Agent,5,Joe Buck Yourself,"Dec 18, 9:02 am",2024
drop,Jameis Winston,28389.0,To Waivers,5,Joe Buck Yourself,"Dec 18, 9:02 am",2024
add,Blake Corum,40962.0,Free Agent,5,Joe Buck Yourself,"Dec 18, 9:00 am",2024
drop,Sincere McCormick,34551.0,To Waivers,5,Joe Buck Yourself,"Dec 18, 9:00 am",2024
add,Kendre Miller,40108.0,Waiver,5,Joe Buck Yourself,"Dec 18, 2:45 am",2024
drop,Jaylen Warren,34447.0,To Waivers,5,Joe Buck Yourself,"Dec 18, 2:45 am",2024
add,Jalen McMillan,40954.0,$6  Waiver,8,The Cousin Lovers,"Dec 18, 2:45 am",2024
drop,Jake Ferguson,34085.0,To Waivers,8,The Cousin Lovers,"Dec 18, 2:45 am",2024
add,Jerome Ford,34112.0,$6  Waiver,8,The Cousin Lovers,"Dec 18, 2:45 am",2024
drop,Amari Cooper,28392.0,To Waivers,9,Talladega Knights,"Dec 17, 8:28 am",2024
add,Tyler Allgeier,34107.0,Free Agent,2,Jackson's Team,"Dec 16, 11:13 am",2024
add,Pat Freiermuth,33443.0,Free Agent,8,The Cousin Lovers,"Dec 15, 2:34 pm",2024
drop,Braelon Allen,40981.0,To Waivers,8,The Cousin Lovers,"Dec 15, 1:43 pm",2024
add,Jayden Reed,40063.0,$3  Waiver,8,The Cousin Lovers,"Dec 15, 2:13 am",2024
drop,Romeo Doubs,34088.0,To Waivers,8,The Cousin Lovers,"Dec 15, 2:13 am",2024
add,Tyjae Spears,40119.0,Free Agent,8,The Cousin Lovers,"Dec 14, 11:03 am",2024
drop,Isaiah Davis,41031.0,To Waivers,8,The Cousin Lovers,"Dec 14, 9:25 am",2024
drop,Hollywood Brown,31857.0,To Waivers,3,Simps Squad,"Dec 14, 12:57 am",2024
drop,Chris Olave,33966.0,To Waivers,3,Simps Squad,"Dec 14, 12:57 am",2024
add,Bo Melton,34185.0,Free Agent,3,Simps Squad,"Dec 14, 12:55 am",2024
drop,Chris Rodriguez Jr.,40231.0,To Waivers,3,Simps Squad,"Dec 14, 12:55 am",2024
add,Dontayvion Wicks,40201.0,Free Agent,3,Simps Squad,"Dec 14, 12:55 am",2024
drop,Jerome Ford,34112.0,To Waivers,3,Simps Squad,"Dec 14, 12:55 am",2024
drop,Jayden Reed,40063.0,To Waivers,3,Simps Squad,"Dec 13, 8:10 pm",2024
add,Isaiah Davis,41031.0,Free Agent,8,The Cousin Lovers,"Dec 12, 6:48 pm",2024
drop,Chase McLaughlin,32417.0,To Waivers,8,The Cousin Lovers,"Dec 12, 6:48 pm",2024
add,Colts,,Free Agent,6,Brokaw's Bums,"Dec 12, 5:02 pm",2024
drop,Buccaneers,,To Waivers,6,Brokaw's Bums,"Dec 12, 5:02 pm",2024
drop,Alexander Mattison,31934.0,To Waivers,8,The Cousin Lovers,"Dec 11, 1:57 pm",2024
drop,Marquez Valdes-Scantling,31144.0,To Waivers,8,The Cousin Lovers,"Dec 11, 1:57 pm",2024
add,Anthony Richardson Sr.,40040.0,Free Agent,5,Joe Buck Yourself,"Dec 11, 9:01 am",2024
drop,Seahawks,,To Waivers,5,Joe Buck Yourself,"Dec 11, 9:01 am",2024
add,Falcons,,Waiver,2,Jackson's Team,"Dec 11, 2:53 am",2024
drop,Titans,,To Waivers,2,Jackson's Team,"Dec 11, 2:53 am",2024
add,Commanders,,Waiver,5,Joe Buck Yourself,"Dec 11, 2:53 am",2024
drop,Elijah Moore,33422.0,To Waivers,5,Joe Buck Yourself,"Dec 11, 2:53 am",2024
add,Justin Tucker,26534.0,$8  Waiver,9,Talladega Knights,"Dec 11, 2:53 am",2024
drop,Blake Grupe,40296.0,To Waivers,9,Talladega Knights,"Dec 11, 2:53 am",2024
add,Patrick Taylor Jr.,33235.0,$25  Waiver,9,Talladega Knights,"Dec 11, 2:53 am",2024
drop,Jets,,To Waivers,9,Talladega Knights,"Dec 11, 2:53 am",2024
drop,Travis Homer,32036.0,To Waivers,5,Joe Buck Yourself,"Dec 10, 12:02 pm",2024
add,Ka'imi Fairbairn,29792.0,Free Agent,8,The Cousin Lovers,"Dec 9, 3:31 pm",2024
drop,Brandin Cooks,27548.0,To Waivers,8,The Cousin Lovers,"Dec 9, 3:31 pm",2024
add,Brandin Cooks,27548.0,Free Agent,8,The Cousin Lovers,"Dec 8, 11:29 am",2024
add,Calvin Austin III,34094.0,Free Agent,4,The Roethlisberger's,"Dec 7, 7:53 pm",2024
drop,Patriots,,To Waivers,4,The Roethlisberger's,"Dec 7, 7:53 pm",2024
drop,Harrison Butker,30346.0,To Waivers,4,The Roethlisberger's,"Dec 7, 7:53 pm",2024
drop,Parker Romo,34657.0,To Waivers,1,Hingle McCringlebery,"Dec 7, 6:12 pm",2024
add,Travis Homer,32036.0,Free Agent,5,Joe Buck Yourself,"Dec 6, 2:02 pm",2024
drop,Blake Corum,40962.0,To Waivers,5,Joe Buck Yourself,"Dec 6, 2:02 pm",2024
add,Elijah Moore,33422.0,Free Agent,5,Joe Buck Yourself,"Dec 6, 12:49 pm",2024
add,Braelon Allen,40981.0,Free Agent,8,The Cousin Lovers,"Dec 6, 8:17 am",2024
drop,Tank Bigsby,40095.0,To Waivers,8,The Cousin Lovers,"Dec 6, 8:17 am",2024
add,Dolphins,,Free Agent,7,Lambeau Leapers,"Dec 5, 5:03 pm",2024
drop,Dalton Schultz,31107.0,To Waivers,7,Lambeau Leapers,"Dec 5, 5:03 pm",2024
add,Tyler Bass,32858.0,Free Agent,10,Starting Defense,"Dec 5, 12:52 pm",2024
drop,Evan McPherson,33537.0,To Waivers,10,Starting Defense,"Dec 5, 12:52 pm",2024
add,Jameis Winston,28389.0,Free Agent,5,Joe Buck Yourself,"Dec 5, 9:20 am",2024
drop,Geno Smith,26662.0,To Waivers,5,Joe Buck Yourself,"Dec 5, 9:20 am",2024
add,Sincere McCormick,34551.0,Free Agent,5,Joe Buck Yourself,"Dec 5, 7:30 am",2024
drop,Anthony Richardson Sr.,40040.0,To Waivers,5,Joe Buck Yourself,"Dec 5, 7:30 am",2024
add,Jerome Ford,34112.0,Free Agent,3,Simps Squad,"Dec 4, 11:47 am",2024
drop,Braelon Allen,40981.0,To Waivers,3,Simps Squad,"Dec 4, 11:47 am",2024
add,Cardinals,,Free Agent,5,Joe Buck Yourself,"Dec 4, 11:29 am",2024
add,Ray-Ray McCloud III,31157.0,Free Agent,3,Simps Squad,"Dec 4, 10:46 am",2024
drop,Tyler Lockett,28457.0,To Waivers,3,Simps Squad,"Dec 4, 10:46 am",2024
add,Evan McPherson,33537.0,Free Agent,10,Starting Defense,"Dec 4, 10:01 am",2024
drop,Matt Gay,31977.0,To Waivers,10,Starting Defense,"Dec 4, 10:01 am",2024
drop,Devaughn Vele,41097.0,To Waivers,8,The Cousin Lovers,"Dec 4, 8:25 am",2024
add,Titans,,Free Agent,2,Jackson's Team,"Dec 4, 7:26 am",2024
drop,Will Dissly,31090.0,To Waivers,2,Jackson's Team,"Dec 4, 7:26 am",2024
add,Buccaneers,,Free Agent,6,Brokaw's Bums,"Dec 4, 7:11 am",2024
drop,Colts,,To Waivers,6,Brokaw's Bums,"Dec 4, 7:11 am",2024
add,Jets,,Free Agent,9,Talladega Knights,"Dec 4, 7:02 am",2024
add,Blake Grupe,40296.0,Waiver,9,Talladega Knights,"Dec 4, 3:04 am",2024
drop,Justin Tucker,26534.0,To Waivers,9,Talladega Knights,"Dec 4, 3:04 am",2024
add,Brandon McManus,27120.0,Waiver,3,Simps Squad,"Dec 4, 3:04 am",2024
drop,Ka'imi Fairbairn,29792.0,To Waivers,3,Simps Squad,"Dec 4, 3:04 am",2024
add,Chris Rodriguez Jr.,40231.0,Waiver,3,Simps Squad,"Dec 4, 3:04 am",2024
drop,Ricky Pearsall,40892.0,To Waivers,3,Simps Squad,"Dec 4, 3:04 am",2024
add,Seahawks,,Waiver,5,Joe Buck Yourself,"Dec 4, 3:04 am",2024
drop,Cowboys,,To Waivers,5,Joe Buck Yourself,"Dec 4, 3:04 am",2024
add,Geno Smith,26662.0,Waiver,5,Joe Buck Yourself,"Dec 4, 3:04 am",2024
drop,Jeremy McNichols,30275.0,To Waivers,5,Joe Buck Yourself,"Dec 4, 3:04 am",2024
add,Nick Westbrook-Ikhine,33348.0,Waiver,6,Brokaw's Bums,"Dec 4, 3:04 am",2024
drop,Kimani Vidal,41052.0,To Waivers,6,Brokaw's Bums,"Dec 4, 3:04 am",2024
add,Jared Goff,29235.0,Waiver,6,Brokaw's Bums,"Dec 4, 3:04 am",2024
drop,Roschon Johnson,40162.0,To Waivers,6,Brokaw's Bums,"Dec 4, 3:04 am",2024
add,Saints,,$7  Waiver,1,Hingle McCringlebery,"Dec 4, 3:04 am",2024
add,Eagles,,$16  Waiver,10,Starting Defense,"Dec 4, 3:04 am",2024
drop,Commanders,,To Waivers,10,Starting Defense,"Dec 4, 3:04 am",2024
add,Isaac Guerendo,40998.0,$85  Waiver,2,Jackson's Team,"Dec 4, 3:04 am",2024
drop,49ers,,To Waivers,2,Jackson's Team,"Dec 4, 3:04 am",2024
drop,Christian McCaffrey,30121.0,To Waivers,1,Hingle McCringlebery,"Dec 3, 11:09 pm",2024
add,Patriots,,Free Agent,4,The Roethlisberger's,"Dec 1, 11:48 am",2024
add,Kenny Gainwell,33538.0,Free Agent,1,Hingle McCringlebery,"Dec 1, 10:33 am",2024
add,Devaughn Vele,41097.0,Free Agent,8,The Cousin Lovers,"Dec 1, 7:51 am",2024
drop,Tyjae Spears,40119.0,To Waivers,8,The Cousin Lovers,"Dec 1, 7:51 am",2024
add,Tank Bigsby,40095.0,Free Agent,8,The Cousin Lovers,"Nov 29, 7:41 am",2024
add,Bills,,Free Agent,4,The Roethlisberger's,"Nov 28, 11:10 am",2024
drop,Bears,,To Waivers,4,The Roethlisberger's,"Nov 28, 11:10 am",2024
add,Cowboys,,Free Agent,5,Joe Buck Yourself,"Nov 27, 7:19 am",2024
drop,Lions,,To Waivers,5,Joe Buck Yourself,"Nov 27, 7:19 am",2024
drop,Audric Estime,41019.0,To Waivers,9,Talladega Knights,"Nov 27, 6:24 am",2024
add,Jeremy McNichols,30275.0,Waiver,5,Joe Buck Yourself,"Nov 27, 2:33 am",2024
drop,Jared Goff,29235.0,To Waivers,5,Joe Buck Yourself,"Nov 27, 2:33 am",2024
add,Colts,,Waiver,6,Brokaw's Bums,"Nov 27, 2:33 am",2024
drop,Buccaneers,,To Waivers,6,Brokaw's Bums,"Nov 27, 2:33 am",2024
drop,Austin Seibert,32002.0,To Waivers,8,The Cousin Lovers,"Nov 26, 3:27 pm",2024
add,Romeo Doubs,34088.0,Free Agent,8,The Cousin Lovers,"Nov 23, 3:02 pm",2024
add,Tua Tagovailoa,32675.0,Free Agent,2,Jackson's Team,"Nov 22, 5:14 pm",2024
drop,Tyler Allgeier,34107.0,To Waivers,2,Jackson's Team,"Nov 22, 5:14 pm",2024
add,Anthony Richardson Sr.,40040.0,Free Agent,5,Joe Buck Yourself,"Nov 22, 7:52 am",2024
drop,Ameer Abdullah,28442.0,To Waivers,5,Joe Buck Yourself,"Nov 22, 7:52 am",2024
add,Bears,,Free Agent,4,The Roethlisberger's,"Nov 21, 4:18 pm",2024
drop,Bills,,To Waivers,4,The Roethlisberger's,"Nov 21, 4:18 pm",2024
add,Raheem Mostert,28654.0,Free Agent,4,The Roethlisberger's,"Nov 21, 4:17 pm",2024
add,Zach Ertz,26658.0,Free Agent,4,The Roethlisberger's,"Nov 21, 4:15 pm",2024
drop,Kirk Cousins,25812.0,To Waivers,4,The Roethlisberger's,"Nov 21, 4:13 pm",2024
drop,Jalen Coker,41293.0,To Waivers,4,The Roethlisberger's,"Nov 21, 4:13 pm",2024
add,Matt Gay,31977.0,Free Agent,10,Starting Defense,"Nov 20, 9:27 pm",2024
drop,Younghoe Koo,30426.0,To Waivers,10,Starting Defense,"Nov 20, 9:27 pm",2024
add,Commanders,,Free Agent,10,Starting Defense,"Nov 20, 9:26 pm",2024
drop,Colts,,To Waivers,10,Starting Defense,"Nov 20, 9:26 pm",2024
add,Roschon Johnson,40162.0,Free Agent,6,Brokaw's Bums,"Nov 20, 12:25 pm",2024
drop,DeMario Douglas,40222.0,To Waivers,6,Brokaw's Bums,"Nov 20, 12:25 pm",2024
add,Chase McLaughlin,32417.0,Free Agent,8,The Cousin Lovers,"Nov 20, 11:18 am",2024
drop,Jake Moody,40129.0,To Waivers,8,The Cousin Lovers,"Nov 20, 11:18 am",2024
drop,Noah Brown,30352.0,To Waivers,8,The Cousin Lovers,"Nov 20, 11:17 am",2024
add,Jonnu Smith,30213.0,Free Agent,2,Jackson's Team,"Nov 20, 10:30 am",2024
drop,Dawson Knox,31928.0,To Waivers,2,Jackson's Team,"Nov 20, 10:30 am",2024
add,Will Dissly,31090.0,Free Agent,2,Jackson's Team,"Nov 20, 10:25 am",2024
drop,Diontae Johnson,31898.0,To Waivers,2,Jackson's Team,"Nov 20, 10:25 am",2024
add,Jared Goff,29235.0,Waiver,5,Joe Buck Yourself,"Nov 20, 2:56 am",2024
drop,Dameon Pierce,34063.0,To Waivers,5,Joe Buck Yourself,"Nov 20, 2:56 am",2024
add,Ameer Abdullah,28442.0,Waiver,5,Joe Buck Yourself,"Nov 20, 2:56 am",2024
add,Buccaneers,,Waiver,6,Brokaw's Bums,"Nov 20, 2:56 am",2024
drop,Dolphins,,To Waivers,6,Brokaw's Bums,"Nov 20, 2:56 am",2024
drop,Wan'Dale Robinson,33998.0,To Waivers,6,Brokaw's Bums,"Nov 19, 7:30 am",2024
add,Dameon Pierce,34063.0,Free Agent,5,Joe Buck Yourself,"Nov 18, 1:35 pm",2024
drop,Evan McPherson,33537.0,To Waivers,5,Joe Buck Yourself,"Nov 18, 1:35 pm",2024
drop,Khalil Herbert,33605.0,To Waivers,9,Talladega Knights,"Nov 17, 9:53 pm",2024
add,Dalton Schultz,31107.0,Free Agent,7,Lambeau Leapers,"Nov 17, 2:46 pm",2024
drop,Brandin Cooks,27548.0,To Waivers,7,Lambeau Leapers,"Nov 17, 2:46 pm",2024
drop,Raheem Mostert,28654.0,To Waivers,5,Joe Buck Yourself,"Nov 17, 12:43 pm",2024
add,Cameron Dicker,34344.0,Free Agent,4,The Roethlisberger's,"Nov 17, 11:11 am",2024
add,Evan McPherson,33537.0,Free Agent,5,Joe Buck Yourself,"Nov 17, 10:55 am",2024
drop,Spencer Shrader,41499.0,To Free Agent,5,Joe Buck Yourself,"Nov 17, 10:55 am",2024
add,Spencer Shrader,41499.0,Free Agent,5,Joe Buck Yourself,"Nov 17, 10:55 am",2024
drop,Evan McPherson,33537.0,To Free Agent,5,Joe Buck Yourself,"Nov 17, 10:55 am",2024
add,Evan McPherson,33537.0,Free Agent,5,Joe Buck Yourself,"Nov 17, 10:55 am",2024
drop,Spencer Shrader,41499.0,To Free Agent,5,Joe Buck Yourself,"Nov 17, 10:55 am",2024
add,Spencer Shrader,41499.0,Free Agent,5,Joe Buck Yourself,"Nov 17, 10:55 am",2024
drop,Romeo Doubs,34088.0,To Waivers,5,Joe Buck Yourself,"Nov 17, 10:55 am",2024
drop,Eagles,,To Waivers,1,Hingle McCringlebery,"Nov 14, 5:49 pm",2024
add,Marquez Valdes-Scantling,31144.0,Free Agent,8,The Cousin Lovers,"Nov 13, 4:17 pm",2024
add,Dawson Knox,31928.0,Free Agent,2,Jackson's Team,"Nov 13, 3:30 pm",2024
drop,Tank Bigsby,40095.0,To Waivers,2,Jackson's Team,"Nov 13, 3:30 pm",2024
add,DeMario Douglas,40222.0,Free Agent,6,Brokaw's Bums,"Nov 13, 8:00 am",2024
drop,Jalen McMillan,40954.0,To Waivers,6,Brokaw's Bums,"Nov 13, 8:00 am",2024
add,Jake Bates,40835.0,Free Agent,6,Brokaw's Bums,"Nov 13, 7:57 am",2024
drop,Matt Gay,31977.0,To Waivers,6,Brokaw's Bums,"Nov 13, 7:57 am",2024
drop,Stefon Diggs,28534.0,To Waivers,8,The Cousin Lovers,"Nov 13, 7:20 am",2024
add,Gus Edwards,31424.0,Waiver,3,Simps Squad,"Nov 13, 2:48 am",2024
drop,Isaac Guerendo,40998.0,To Waivers,3,Simps Squad,"Nov 13, 2:48 am",2024
add,Taysom Hill,30614.0,Waiver,5,Joe Buck Yourself,"Nov 13, 2:48 am",2024
drop,Bears,,To Waivers,5,Joe Buck Yourself,"Nov 13, 2:48 am",2024
add,Michael Pittman Jr.,32704.0,Waiver,6,Brokaw's Bums,"Nov 13, 2:48 am",2024
drop,Parker Washington,40234.0,To Waivers,6,Brokaw's Bums,"Nov 13, 2:48 am",2024
add,Dolphins,,Waiver,6,Brokaw's Bums,"Nov 13, 2:48 am",2024
drop,Giants,,To Waivers,6,Brokaw's Bums,"Nov 13, 2:48 am",2024
add,Texans,,$1  Waiver,9,Talladega Knights,"Nov 13, 2:48 am",2024
drop,Jets,,To Waivers,9,Talladega Knights,"Nov 13, 2:48 am",2024
add,Austin Seibert,32002.0,$3  Waiver,8,The Cousin Lovers,"Nov 13, 2:48 am",2024
drop,Chase McLaughlin,32417.0,To Waivers,8,The Cousin Lovers,"Nov 13, 2:48 am",2024
add,Audric Estime,41019.0,$14  Waiver,9,Talladega Knights,"Nov 13, 2:48 am",2024
drop,Matthew Stafford,9265.0,To Waivers,5,Joe Buck Yourself,"Nov 12, 2:24 pm",2024
drop,Demarcus Robinson,29360.0,To Waivers,5,Joe Buck Yourself,"Nov 12, 2:23 pm",2024
drop,Hunter Henry,29269.0,To Waivers,9,Talladega Knights,"Nov 12, 6:06 am",2024
add,Lions,,Free Agent,5,Joe Buck Yourself,"Nov 10, 5:56 pm",2024
drop,Michael Pittman Jr.,32704.0,To Waivers,5,Joe Buck Yourself,"Nov 10, 5:56 pm",2024
add,Kirk Cousins,25812.0,Free Agent,4,The Roethlisberger's,"Nov 10, 11:40 am",2024
drop,Dalton Schultz,31107.0,To Waivers,4,The Roethlisberger's,"Nov 10, 11:40 am",2024
add,Bo Nix,40875.0,Free Agent,3,Simps Squad,"Nov 10, 1:35 am",2024
add,Matthew Stafford,9265.0,Free Agent,5,Joe Buck Yourself,"Nov 9, 10:51 am",2024
drop,Kirk Cousins,25812.0,To Free Agent,5,Joe Buck Yourself,"Nov 9, 10:51 am",2024
add,Kirk Cousins,25812.0,Free Agent,5,Joe Buck Yourself,"Nov 9, 10:48 am",2024
drop,Tua Tagovailoa,32675.0,To Waivers,5,Joe Buck Yourself,"Nov 9, 10:48 am",2024
add,Matt Gay,31977.0,Free Agent,6,Brokaw's Bums,"Nov 9, 10:17 am",2024
drop,Austin Seibert,32002.0,To Waivers,6,Brokaw's Bums,"Nov 9, 10:17 am",2024
drop,Keaton Mitchell,40641.0,To Waivers,6,Brokaw's Bums,"Nov 9, 10:17 am",2024
add,Calvin Ridley,30996.0,$7  Waiver,8,The Cousin Lovers,"Nov 9, 2:23 am",2024
add,Jason Sanders,31199.0,Free Agent,7,Lambeau Leapers,"Nov 8, 3:34 pm",2024
drop,Brandon McManus,27120.0,To Waivers,7,Lambeau Leapers,"Nov 8, 3:34 pm",2024
add,Justin Herbert,32676.0,Free Agent,7,Lambeau Leapers,"Nov 8, 3:33 pm",2024
drop,Cole Kmet,32713.0,To Waivers,7,Lambeau Leapers,"Nov 8, 3:33 pm",2024
add,Demarcus Robinson,29360.0,Free Agent,5,Joe Buck Yourself,"Nov 8, 3:17 pm",2024
drop,Dak Prescott,29369.0,To Waivers,5,Joe Buck Yourself,"Nov 8, 3:17 pm",2024
add,Tyjae Spears,40119.0,Free Agent,8,The Cousin Lovers,"Nov 8, 10:13 am",2024
drop,Devin Singletary,31906.0,To Waivers,8,The Cousin Lovers,"Nov 8, 10:13 am",2024
drop,Christian Kirk,31017.0,To Waivers,3,Simps Squad,"Nov 8, 9:09 am",2024
add,Ricky Pearsall,40892.0,Waiver,3,Simps Squad,"Nov 8, 2:15 am",2024
drop,Jared Goff,29235.0,To Waivers,3,Simps Squad,"Nov 8, 2:15 am",2024
add,Parker Romo,34657.0,Free Agent,1,Hingle McCringlebery,"Nov 7, 6:44 pm",2024
drop,Calvin Ridley,30996.0,To Waivers,1,Hingle McCringlebery,"Nov 7, 6:44 pm",2024
add,Tua Tagovailoa,32675.0,Free Agent,5,Joe Buck Yourself,"Nov 7, 2:41 pm",2024
drop,Kirk Cousins,25812.0,To Waivers,5,Joe Buck Yourself,"Nov 7, 2:41 pm",2024
add,Dak Prescott,29369.0,Free Agent,5,Joe Buck Yourself,"Nov 6, 4:57 pm",2024
add,Noah Brown,30352.0,Free Agent,8,The Cousin Lovers,"Nov 6, 7:17 am",2024
drop,Ricky Pearsall,40892.0,To Waivers,8,The Cousin Lovers,"Nov 6, 7:17 am",2024
add,Giants,,Free Agent,6,Brokaw's Bums,"Nov 6, 7:08 am",2024
drop,Commanders,,To Waivers,6,Brokaw's Bums,"Nov 6, 7:08 am",2024
add,Khalil Herbert,33605.0,Free Agent,9,Talladega Knights,"Nov 6, 7:07 am",2024
drop,Zach Ertz,26658.0,To Waivers,9,Talladega Knights,"Nov 6, 7:07 am",2024
add,Cam Akers,32722.0,Free Agent,9,Talladega Knights,"Nov 6, 7:04 am",2024
drop,Ty Chandler,34125.0,To Waivers,9,Talladega Knights,"Nov 6, 7:04 am",2024
add,Braelon Allen,40981.0,Waiver,3,Simps Squad,"Nov 6, 2:47 am",2024
drop,Lions,,To Waivers,3,Simps Squad,"Nov 6, 2:47 am",2024
add,Bears,,$2  Waiver,5,Joe Buck Yourself,"Nov 6, 2:47 am",2024
drop,Saints,,To Waivers,5,Joe Buck Yourself,"Nov 6, 2:47 am",2024
add,Hunter Henry,29269.0,$3  Waiver,9,Talladega Knights,"Nov 6, 2:47 am",2024
add,Quentin Johnston,40051.0,$15  Waiver,2,Jackson's Team,"Nov 6, 2:47 am",2024
drop,Dontayvion Wicks,40201.0,To Waivers,2,Jackson's Team,"Nov 6, 2:47 am",2024
drop,Rashod Bateman,33415.0,To Waivers,8,The Cousin Lovers,"Nov 5, 8:31 am",2024
drop,Blake Grupe,40296.0,To Waivers,5,Joe Buck Yourself,"Nov 5, 6:59 am",2024
drop,Titans,,To Waivers,9,Talladega Knights,"Nov 5, 6:20 am",2024
add,Ricky Pearsall,40892.0,Free Agent,8,The Cousin Lovers,"Nov 4, 8:59 am",2024
add,Jake Moody,40129.0,Free Agent,8,The Cousin Lovers,"Nov 4, 8:56 am",2024
drop,Jake Bates,40835.0,To Waivers,8,The Cousin Lovers,"Nov 4, 8:56 am",2024
add,Sam Darnold,30973.0,Free Agent,8,The Cousin Lovers,"Nov 3, 6:47 pm",2024
drop,Dak Prescott,29369.0,To Waivers,8,The Cousin Lovers,"Nov 3, 6:47 pm",2024
drop,Khalil Herbert,33605.0,To Free Agent,8,The Cousin Lovers,"Nov 3, 6:45 pm",2024
add,Khalil Herbert,33605.0,Free Agent,8,The Cousin Lovers,"Nov 3, 2:54 pm",2024
add,Dontayvion Wicks,40201.0,Free Agent,2,Jackson's Team,"Nov 3, 11:54 am",2024
drop,Gabe Davis,32798.0,To Waivers,2,Jackson's Team,"Nov 3, 11:54 am",2024
add,Kirk Cousins,25812.0,Free Agent,5,Joe Buck Yourself,"Nov 3, 9:12 am",2024
drop,Sam Darnold,30973.0,To Free Agent,5,Joe Buck Yourself,"Nov 3, 9:12 am",2024
add,Sam Darnold,30973.0,Free Agent,5,Joe Buck Yourself,"Nov 3, 9:11 am",2024
drop,Bo Nix,40875.0,To Waivers,5,Joe Buck Yourself,"Nov 3, 9:11 am",2024
add,Jalen Coker,41293.0,Free Agent,4,The Roethlisberger's,"Nov 3, 8:36 am",2024
add,Titans,,Free Agent,9,Talladega Knights,"Nov 1, 8:51 pm",2024
drop,Sterling Shepard,29274.0,To Waivers,9,Talladega Knights,"Nov 1, 8:51 pm",2024
add,Jake Bates,40835.0,Free Agent,8,The Cousin Lovers,"Nov 1, 11:39 am",2024
drop,Tyler Bass,32858.0,To Free Agent,8,The Cousin Lovers,"Nov 1, 11:39 am",2024
add,Tyler Bass,32858.0,Free Agent,8,The Cousin Lovers,"Nov 1, 11:04 am",2024
drop,Braelon Allen,40981.0,To Waivers,8,The Cousin Lovers,"Nov 1, 11:04 am",2024
add,Lions,,Waiver,3,Simps Squad,"Nov 1, 2:16 am",2024
drop,Jordan Whittington,41083.0,To Waivers,3,Simps Squad,"Nov 1, 2:16 am",2024
add,Chiefs,,Waiver,3,Simps Squad,"Nov 1, 2:16 am",2024
add,Cole Kmet,32713.0,Free Agent,7,Lambeau Leapers,"Oct 31, 2:17 pm",2024
drop,Brenton Strange,40078.0,To Waivers,7,Lambeau Leapers,"Oct 31, 2:17 pm",2024
add,Parker Washington,40234.0,Free Agent,6,Brokaw's Bums,"Oct 30, 1:34 pm",2024
drop,Tyler Goodson,34261.0,To Waivers,6,Brokaw's Bums,"Oct 30, 1:34 pm",2024
add,Jerry Jeudy,32685.0,Free Agent,9,Talladega Knights,"Oct 30, 11:53 am",2024
drop,Allen Lazard,31268.0,To Waivers,9,Talladega Knights,"Oct 30, 11:53 am",2024
add,Zach Ertz,26658.0,Free Agent,9,Talladega Knights,"Oct 30, 11:52 am",2024
add,Bills,,Free Agent,4,The Roethlisberger's,"Oct 30, 11:47 am",2024
drop,Bears,,To Waivers,4,The Roethlisberger's,"Oct 30, 11:47 am",2024
drop,Anthony Richardson Sr.,40040.0,To Waivers,4,The Roethlisberger's,"Oct 30, 11:45 am",2024
add,Blake Grupe,40296.0,Free Agent,5,Joe Buck Yourself,"Oct 30, 8:59 am",2024
drop,DeMario Douglas,40222.0,To Waivers,5,Joe Buck Yourself,"Oct 30, 8:59 am",2024
add,Saints,,Free Agent,5,Joe Buck Yourself,"Oct 30, 8:58 am",2024
drop,Chiefs,,To Waivers,5,Joe Buck Yourself,"Oct 30, 8:58 am",2024
add,Braelon Allen,40981.0,Free Agent,8,The Cousin Lovers,"Oct 30, 7:40 am",2024
drop,Dalvin Cook,30154.0,To Waivers,8,The Cousin Lovers,"Oct 30, 7:40 am",2024
add,Commanders,,Waiver,6,Brokaw's Bums,"Oct 30, 2:44 am",2024
drop,Lions,,To Waivers,6,Brokaw's Bums,"Oct 30, 2:44 am",2024
add,Bo Nix,40875.0,Waiver,5,Joe Buck Yourself,"Oct 30, 2:44 am",2024
drop,Sean Tucker,40742.0,To Waivers,5,Joe Buck Yourself,"Oct 30, 2:44 am",2024
add,Eagles,,$1  Waiver,1,Hingle McCringlebery,"Oct 30, 2:44 am",2024
drop,Ricky Pearsall,40892.0,To Waivers,1,Hingle McCringlebery,"Oct 30, 2:44 am",2024
add,Calvin Ridley,30996.0,$6  Waiver,1,Hingle McCringlebery,"Oct 30, 2:44 am",2024
drop,Ezekiel Elliott,29238.0,To Waivers,1,Hingle McCringlebery,"Oct 30, 2:44 am",2024
add,Austin Seibert,32002.0,$10  Waiver,6,Brokaw's Bums,"Oct 30, 2:44 am",2024
drop,Evan McPherson,33537.0,To Waivers,6,Brokaw's Bums,"Oct 30, 2:44 am",2024
drop,Pat Freiermuth,33443.0,To Waivers,10,Starting Defense,"Oct 28, 10:38 pm",2024
add,Jaylen Warren,34447.0,Free Agent,5,Joe Buck Yourself,"Oct 28, 12:13 pm",2024
drop,Andrei Iosivas,40211.0,To Waivers,5,Joe Buck Yourself,"Oct 28, 12:13 pm",2024
add,Ezekiel Elliott,29238.0,Free Agent,1,Hingle McCringlebery,"Oct 27, 6:06 pm",2024
drop,Dontayvion Wicks,40201.0,To Waivers,1,Hingle McCringlebery,"Oct 27, 6:06 pm",2024
add,Xavier Legette,40890.0,Free Agent,1,Hingle McCringlebery,"Oct 27, 12:09 pm",2024
drop,JuJu Smith-Schuster,30175.0,To Waivers,1,Hingle McCringlebery,"Oct 27, 12:09 pm",2024
add,Russell Wilson,25785.0,Free Agent,4,The Roethlisberger's,"Oct 27, 10:55 am",2024
drop,Jake Elliott,30266.0,To Waivers,4,The Roethlisberger's,"Oct 27, 10:55 am",2024
add,Bears,,Free Agent,4,The Roethlisberger's,"Oct 27, 10:54 am",2024
drop,Buccaneers,,To Waivers,4,The Roethlisberger's,"Oct 27, 10:54 am",2024
add,Andrei Iosivas,40211.0,Free Agent,5,Joe Buck Yourself,"Oct 27, 10:18 am",2024
drop,Trey Palmer,40223.0,To Waivers,5,Joe Buck Yourself,"Oct 27, 10:18 am",2024
add,Cedric Tillman,40093.0,Free Agent,5,Joe Buck Yourself,"Oct 27, 9:44 am",2024
drop,Justice Hill,31945.0,To Waivers,5,Joe Buck Yourself,"Oct 27, 9:44 am",2024
add,Dalvin Cook,30154.0,Free Agent,8,The Cousin Lovers,"Oct 26, 12:53 pm",2024
drop,Braelon Allen,40981.0,To Waivers,8,The Cousin Lovers,"Oct 26, 12:53 pm",2024
drop,Ty Johnson,32018.0,To Waivers,4,The Roethlisberger's,"Oct 24, 1:33 pm",2024
add,Brandon McManus,27120.0,Free Agent,7,Lambeau Leapers,"Oct 24, 8:14 am",2024
drop,Anders Carlson,40214.0,To Waivers,7,Lambeau Leapers,"Oct 24, 8:14 am",2024
add,Chargers,,Free Agent,2,Jackson's Team,"Oct 23, 11:15 am",2024
drop,Jason Myers,28378.0,To Waivers,2,Jackson's Team,"Oct 23, 11:15 am",2024
add,Trey Palmer,40223.0,Free Agent,5,Joe Buck Yourself,"Oct 23, 7:31 am",2024
add,Adam Thielen,27277.0,Free Agent,5,Joe Buck Yourself,"Oct 23, 7:28 am",2024
drop,Tua Tagovailoa,32675.0,To Free Agent,5,Joe Buck Yourself,"Oct 23, 7:28 am",2024
add,Tua Tagovailoa,32675.0,Free Agent,5,Joe Buck Yourself,"Oct 23, 7:25 am",2024
drop,Drake Maye,40881.0,To Waivers,5,Joe Buck Yourself,"Oct 23, 7:25 am",2024
add,Chiefs,,Free Agent,5,Joe Buck Yourself,"Oct 23, 7:09 am",2024
drop,Bills,,To Waivers,5,Joe Buck Yourself,"Oct 23, 7:09 am",2024
add,DeAndre Hopkins,26650.0,Free Agent,8,The Cousin Lovers,"Oct 23, 7:02 am",2024
drop,Calvin Ridley,30996.0,To Waivers,8,The Cousin Lovers,"Oct 23, 7:02 am",2024
add,Lions,,Waiver,6,Brokaw's Bums,"Oct 23, 2:46 am",2024
drop,Bengals,,To Waivers,6,Brokaw's Bums,"Oct 23, 2:46 am",2024
add,Ricky Pearsall,40892.0,$3  Waiver,1,Hingle McCringlebery,"Oct 23, 2:46 am",2024
drop,Jerry Jeudy,32685.0,To Waivers,1,Hingle McCringlebery,"Oct 23, 2:46 am",2024
add,Rashod Bateman,33415.0,$11  Waiver,8,The Cousin Lovers,"Oct 23, 2:46 am",2024
drop,Brandon Aiyuk,32695.0,To Waivers,8,The Cousin Lovers,"Oct 23, 2:46 am",2024
add,Sterling Shepard,29274.0,$12  Waiver,9,Talladega Knights,"Oct 23, 2:46 am",2024
add,Keon Coleman,40911.0,$14  Waiver,8,The Cousin Lovers,"Oct 23, 2:46 am",2024
drop,Zach Ertz,26658.0,To Waivers,8,The Cousin Lovers,"Oct 23, 2:46 am",2024
add,Cade Otton,34062.0,$15  Waiver,6,Brokaw's Bums,"Oct 23, 2:46 am",2024
drop,Trey Sermon,33476.0,To Waivers,6,Brokaw's Bums,"Oct 23, 2:46 am",2024
add,Jalen McMillan,40954.0,$16  Waiver,6,Brokaw's Bums,"Oct 23, 2:46 am",2024
drop,Dameon Pierce,34063.0,To Waivers,8,The Cousin Lovers,"Oct 21, 4:24 pm",2024
add,Justice Hill,31945.0,Free Agent,5,Joe Buck Yourself,"Oct 21, 2:53 pm",2024
drop,Antonio Gibson,32736.0,To Waivers,5,Joe Buck Yourself,"Oct 21, 2:53 pm",2024
add,Anders Carlson,40214.0,Free Agent,7,Lambeau Leapers,"Oct 19, 3:54 pm",2024
drop,Brayden Narveson,41235.0,To Waivers,7,Lambeau Leapers,"Oct 19, 3:54 pm",2024
add,Dameon Pierce,34063.0,Free Agent,8,The Cousin Lovers,"Oct 18, 8:42 pm",2024
add,Tyler Goodson,34261.0,Free Agent,6,Brokaw's Bums,"Oct 18, 12:06 pm",2024
drop,Tyjae Spears,40119.0,To Waivers,6,Brokaw's Bums,"Oct 18, 12:06 pm",2024
drop,Rashid Shaheed,34659.0,To Waivers,8,The Cousin Lovers,"Oct 17, 3:22 pm",2024
add,Zach Ertz,26658.0,Free Agent,8,The Cousin Lovers,"Oct 16, 6:25 pm",2024
add,Jason Myers,28378.0,Free Agent,2,Jackson's Team,"Oct 16, 10:52 am",2024
drop,Cam Akers,32722.0,To Waivers,2,Jackson's Team,"Oct 16, 10:52 am",2024
add,Drake Maye,40881.0,Free Agent,5,Joe Buck Yourself,"Oct 16, 9:30 am",2024
drop,Darius Slayton,32003.0,To Waivers,5,Joe Buck Yourself,"Oct 16, 9:30 am",2024
drop,Bears,,To Waivers,8,The Cousin Lovers,"Oct 16, 9:23 am",2024
add,Romeo Doubs,34088.0,Free Agent,5,Joe Buck Yourself,"Oct 16, 8:35 am",2024
drop,Jerome Ford,34112.0,To Waivers,5,Joe Buck Yourself,"Oct 16, 8:35 am",2024
add,Sean Tucker,40742.0,Free Agent,5,Joe Buck Yourself,"Oct 16, 7:51 am",2024
drop,Jalen Tolbert,34044.0,To Waivers,5,Joe Buck Yourself,"Oct 16, 7:51 am",2024
add,Jerry Jeudy,32685.0,Free Agent,1,Hingle McCringlebery,"Oct 16, 7:50 am",2024
drop,Tyler Bass,32858.0,To Waivers,1,Hingle McCringlebery,"Oct 16, 7:50 am",2024
add,DeMario Douglas,40222.0,Waiver,5,Joe Buck Yourself,"Oct 16, 2:43 am",2024
drop,Eagles,,To Waivers,5,Joe Buck Yourself,"Oct 16, 2:43 am",2024
add,Jared Goff,29235.0,Waiver,3,Simps Squad,"Oct 16, 2:43 am",2024
drop,Jaylen Warren,34447.0,To Waivers,3,Simps Squad,"Oct 16, 2:43 am",2024
add,Mark Andrews,31056.0,Waiver,1,Hingle McCringlebery,"Oct 16, 2:43 am",2024
drop,Isaiah Likely,34095.0,To Waivers,1,Hingle McCringlebery,"Oct 16, 2:43 am",2024
add,Bengals,,Waiver,6,Brokaw's Bums,"Oct 16, 2:43 am",2024
drop,Texans,,To Waivers,6,Brokaw's Bums,"Oct 16, 2:43 am",2024
add,Kimani Vidal,41052.0,$4  Waiver,6,Brokaw's Bums,"Oct 16, 2:43 am",2024
drop,Keon Coleman,40911.0,To Waivers,6,Brokaw's Bums,"Oct 16, 2:43 am",2024
add,Isaac Guerendo,40998.0,$29  Waiver,3,Simps Squad,"Oct 16, 2:43 am",2024
drop,Tre Tucker,40114.0,To Waivers,3,Simps Squad,"Oct 16, 2:43 am",2024
drop,Daniel Jones,31838.0,To Waivers,9,Talladega Knights,"Oct 15, 6:14 am",2024
add,Ray Davis,40980.0,Free Agent,6,Brokaw's Bums,"Oct 14, 5:49 pm",2024
drop,Jerry Jeudy,32685.0,To Waivers,6,Brokaw's Bums,"Oct 14, 5:49 pm",2024
add,Bills,,Free Agent,5,Joe Buck Yourself,"Oct 14, 5:34 pm",2024
drop,Ja'Lynn Polk,40914.0,To Waivers,5,Joe Buck Yourself,"Oct 14, 5:34 pm",2024
drop,Jeremy McNichols,30275.0,To Waivers,5,Joe Buck Yourself,"Oct 13, 2:45 pm",2024
add,Ty Johnson,32018.0,Free Agent,4,The Roethlisberger's,"Oct 13, 7:37 am",2024
drop,Gus Edwards,31424.0,To Waivers,4,The Roethlisberger's,"Oct 13, 7:37 am",2024
add,Dalton Schultz,31107.0,Free Agent,4,The Roethlisberger's,"Oct 13, 7:35 am",2024
add,Trey Sermon,33476.0,Free Agent,6,Brokaw's Bums,"Oct 12, 10:43 pm",2024
drop,Xavier Legette,40890.0,To Waivers,6,Brokaw's Bums,"Oct 12, 10:43 pm",2024
add,Jeremy McNichols,30275.0,Free Agent,5,Joe Buck Yourself,"Oct 12, 3:09 pm",2024
add,Bears,,Free Agent,8,The Cousin Lovers,"Oct 12, 9:18 am",2024
drop,Mark Andrews,31056.0,To Waivers,8,The Cousin Lovers,"Oct 12, 9:18 am",2024
add,Daniel Jones,31838.0,Free Agent,9,Talladega Knights,"Oct 12, 8:49 am",2024
drop,Jared Goff,29235.0,To Waivers,9,Talladega Knights,"Oct 12, 8:49 am",2024
add,Antonio Gibson,32736.0,Free Agent,5,Joe Buck Yourself,"Oct 11, 10:54 am",2024
drop,Alec Pierce,34008.0,To Waivers,5,Joe Buck Yourself,"Oct 11, 10:54 am",2024
add,Allen Lazard,31268.0,Free Agent,9,Talladega Knights,"Oct 11, 5:33 am",2024
drop,Blake Grupe,40296.0,To Waivers,9,Talladega Knights,"Oct 11, 5:33 am",2024
add,Darius Slayton,32003.0,Free Agent,5,Joe Buck Yourself,"Oct 10, 10:45 pm",2024
drop,Trey Sermon,33476.0,To Waivers,5,Joe Buck Yourself,"Oct 10, 10:45 pm",2024
add,Colts,,Free Agent,10,Starting Defense,"Oct 10, 9:05 pm",2024
drop,Chiefs,,To Waivers,10,Starting Defense,"Oct 10, 9:05 pm",2024
add,Texans,,Free Agent,6,Brokaw's Bums,"Oct 10, 8:53 pm",2024
drop,Raiders,,To Waivers,6,Brokaw's Bums,"Oct 10, 8:53 pm",2024
add,Buccaneers,,Free Agent,4,The Roethlisberger's,"Oct 10, 6:27 pm",2024
drop,Patriots,,To Waivers,4,The Roethlisberger's,"Oct 10, 6:27 pm",2024
add,Jake Elliott,30266.0,Free Agent,4,The Roethlisberger's,"Oct 10, 6:27 pm",2024
drop,Mike Williams,30120.0,To Waivers,4,The Roethlisberger's,"Oct 10, 6:27 pm",2024
add,Brayden Narveson,41235.0,Free Agent,7,Lambeau Leapers,"Oct 10, 11:19 am",2024
drop,Jake Moody,40129.0,To Waivers,7,Lambeau Leapers,"Oct 10, 11:19 am",2024
add,Alec Pierce,34008.0,Free Agent,5,Joe Buck Yourself,"Oct 10, 8:29 am",2024
drop,Justice Hill,31945.0,To Waivers,5,Joe Buck Yourself,"Oct 10, 8:29 am",2024
drop,Ricky Pearsall,40892.0,To Waivers,5,Joe Buck Yourself,"Oct 10, 8:28 am",2024
add,Ja'Lynn Polk,40914.0,Free Agent,5,Joe Buck Yourself,"Oct 9, 11:15 am",2024
drop,Kirk Cousins,25812.0,To Free Agent,5,Joe Buck Yourself,"Oct 9, 11:15 am",2024
add,Kirk Cousins,25812.0,Free Agent,5,Joe Buck Yourself,"Oct 9, 9:54 am",2024
add,Tyler Bass,32858.0,Free Agent,1,Hingle McCringlebery,"Oct 9, 6:41 am",2024
drop,Rashee Rice,40084.0,To Waivers,1,Hingle McCringlebery,"Oct 9, 6:39 am",2024
add,Eagles,,Waiver,5,Joe Buck Yourself,"Oct 9, 2:42 am",2024
drop,Seahawks,,To Waivers,5,Joe Buck Yourself,"Oct 9, 2:42 am",2024
add,Jalen Tolbert,34044.0,Waiver,5,Joe Buck Yourself,"Oct 9, 2:42 am",2024
drop,Romeo Doubs,34088.0,To Waivers,5,Joe Buck Yourself,"Oct 9, 2:42 am",2024
add,Jared Goff,29235.0,$3  Waiver,9,Talladega Knights,"Oct 9, 2:42 am",2024
drop,Quentin Johnston,40051.0,To Waivers,9,Talladega Knights,"Oct 9, 2:42 am",2024
add,JuJu Smith-Schuster,30175.0,$6  Waiver,1,Hingle McCringlebery,"Oct 9, 2:42 am",2024
drop,Justin Fields,33399.0,To Waivers,1,Hingle McCringlebery,"Oct 9, 2:42 am",2024
add,Blake Grupe,40296.0,Free Agent,9,Talladega Knights,"Oct 6, 2:11 pm",2024
drop,Bo Nix,40875.0,To Waivers,9,Talladega Knights,"Oct 6, 2:11 pm",2024
add,Tyrone Tracy Jr.,41048.0,Free Agent,7,Lambeau Leapers,"Oct 5, 8:23 pm",2024
drop,Matthew Stafford,9265.0,To Waivers,7,Lambeau Leapers,"Oct 5, 8:23 pm",2024
add,Patriots,,Free Agent,4,The Roethlisberger's,"Oct 5, 8:05 am",2024
drop,Bills,,To Waivers,4,The Roethlisberger's,"Oct 5, 8:05 am",2024
drop,Colby Parkinson,32803.0,To Waivers,4,The Roethlisberger's,"Oct 5, 8:04 am",2024
add,Alexander Mattison,31934.0,$9  Waiver,8,The Cousin Lovers,"Oct 4, 2:16 am",2024
drop,Jalen Nailor,34147.0,To Waivers,8,The Cousin Lovers,"Oct 4, 2:16 am",2024
add,Packers,,Free Agent,9,Talladega Knights,"Oct 3, 10:04 pm",2024
drop,D'Onta Foreman,30202.0,To Waivers,9,Talladega Knights,"Oct 3, 10:04 pm",2024
add,Pat Freiermuth,33443.0,Free Agent,10,Starting Defense,"Oct 3, 7:16 pm",2024
add,Chris Boswell,28188.0,Free Agent,5,Joe Buck Yourself,"Oct 3, 7:41 am",2024
drop,Blake Grupe,40296.0,To Waivers,5,Joe Buck Yourself,"Oct 3, 7:41 am",2024
add,Tucker Kraft,40102.0,Free Agent,3,Simps Squad,"Oct 2, 12:20 pm",2024
drop,Zamir White,34078.0,To Waivers,3,Simps Squad,"Oct 2, 12:20 pm",2024
add,Jordan Whittington,41083.0,Free Agent,3,Simps Squad,"Oct 2, 11:01 am",2024
drop,Carson Steele,41464.0,To Waivers,3,Simps Squad,"Oct 2, 11:01 am",2024
add,Trey Sermon,33476.0,Free Agent,5,Joe Buck Yourself,"Oct 2, 7:38 am",2024
drop,Roschon Johnson,40162.0,To Waivers,5,Joe Buck Yourself,"Oct 2, 7:38 am",2024
add,Romeo Doubs,34088.0,Free Agent,5,Joe Buck Yourself,"Oct 2, 7:16 am",2024
drop,Michael Wilson,40121.0,To Waivers,5,Joe Buck Yourself,"Oct 2, 7:16 am",2024
add,Broncos,,Waiver,1,Hingle McCringlebery,"Oct 2, 2:45 am",2024
drop,Dolphins,,To Waivers,1,Hingle McCringlebery,"Oct 2, 2:45 am",2024
add,Javonte Williams,33423.0,Waiver,3,Simps Squad,"Oct 2, 2:45 am",2024
drop,Alexander Mattison,31934.0,To Waivers,3,Simps Squad,"Oct 2, 2:45 am",2024
add,Seahawks,,Waiver,5,Joe Buck Yourself,"Oct 2, 2:45 am",2024
drop,Cowboys,,To Waivers,5,Joe Buck Yourself,"Oct 2, 2:45 am",2024
add,Justin Fields,33399.0,$1  Waiver,1,Hingle McCringlebery,"Oct 2, 2:45 am",2024
drop,DeAndre Hopkins,26650.0,To Waivers,1,Hingle McCringlebery,"Oct 2, 2:45 am",2024
add,Xavier Legette,40890.0,$5  Waiver,6,Brokaw's Bums,"Oct 2, 2:45 am",2024
drop,Adonai Mitchell,40915.0,To Waivers,6,Brokaw's Bums,"Oct 2, 2:45 am",2024
add,Dontayvion Wicks,40201.0,$6  Waiver,1,Hingle McCringlebery,"Oct 2, 2:45 am",2024
drop,Alec Pierce,34008.0,To Waivers,1,Hingle McCringlebery,"Oct 2, 2:45 am",2024
add,Chase Brown,40196.0,$14  Waiver,5,Joe Buck Yourself,"Oct 2, 2:45 am",2024
drop,Cole Kmet,32713.0,To Waivers,5,Joe Buck Yourself,"Oct 2, 2:45 am",2024
add,Bills,,Free Agent,4,The Roethlisberger's,"Sep 29, 3:51 pm",2024
drop,Seahawks,,To Waivers,4,The Roethlisberger's,"Sep 29, 3:51 pm",2024
add,Tre Tucker,40114.0,Free Agent,3,Simps Squad,"Sep 28, 5:50 pm",2024
drop,Chase Brown,40196.0,To Waivers,3,Simps Squad,"Sep 28, 5:50 pm",2024
add,Emanuel Wilson,40707.0,Free Agent,7,Lambeau Leapers,"Sep 27, 1:43 pm",2024
drop,Ezekiel Elliott,29238.0,To Waivers,7,Lambeau Leapers,"Sep 27, 1:43 pm",2024
add,Wan'Dale Robinson,33998.0,Free Agent,6,Brokaw's Bums,"Sep 26, 6:58 pm",2024
drop,Dalton Schultz,31107.0,To Waivers,6,Brokaw's Bums,"Sep 26, 6:58 pm",2024
add,Michael Wilson,40121.0,Free Agent,5,Joe Buck Yourself,"Sep 26, 8:24 am",2024
drop,Cordarrelle Patterson,26652.0,To Waivers,5,Joe Buck Yourself,"Sep 26, 8:24 am",2024
add,Roschon Johnson,40162.0,Free Agent,5,Joe Buck Yourself,"Sep 25, 10:08 pm",2024
drop,Samaje Perine,30227.0,To Waivers,5,Joe Buck Yourself,"Sep 25, 10:08 pm",2024
add,Cole Kmet,32713.0,Free Agent,5,Joe Buck Yourself,"Sep 25, 9:01 am",2024
drop,Romeo Doubs,34088.0,To Waivers,5,Joe Buck Yourself,"Sep 25, 9:01 am",2024
add,Dolphins,,Free Agent,1,Hingle McCringlebery,"Sep 25, 6:31 am",2024
drop,Colts,,To Waivers,1,Hingle McCringlebery,"Sep 25, 6:31 am",2024
add,Blake Grupe,40296.0,Waiver,5,Joe Buck Yourself,"Sep 25, 2:44 am",2024
drop,Tyler Bass,32858.0,To Waivers,5,Joe Buck Yourself,"Sep 25, 2:44 am",2024
add,Jalen Nailor,34147.0,$1  Waiver,8,The Cousin Lovers,"Sep 25, 2:44 am",2024
drop,Javonte Williams,33423.0,To Waivers,8,The Cousin Lovers,"Sep 25, 2:44 am",2024
add,Vikings,,$5  Waiver,8,The Cousin Lovers,"Sep 25, 2:44 am",2024
drop,Browns,,To Waivers,8,The Cousin Lovers,"Sep 25, 2:44 am",2024
add,Cordarrelle Patterson,26652.0,$7  Waiver,5,Joe Buck Yourself,"Sep 25, 2:44 am",2024
drop,Bills,,To Waivers,5,Joe Buck Yourself,"Sep 25, 2:44 am",2024
add,Darnell Mooney,32843.0,$13  Waiver,8,The Cousin Lovers,"Sep 25, 2:44 am",2024
drop,Demarcus Robinson,29360.0,To Waivers,8,The Cousin Lovers,"Sep 25, 2:44 am",2024
add,Mike Gesicki,31012.0,Free Agent,4,The Roethlisberger's,"Sep 22, 11:45 am",2024
drop,Cole Kmet,32713.0,To Waivers,4,The Roethlisberger's,"Sep 22, 11:45 am",2024
add,Jauan Jennings,32887.0,Free Agent,10,Starting Defense,"Sep 22, 10:11 am",2024
drop,Taysom Hill,30614.0,To Waivers,10,Starting Defense,"Sep 22, 10:11 am",2024
add,Younghoe Koo,30426.0,Free Agent,10,Starting Defense,"Sep 22, 10:09 am",2024
drop,Jason Sanders,31199.0,To Waivers,10,Starting Defense,"Sep 22, 10:09 am",2024
add,Brenton Strange,40078.0,Free Agent,7,Lambeau Leapers,"Sep 21, 8:49 pm",2024
drop,Malik Willis,34042.0,To Waivers,7,Lambeau Leapers,"Sep 21, 8:49 pm",2024
add,Cam Akers,32722.0,Free Agent,2,Jackson's Team,"Sep 20, 1:53 pm",2024
drop,Dameon Pierce,34063.0,To Waivers,2,Jackson's Team,"Sep 20, 1:52 pm",2024
add,D'Onta Foreman,30202.0,Free Agent,9,Talladega Knights,"Sep 20, 1:46 pm",2024
add,Tyler Lockett,28457.0,Waiver,3,Simps Squad,"Sep 20, 2:15 am",2024
drop,Jaylen Wright,41010.0,To Waivers,3,Simps Squad,"Sep 20, 2:15 am",2024
add,Alec Pierce,34008.0,Free Agent,1,Hingle McCringlebery,"Sep 18, 9:11 pm",2024
drop,Justin Herbert,32676.0,To Waivers,1,Hingle McCringlebery,"Sep 18, 9:11 pm",2024
add,Raiders,,Free Agent,6,Brokaw's Bums,"Sep 18, 2:24 pm",2024
drop,Buccaneers,,To Waivers,6,Brokaw's Bums,"Sep 18, 2:24 pm",2024
add,Bills,,Free Agent,5,Joe Buck Yourself,"Sep 18, 8:39 am",2024
drop,Jordan Whittington,41083.0,To Waivers,5,Joe Buck Yourself,"Sep 18, 8:39 am",2024
add,Chase McLaughlin,32417.0,Free Agent,8,The Cousin Lovers,"Sep 18, 7:20 am",2024
drop,Jake Elliott,30266.0,To Waivers,8,The Cousin Lovers,"Sep 18, 7:20 am",2024
add,Malik Willis,34042.0,Waiver,7,Lambeau Leapers,"Sep 18, 6:23 am",2024
drop,Luke Musgrave,40074.0,To Waivers,7,Lambeau Leapers,"Sep 18, 6:23 am",2024
add,Jordan Whittington,41083.0,Waiver,5,Joe Buck Yourself,"Sep 18, 6:23 am",2024
add,Buccaneers,,Waiver,6,Brokaw's Bums,"Sep 18, 6:23 am",2024
drop,Chargers,,To Waivers,6,Brokaw's Bums,"Sep 18, 6:23 am",2024
add,Baker Mayfield,30971.0,$3  Waiver,8,The Cousin Lovers,"Sep 18, 6:23 am",2024
drop,Jared Goff,29235.0,To Waivers,8,The Cousin Lovers,"Sep 18, 6:23 am",2024
add,Quentin Johnston,40051.0,$7  Waiver,9,Talladega Knights,"Sep 18, 6:23 am",2024
drop,Joshua Palmer,33465.0,To Waivers,9,Talladega Knights,"Sep 18, 6:23 am",2024
add,Kareem Hunt,30199.0,$12  Waiver,9,Talladega Knights,"Sep 18, 6:23 am",2024
drop,Jaleel McLaughlin,40696.0,To Waivers,9,Talladega Knights,"Sep 18, 6:23 am",2024
add,Braelon Allen,40981.0,$16  Waiver,8,The Cousin Lovers,"Sep 18, 6:23 am",2024
drop,Tyler Lockett,28457.0,To Waivers,8,The Cousin Lovers,"Sep 18, 6:23 am",2024
add,Carson Steele,41464.0,$33  Waiver,3,Simps Squad,"Sep 18, 6:23 am",2024
add,Samaje Perine,30227.0,$77  Waiver,5,Joe Buck Yourself,"Sep 18, 6:23 am",2024
drop,Allen Lazard,31268.0,To Waivers,5,Joe Buck Yourself,"Sep 18, 6:23 am",2024
drop,Tua Tagovailoa,32675.0,To Waivers,3,Simps Squad,"Sep 17, 9:44 am",2024
drop,Wan'Dale Robinson,33998.0,To Waivers,5,Joe Buck Yourself,"Sep 17, 9:00 am",2024
add,Demarcus Robinson,29360.0,Free Agent,8,The Cousin Lovers,"Sep 15, 11:15 am",2024
drop,Darnell Mooney,32843.0,To Free Agent,8,The Cousin Lovers,"Sep 15, 11:15 am",2024
add,Colby Parkinson,32803.0,Free Agent,4,The Roethlisberger's,"Sep 15, 11:15 am",2024
add,Darnell Mooney,32843.0,Free Agent,8,The Cousin Lovers,"Sep 15, 8:05 am",2024
drop,Vikings,,To Waivers,8,The Cousin Lovers,"Sep 15, 8:05 am",2024
add,DeAndre Hopkins,26650.0,Free Agent,1,Hingle McCringlebery,"Sep 13, 5:03 pm",2024
drop,Kendre Miller,40108.0,To Waivers,1,Hingle McCringlebery,"Sep 13, 4:59 pm",2024
add,Wan'Dale Robinson,33998.0,Free Agent,5,Joe Buck Yourself,"Sep 12, 11:52 am",2024
add,Matthew Stafford,9265.0,Free Agent,7,Lambeau Leapers,"Sep 11, 8:45 pm",2024
drop,DeAndre Hopkins,26650.0,To Waivers,7,Lambeau Leapers,"Sep 11, 8:45 pm",2024
add,Justice Hill,31945.0,Free Agent,5,Joe Buck Yourself,"Sep 11, 8:19 am",2024
drop,Curtis Samuel,30153.0,To Waivers,5,Joe Buck Yourself,"Sep 11, 8:19 am",2024
add,Allen Lazard,31268.0,Free Agent,5,Joe Buck Yourself,"Sep 11, 8:18 am",2024
drop,Samaje Perine,30227.0,To Waivers,5,Joe Buck Yourself,"Sep 11, 8:18 am",2024
add,Colts,,Free Agent,1,Hingle McCringlebery,"Sep 11, 6:17 am",2024
drop,Bengals,,To Waivers,1,Hingle McCringlebery,"Sep 11, 6:17 am",2024
add,Tyler Bass,32858.0,Waiver,5,Joe Buck Yourself,"Sep 11, 2:17 am",2024
drop,Younghoe Koo,30426.0,To Waivers,5,Joe Buck Yourself,"Sep 11, 2:17 am",2024
add,Chargers,,$1  Waiver,6,Brokaw's Bums,"Sep 11, 2:17 am",2024
drop,Saints,,To Waivers,6,Brokaw's Bums,"Sep 11, 2:17 am",2024
add,Rashid Shaheed,34659.0,$3  Waiver,8,The Cousin Lovers,"Sep 11, 2:17 am",2024
drop,Adam Thielen,27277.0,To Waivers,8,The Cousin Lovers,"Sep 11, 2:17 am",2024
add,Alexander Mattison,31934.0,$17  Waiver,3,Simps Squad,"Sep 11, 2:17 am",2024
drop,Braelon Allen,40981.0,To Waivers,3,Simps Squad,"Sep 11, 2:17 am",2024
add,Jaylen Wright,41010.0,$21  Waiver,3,Simps Squad,"Sep 11, 2:17 am",2024
drop,Dontayvion Wicks,40201.0,To Waivers,3,Simps Squad,"Sep 11, 2:17 am",2024
add,Isaiah Likely,34095.0,$51  Waiver,1,Hingle McCringlebery,"Sep 11, 2:17 am",2024
drop,Kyle Juszczyk,26753.0,To Waivers,1,Hingle McCringlebery,"Sep 11, 2:17 am",2024
add,Kyle Juszczyk,26753.0,Free Agent,1,Hingle McCringlebery,"Sep 9, 6:03 pm",2024
drop,Noah Fant,31852.0,To Waivers,1,Hingle McCringlebery,"Sep 9, 6:03 pm",2024
add,Seahawks,,Free Agent,4,The Roethlisberger's,"Sep 8, 11:45 am",2024
drop,Bills,,To Waivers,4,The Roethlisberger's,"Sep 8, 11:45 am",2024
add,Browns,,Waiver,8,The Cousin Lovers,"Sep 6, 2:12 am",2024
drop,Texans,,To Waivers,8,The Cousin Lovers,"Sep 6, 2:12 am",2024
add,Samaje Perine,30227.0,Free Agent,5,Joe Buck Yourself,"Sep 5, 2:35 pm",2024
drop,Andrei Iosivas,40211.0,To Waivers,5,Joe Buck Yourself,"Sep 5, 2:35 pm",2024
add,Taysom Hill,30614.0,Free Agent,10,Starting Defense,"Sep 5, 1:08 pm",2024
drop,Dolphins,,To Waivers,10,Starting Defense,"Sep 5, 1:08 pm",2024
add,Braelon Allen,40981.0,Free Agent,3,Simps Squad,"Sep 5, 1:40 am",2024
drop,Ja'Lynn Polk,40914.0,To Waivers,3,Simps Squad,"Sep 5, 1:40 am",2024
add,Saints,,Free Agent,6,Brokaw's Bums,"Sep 4, 2:01 pm",2024
add,Keaton Mitchell,40641.0,Free Agent,6,Brokaw's Bums,"Sep 4, 2:00 pm",2024
drop,Browns,,To Waivers,6,Brokaw's Bums,"Sep 4, 2:00 pm",2024
add,Andrei Iosivas,40211.0,Free Agent,5,Joe Buck Yourself,"Sep 4, 11:18 am",2024
add,Ricky Pearsall,40892.0,Free Agent,5,Joe Buck Yourself,"Sep 4, 11:17 am",2024
drop,MarShawn Lloyd,40971.0,To Waivers,5,Joe Buck Yourself,"Sep 4, 11:17 am",2024
add,Will Reichard,41093.0,Waiver,1,Hingle McCringlebery,"Sep 3, 5:11 am",2024
add,Kendre Miller,40108.0,Free Agent,1,Hingle McCringlebery,"Sep 1, 10:47 pm",2024
drop,Will Reichard,41093.0,To Waivers,1,Hingle McCringlebery,"Sep 1, 10:47 pm",2024
add,Noah Fant,31852.0,Waiver,1,Hingle McCringlebery,"Sep 1, 2:10 am",2024
add,Texans,,Waiver,8,The Cousin Lovers,"Sep 1, 2:10 am",2024
add,Adam Thielen,27277.0,Waiver,8,The Cousin Lovers,"Sep 1, 2:10 am",2024
add,Bills,,Free Agent,3,Joe Buck Yourself,"Dec 20, 11:12 am",2014
drop,Mike Wallace,9348.0,To Waivers,3,Joe Buck Yourself,"Dec 20, 11:12 am",2014
add,Jeremy Hill,27583.0,Waiver,3,Joe Buck Yourself,"Dec 17, 4:27 am",2014
drop,Richard Rodgers,27626.0,To Waivers,3,Joe Buck Yourself,"Dec 17, 4:27 am",2014
add,Richard Rodgers,27626.0,Waiver,3,Joe Buck Yourself,"Dec 3, 4:17 am",2014
add,Josh Gordon,26561.0,Waiver,6,Lambeau Leapers,"Nov 26, 5:20 am",2014
drop,DeAndre Hopkins,26650.0,To Waivers,6,Lambeau Leapers,"Nov 26, 5:20 am",2014
add,Jason Witten,6405.0,Waiver,2,The Football Team,"Nov 19, 6:25 am",2014
drop,Ahmad Bradshaw,8504.0,To Waivers,2,The Football Team,"Nov 19, 6:25 am",2014
add,Odell Beckham Jr.,27540.0,Waiver,3,Joe Buck Yourself,"Nov 19, 6:25 am",2014
drop,Marques Colston,8001.0,To Waivers,3,Joe Buck Yourself,"Nov 19, 6:25 am",2014
add,Packers,,Waiver,2,The Football Team,"Nov 19, 6:25 am",2014
drop,Adrian Peterson,8261.0,To Waivers,2,The Football Team,"Nov 19, 6:25 am",2014
drop,Ben Roethlisberger,6770.0,To Waivers,3,Joe Buck Yourself,"Nov 16, 6:11 pm",2014
add,Rashad Jennings,9514.0,Free Agent,2,The Football Team,"Nov 14, 6:32 pm",2014
drop,Jason Witten,6405.0,To Waivers,2,The Football Team,"Nov 14, 6:32 pm",2014
add,Ben Roethlisberger,6770.0,Free Agent,3,Joe Buck Yourself,"Nov 12, 7:38 am",2014
drop,Broncos,,To Waivers,3,Joe Buck Yourself,"Nov 12, 7:34 am",2014
add,Mike Evans,27535.0,Free Agent,3,Joe Buck Yourself,"Nov 12, 7:32 am",2014
drop,Michael Floyd,25723.0,To Waivers,3,Joe Buck Yourself,"Nov 12, 7:32 am",2014
add,Adrian Peterson,8261.0,Free Agent,2,The Football Team,"Nov 10, 7:17 am",2014
drop,Rashad Jennings,9514.0,To Waivers,2,The Football Team,"Nov 10, 7:17 am",2014
add,Caleb Sturgis,26789.0,Free Agent,1,Shock the Nation,"Nov 5, 9:36 pm",2014
drop,Nick Novak,7505.0,To Waivers,1,Shock the Nation,"Nov 5, 9:36 pm",2014
add,Broncos,,Waiver,3,Joe Buck Yourself,"Nov 5, 6:28 am",2014
add,Mohamed Sanu,25793.0,Waiver,2,The Football Team,"Nov 5, 6:28 am",2014
drop,Cordarrelle Patterson,26652.0,To Waivers,2,The Football Team,"Nov 5, 6:28 am",2014
add,Mark Ingram II,24815.0,Waiver,3,Joe Buck Yourself,"Nov 5, 6:28 am",2014
drop,Andy Dalton,24822.0,To Waivers,3,Joe Buck Yourself,"Nov 4, 7:09 am",2014
drop,Shaun Suisham,7527.0,To Waivers,3,Joe Buck Yourself,"Nov 4, 7:08 am",2014
add,Shane Vereen,24843.0,Free Agent,1,Shock the Nation,"Oct 30, 5:32 pm",2014
drop,Doug Martin,25741.0,To Waivers,1,Shock the Nation,"Oct 30, 5:32 pm",2014
add,Cody Parkey,27911.0,Waiver,2,The Football Team,"Oct 29, 4:02 am",2014
add,Dolphins,,Waiver,2,The Football Team,"Oct 29, 4:02 am",2014
drop,Chargers,,To Waivers,2,The Football Team,"Oct 29, 4:02 am",2014
add,Michael Floyd,25723.0,Waiver,3,Joe Buck Yourself,"Oct 29, 4:02 am",2014
drop,Eric Decker,24062.0,To Waivers,3,Joe Buck Yourself,"Oct 29, 4:02 am",2014
add,Doug Martin,25741.0,Waiver,1,Shock the Nation,"Oct 29, 4:02 am",2014
drop,Joique Bell,24262.0,To Waivers,1,Shock the Nation,"Oct 29, 4:02 am",2014
add,Ahmad Bradshaw,8504.0,Waiver,2,The Football Team,"Oct 29, 4:02 am",2014
drop,Matt Asiata,25238.0,To Waivers,2,The Football Team,"Oct 29, 4:02 am",2014
drop,Brian Quick,25743.0,To Waivers,2,The Football Team,"Oct 28, 6:20 pm",2014
add,Jordan Reed,26708.0,Free Agent,1,Shock the Nation,"Oct 27, 5:35 pm",2014
drop,Victor Cruz,24553.0,To Waivers,1,Shock the Nation,"Oct 27, 5:35 pm",2014
add,Chris Ivory,24400.0,Waiver,6,Lambeau Leapers,"Oct 22, 3:59 am",2014
add,Lamar Miller,25807.0,Waiver,3,Joe Buck Yourself,"Oct 22, 3:59 am",2014
drop,Chris Johnson,8801.0,To Waivers,3,Joe Buck Yourself,"Oct 22, 3:59 am",2014
add,Bears,,Waiver,1,Shock the Nation,"Oct 15, 9:36 am",2014
drop,Doug Martin,25741.0,To Waivers,1,Shock the Nation,"Oct 15, 9:36 am",2014
add,Andy Dalton,24822.0,Free Agent,3,Joe Buck Yourself,"Oct 9, 8:39 pm",2014
drop,Kirk Cousins,25812.0,To Waivers,3,Joe Buck Yourself,"Oct 9, 8:38 pm",2014
add,Shaun Suisham,7527.0,Free Agent,3,Joe Buck Yourself,"Oct 9, 8:37 pm",2014
drop,Adrian Peterson,8261.0,To Waivers,3,Joe Buck Yourself,"Oct 9, 8:36 pm",2014
add,Brian Quick,25743.0,Waiver,2,The Football Team,"Oct 8, 3:55 am",2014
drop,Devin Hester,7806.0,To Waivers,2,The Football Team,"Oct 8, 3:55 am",2014
add,Chargers,,Waiver,2,The Football Team,"Oct 8, 3:55 am",2014
drop,Bengals,,To Waivers,2,The Football Team,"Oct 8, 3:55 am",2014
add,Dwayne Allen,25774.0,Waiver,2,The Football Team,"Oct 8, 3:55 am",2014
drop,Dennis Pitta,24089.0,To Waivers,2,The Football Team,"Oct 8, 3:55 am",2014
add,Percy Harvin,9286.0,Waiver,1,Shock the Nation,"Oct 8, 3:55 am",2014
drop,Knowshon Moreno,9276.0,To Waivers,1,Shock the Nation,"Oct 8, 3:55 am",2014
add,Steve Smith,5521.0,Waiver,2,The Football Team,"Oct 8, 3:55 am",2014
drop,Michael Floyd,25723.0,To Waivers,2,The Football Team,"Oct 8, 3:55 am",2014
add,Brandon Pettigrew,9284.0,Waiver,8,clay's Team,"Oct 8, 3:55 am",2014
add,Devin Hester,7806.0,Free Agent,2,The Football Team,"Oct 2, 5:25 pm",2014
drop,Percy Harvin,9286.0,To Waivers,2,The Football Team,"Oct 2, 5:25 pm",2014
drop,Falcons,,To Waivers,6,Lambeau Leapers,"Oct 1, 2:34 pm",2014
add,Kelvin Benjamin,27556.0,Waiver,6,Lambeau Leapers,"Oct 1, 5:05 am",2014
drop,Brandin Cooks,27548.0,To Waivers,6,Lambeau Leapers,"Oct 1, 5:05 am",2014
add,Eagles,,Waiver,1,Shock the Nation,"Oct 1, 5:05 am",2014
drop,Lions,,To Waivers,1,Shock the Nation,"Oct 1, 5:05 am",2014
add,Matt Asiata,25238.0,Waiver,2,The Football Team,"Oct 1, 5:05 am",2014
drop,Rueben Randle,25773.0,To Waivers,2,The Football Team,"Oct 1, 5:05 am",2014
add,DeAndre Hopkins,26650.0,Free Agent,6,Lambeau Leapers,"Sep 25, 8:40 pm",2014
drop,Anquan Boldin,6390.0,To Waivers,6,Lambeau Leapers,"Sep 25, 8:40 pm",2014
add,Adrian Peterson,8261.0,Free Agent,3,Joe Buck Yourself,"Sep 24, 12:07 pm",2014
add,Falcons,,Waiver,6,Lambeau Leapers,"Sep 24, 3:26 am",2014
drop,Greg Jennings,7801.0,To Waivers,6,Lambeau Leapers,"Sep 24, 3:26 am",2014
add,Lions,,Waiver,1,Shock the Nation,"Sep 24, 3:26 am",2014
drop,Broncos,,To Waivers,1,Shock the Nation,"Sep 24, 3:26 am",2014
add,Kirk Cousins,25812.0,Waiver,3,Joe Buck Yourself,"Sep 24, 3:26 am",2014
drop,Andy Dalton,24822.0,To Waivers,3,Joe Buck Yourself,"Sep 24, 3:26 am",2014
drop,Adrian Peterson,8261.0,To Waivers,3,Joe Buck Yourself,"Sep 21, 5:50 pm",2014
drop,Jordan Cameron,24889.0,To Waivers,8,clay's Team,"Sep 20, 8:46 pm",2014
add,Fred Jackson,8063.0,Free Agent,3,Joe Buck Yourself,"Sep 17, 9:16 pm",2014
drop,Maurice Jones-Drew,7809.0,To Waivers,3,Joe Buck Yourself,"Sep 17, 9:16 pm",2014
add,Andy Dalton,24822.0,Free Agent,3,Joe Buck Yourself,"Sep 17, 9:14 pm",2014
drop,Robert Griffin III,25712.0,To Waivers,3,Joe Buck Yourself,"Sep 17, 9:14 pm",2014
add,Texans,,Free Agent,3,Joe Buck Yourself,"Sep 17, 9:13 pm",2014
drop,Packers,,To Waivers,3,Joe Buck Yourself,"Sep 17, 9:13 pm",2014
add,Darren Sproles,7306.0,Waiver,6,Lambeau Leapers,"Sep 17, 5:05 am",2014
drop,Shane Vereen,24843.0,To Waivers,6,Lambeau Leapers,"Sep 17, 5:05 am",2014
add,Delanie Walker,7924.0,Waiver,1,Shock the Nation,"Sep 10, 3:14 am",2014
drop,Jordan Reed,26708.0,To Waivers,1,Shock the Nation,"Sep 10, 3:14 am",2014
add,Shane Vereen,24843.0,Waiver,6,Lambeau Leapers,"Sep 10, 3:14 am",2014
add,Knowshon Moreno,9276.0,Waiver,1,Shock the Nation,"Sep 10, 3:14 am",2014
drop,Shonn Greene,9329.0,To Waivers,1,Shock the Nation,"Sep 10, 3:14 am",2014
add,Michael Crabtree,9274.0,Waiver,6,Lambeau Leapers,"Sep 10, 3:14 am",2014
drop,Ladarius Green,25820.0,To Waivers,6,Lambeau Leapers,"Sep 7, 5:06 pm",2014
drop,Doug Baldwin,25105.0,To Waivers,6,Lambeau Leapers,"Sep 7, 4:41 pm",2014
add,Brandin Cooks,27548.0,Free Agent,6,Lambeau Leapers,"Sep 4, 9:39 pm",2014
drop,Jarrett Boykin,26083.0,To Waivers,6,Lambeau Leapers,"Sep 4, 9:39 pm",2014
add,Jarrett Boykin,26083.0,Free Agent,6,Lambeau Leapers,"Sep 3, 6:55 pm",2014
drop,Michael Crabtree,9274.0,To Waivers,6,Lambeau Leapers,"Sep 3, 6:55 pm",2014
add,Vikings,,Free Agent,8,clay's Team,"Aug 31, 5:57 pm",2014
drop,Cardinals,,To Waivers,8,clay's Team,"Aug 31, 5:50 pm",2014
add,Nick Novak,7505.0,Free Agent,1,Shock the Nation,"Aug 31, 3:19 pm",2014
drop,Alex Henery,24907.0,To Waivers,1,Shock the Nation,"Aug 31, 3:18 pm",2014
add,Shonn Greene,9329.0,Free Agent,1,Shock the Nation,"Aug 26, 6:42 am",2014
drop,Bishop Sankey,27582.0,To Waivers,1,Shock the Nation,"Aug 26, 6:40 am",2014
add,Broncos,,Free Agent,1,Shock the Nation,"Aug 25, 7:19 pm",2014
drop,Bears,,To Waivers,1,Shock the Nation,"Aug 25, 7:19 pm",2014
add,Jordan Reed,26708.0,Free Agent,1,Shock the Nation,"Aug 18, 9:04 pm",2014
drop,Delanie Walker,7924.0,To Waivers,1,Shock the Nation,"Aug 18, 9:04 pm",2014
add,Alex Henery,24907.0,Free Agent,1,Shock the Nation,"Aug 12, 2:28 pm",2014
drop,Nick Novak,7505.0,To Waivers,1,Shock the Nation,"Aug 12, 2:28 pm",2014
add,Bears,,Waiver,1,Shock the Nation,"Aug 12, 2:24 am",2014
drop,Colts,,To Waivers,1,Shock the Nation,"Aug 12, 2:24 am",2014
add,Antonio Gates,6663.0,Waiver,3,Joe Buck Yourself,"Aug 12, 2:24 am",2014
drop,Jordan Reed,26708.0,To Waivers,3,Joe Buck Yourself,"Aug 12, 2:24 am",2014
add,Delanie Walker,7924.0,Waiver,1,Shock the Nation,"Aug 12, 2:24 am",2014
drop,Zach Miller,8292.0,To Waivers,1,Shock the Nation,"Aug 12, 2:24 am",2014
add,Giants,,Free Agent,6,Brokaw's Bums,"Dec 28, 12:34 pm",2025
drop,Falcons,,To Waivers,6,Brokaw's Bums,"Dec 28, 12:34 pm",2025
add,Darren Waller,28592.0,Free Agent,1,Hingle McCringlebery,"Dec 28, 10:16 am",2025
drop,Chiefs,,To Waivers,1,Hingle McCringlebery,"Dec 28, 10:16 am",2025
drop,Xavier Worthy,40877.0,To Waivers,1,Hingle McCringlebery,"Dec 28, 10:15 am",2025
drop,C.J. Stroud,40030.0,To Waivers,1,Hingle McCringlebery,"Dec 28, 10:15 am",2025
add,Bears,,Free Agent,10,Starting Defense,"Dec 28, 9:17 am",2025
add,Colston Loveland,41795.0,Free Agent,10,Starting Defense,"Dec 28, 9:14 am",2025
drop,Zach Ertz,26658.0,To Waivers,10,Starting Defense,"Dec 28, 9:14 am",2025
add,Kyle Williams,41864.0,Free Agent,4,The Roethlisberger's,"Dec 27, 11:56 am",2025
drop,Woody Marks,41902.0,To Waivers,4,The Roethlisberger's,"Dec 27, 11:56 am",2025
add,Malik Willis,34042.0,Free Agent,7,Lambeau Leapers,"Dec 26, 4:01 pm",2025
drop,Jordan Love,32696.0,To Waivers,7,Lambeau Leapers,"Dec 26, 4:01 pm",2025
add,Taysom Hill,30614.0,Free Agent,4,The Roethlisberger's,"Dec 26, 10:31 am",2025
drop,Darren Waller,28592.0,To Waivers,4,The Roethlisberger's,"Dec 26, 10:31 am",2025
add,Woody Marks,41902.0,Free Agent,4,The Roethlisberger's,"Dec 26, 10:13 am",2025
add,Baker Mayfield,30971.0,Free Agent,4,The Roethlisberger's,"Dec 26, 10:12 am",2025
drop,Lions,,To Waivers,4,The Roethlisberger's,"Dec 26, 10:12 am",2025
drop,Jared Goff,29235.0,To Waivers,4,The Roethlisberger's,"Dec 26, 10:12 am",2025
add,Caleb Williams,40900.0,Free Agent,7,Lambeau Leapers,"Dec 24, 9:51 pm",2025
drop,Rachaad White,34047.0,To Waivers,7,Lambeau Leapers,"Dec 24, 9:51 pm",2025
add,Juwan Johnson,33113.0,Free Agent,5,Joe Buck Yourself,"Dec 24, 9:50 pm",2025
drop,Baker Mayfield,30971.0,To Waivers,5,Joe Buck Yourself,"Dec 24, 9:50 pm",2025
add,Parker Washington,40234.0,Free Agent,4,The Roethlisberger's,"Dec 24, 4:15 pm",2025
drop,Bengals,,To Waivers,4,The Roethlisberger's,"Dec 24, 4:15 pm",2025
add,Dylan Sampson,41907.0,Free Agent,4,The Roethlisberger's,"Dec 24, 4:15 pm",2025
drop,Rashee Rice,40084.0,To Waivers,4,The Roethlisberger's,"Dec 24, 4:15 pm",2025
add,Lions,,$15  Waiver,4,The Roethlisberger's,"Dec 24, 3:40 am",2025
drop,Vikings,,To Waivers,4,The Roethlisberger's,"Dec 24, 3:40 am",2025
drop,DK Metcalf,31896.0,To Waivers,6,Brokaw's Bums,"Dec 23, 5:01 pm",2025
add,Nick Chubb,31005.0,Free Agent,5,Joe Buck Yourself,"Dec 21, 2:08 pm",2025
drop,Woody Marks,41902.0,To Waivers,5,Joe Buck Yourself,"Dec 21, 2:08 pm",2025
add,Broncos,,Free Agent,7,Lambeau Leapers,"Dec 21, 11:29 am",2025
add,Commanders,,Free Agent,2,Jackson's Team,"Dec 19, 9:24 pm",2025
drop,Broncos,,To Waivers,2,Jackson's Team,"Dec 19, 9:24 pm",2025
add,Falcons,,Free Agent,6,Brokaw's Bums,"Dec 19, 9:14 pm",2025
drop,Giants,,To Free Agent,6,Brokaw's Bums,"Dec 19, 9:14 pm",2025
add,Giants,,Free Agent,6,Brokaw's Bums,"Dec 19, 9:13 pm",2025
drop,Rashid Shaheed,34659.0,To Waivers,6,Brokaw's Bums,"Dec 19, 9:13 pm",2025
add,Eddy Pineiro,31482.0,Free Agent,7,Lambeau Leapers,"Dec 19, 9:05 pm",2025
add,Trevor Lawrence,33389.0,Free Agent,1,Hingle McCringlebery,"Dec 19, 2:11 pm",2025
drop,Patrick Mahomes,30123.0,To Waivers,1,Hingle McCringlebery,"Dec 19, 2:10 pm",2025
add,Vikings,,Free Agent,4,The Roethlisberger's,"Dec 19, 10:26 am",2025
drop,Brian Robinson,34054.0,To Waivers,4,The Roethlisberger's,"Dec 19, 10:26 am",2025
add,Darren Waller,28592.0,Free Agent,4,The Roethlisberger's,"Dec 19, 10:04 am",2025
drop,Malik Nabers,40899.0,To Waivers,4,The Roethlisberger's,"Dec 19, 10:04 am",2025
add,Emari Demercado,40430.0,Free Agent,9,Talladega Knights,"Dec 18, 7:41 pm",2025
add,Audric Estime,41019.0,Free Agent,1,Hingle McCringlebery,"Dec 18, 5:58 pm",2025
add,Malik Nabers,40899.0,Free Agent,4,The Roethlisberger's,"Dec 18, 5:27 pm",2025
drop,Quentin Johnston,40051.0,To Waivers,4,The Roethlisberger's,"Dec 18, 5:27 pm",2025
add,Bengals,,Free Agent,4,The Roethlisberger's,"Dec 18, 5:25 pm",2025
drop,Colts,,To Waivers,4,The Roethlisberger's,"Dec 18, 5:25 pm",2025
add,Andy Borregales,41980.0,Free Agent,4,The Roethlisberger's,"Dec 18, 5:25 pm",2025
drop,Evan McPherson,33537.0,To Waivers,4,The Roethlisberger's,"Dec 18, 5:25 pm",2025
add,C.J. Stroud,40030.0,Free Agent,1,Hingle McCringlebery,"Dec 18, 12:14 pm",2025
drop,Jaylen Wright,41010.0,To Waivers,1,Hingle McCringlebery,"Dec 18, 12:14 pm",2025
add,Colby Parkinson,32803.0,Free Agent,1,Hingle McCringlebery,"Dec 17, 8:19 pm",2025
drop,Bears,,To Waivers,1,Hingle McCringlebery,"Dec 17, 8:19 pm",2025
drop,Bam Knight,34357.0,To Waivers,9,Talladega Knights,"Dec 17, 9:39 am",2025
add,Michael Carter,33495.0,$10  Waiver,5,Joe Buck Yourself,"Dec 17, 3:44 am",2025
drop,Alec Pierce,34008.0,To Waivers,5,Joe Buck Yourself,"Dec 17, 3:44 am",2025
add,Jacory Croskey-Merritt,42010.0,Free Agent,8,The Cousin Lovers,"Dec 14, 10:45 am",2025
add,Jaylen Wright,41010.0,Free Agent,1,Hingle McCringlebery,"Dec 14, 7:26 am",2025
add,Devaughn Vele,41097.0,Free Agent,5,Joe Buck Yourself,"Dec 11, 9:10 pm",2025
drop,Bhayshul Tuten,41900.0,To Waivers,5,Joe Buck Yourself,"Dec 11, 9:10 pm",2025
drop,Tez Johnson,42030.0,To Waivers,4,The Roethlisberger's,"Dec 11, 6:04 pm",2025
add,Harold Fannin Jr.,41877.0,Free Agent,8,The Cousin Lovers,"Dec 11, 10:46 am",2025
drop,Juwan Johnson,33113.0,To Waivers,8,The Cousin Lovers,"Dec 11, 10:46 am",2025
add,Cowboys,,Free Agent,6,Brokaw's Bums,"Dec 11, 8:21 am",2025
add,Patriots,,Free Agent,6,Brokaw's Bums,"Dec 11, 8:20 am",2025
drop,Commanders,,To Waivers,6,Brokaw's Bums,"Dec 11, 8:20 am",2025
add,Chiefs,,Waiver,1,Hingle McCringlebery,"Dec 10, 3:50 am",2025
drop,Browns,,To Waivers,1,Hingle McCringlebery,"Dec 10, 3:50 am",2025
add,Evan McPherson,33537.0,$5  Waiver,4,The Roethlisberger's,"Dec 10, 3:50 am",2025
drop,Harrison Butker,30346.0,To Waivers,4,The Roethlisberger's,"Dec 10, 3:50 am",2025
drop,Dalton Schultz,31107.0,To Waivers,1,Hingle McCringlebery,"Dec 9, 11:07 pm",2025
drop,Darren Waller,28592.0,To Waivers,6,Brokaw's Bums,"Dec 8, 10:52 pm",2025
drop,Daniel Jones,31838.0,To Waivers,8,The Cousin Lovers,"Dec 7, 6:59 pm",2025
add,Bears,,Free Agent,1,Hingle McCringlebery,"Dec 5, 2:53 pm",2025
drop,J.K. Dobbins,32725.0,To Waivers,1,Hingle McCringlebery,"Dec 4, 2:45 pm",2025
drop,Travis Hunter,41787.0,To Waivers,1,Hingle McCringlebery,"Dec 4, 2:45 pm",2025
add,Dalton Schultz,31107.0,Free Agent,1,Hingle McCringlebery,"Dec 4, 2:44 pm",2025
drop,Harold Fannin Jr.,41877.0,To Waivers,1,Hingle McCringlebery,"Dec 4, 2:44 pm",2025
add,Harrison Butker,30346.0,Free Agent,4,The Roethlisberger's,"Dec 3, 9:42 am",2025
drop,Andy Borregales,41980.0,To Waivers,4,The Roethlisberger's,"Dec 3, 9:42 am",2025
add,Adonai Mitchell,40915.0,Free Agent,5,Joe Buck Yourself,"Dec 3, 9:38 am",2025
drop,Devaughn Vele,41097.0,To Free Agent,5,Joe Buck Yourself,"Dec 3, 9:38 am",2025
add,Devaughn Vele,41097.0,Free Agent,5,Joe Buck Yourself,"Dec 3, 9:24 am",2025
drop,Falcons,,To Waivers,5,Joe Buck Yourself,"Dec 3, 9:24 am",2025
add,Bam Knight,34357.0,Free Agent,9,Talladega Knights,"Dec 3, 6:02 am",2025
drop,Tyler Loop,41988.0,To Waivers,9,Talladega Knights,"Dec 3, 6:02 am",2025
add,Commanders,,Waiver,6,Brokaw's Bums,"Dec 3, 4:16 am",2025
drop,Patriots,,To Waivers,6,Brokaw's Bums,"Dec 3, 4:16 am",2025
add,Romeo Doubs,34088.0,Waiver,2,Jackson's Team,"Dec 3, 4:16 am",2025
drop,Caleb Williams,40900.0,To Waivers,2,Jackson's Team,"Dec 3, 4:16 am",2025
add,Jayden Higgins,41819.0,$4  Waiver,8,The Cousin Lovers,"Dec 3, 4:16 am",2025
add,Alvin Kamara,30180.0,$5  Waiver,1,Hingle McCringlebery,"Dec 3, 4:16 am",2025
drop,Sean Tucker,40742.0,To Waivers,1,Hingle McCringlebery,"Dec 3, 4:16 am",2025
drop,Dalton Schultz,31107.0,To Waivers,6,Brokaw's Bums,"Dec 2, 8:08 am",2025
drop,Parker Washington,40234.0,To Waivers,8,The Cousin Lovers,"Dec 1, 8:42 am",2025
drop,Sam Darnold,30973.0,To Waivers,8,The Cousin Lovers,"Dec 1, 8:42 am",2025
add,Sam Darnold,30973.0,Free Agent,8,The Cousin Lovers,"Nov 30, 2:38 pm",2025
drop,Brandon Aiyuk,32695.0,To Waivers,8,The Cousin Lovers,"Nov 30, 1:57 pm",2025
add,Dalton Schultz,31107.0,Free Agent,6,Brokaw's Bums,"Nov 30, 10:03 am",2025
add,Saints,,Free Agent,1,Hingle McCringlebery,"Nov 29, 5:56 pm",2025
drop,Colston Loveland,41795.0,To Waivers,1,Hingle McCringlebery,"Nov 29, 5:56 pm",2025
add,Kimani Vidal,41052.0,Waiver,8,The Cousin Lovers,"Nov 28, 2:49 am",2025
drop,Kayshon Boutte,40224.0,To Waivers,8,The Cousin Lovers,"Nov 28, 2:49 am",2025
drop,Chimere Dike,41903.0,To Waivers,3,Simps Squad,"Nov 27, 2:35 pm",2025
add,Jared Goff,29235.0,Free Agent,4,The Roethlisberger's,"Nov 27, 11:51 am",2025
drop,Matthew Golden,41808.0,To Waivers,4,The Roethlisberger's,"Nov 27, 11:51 am",2025
add,49ers,,Free Agent,3,Simps Squad,"Nov 26, 10:26 am",2025
drop,Kimani Vidal,41052.0,To Waivers,3,Simps Squad,"Nov 26, 10:26 am",2025
add,Rams,,Free Agent,9,Talladega Knights,"Nov 26, 6:04 am",2025
drop,Lions,,To Waivers,9,Talladega Knights,"Nov 26, 6:04 am",2025
add,Brenton Strange,40078.0,Waiver,6,Brokaw's Bums,"Nov 26, 3:50 am",2025
drop,Cade Otton,34062.0,To Waivers,6,Brokaw's Bums,"Nov 26, 3:50 am",2025
add,Isiah Pacheco,34207.0,Waiver,6,Brokaw's Bums,"Nov 26, 3:50 am",2025
drop,Josh Downs,40126.0,To Waivers,6,Brokaw's Bums,"Nov 26, 3:50 am",2025
add,Patriots,,Waiver,6,Brokaw's Bums,"Nov 26, 3:50 am",2025
drop,Raiders,,To Waivers,6,Brokaw's Bums,"Nov 26, 3:50 am",2025
add,Parker Washington,40234.0,$1  Waiver,8,The Cousin Lovers,"Nov 26, 3:50 am",2025
drop,Romeo Doubs,34088.0,To Waivers,8,The Cousin Lovers,"Nov 26, 3:50 am",2025
add,Devin Neal,41972.0,$23  Waiver,8,The Cousin Lovers,"Nov 26, 3:50 am",2025
drop,Alvin Kamara,30180.0,To Waivers,8,The Cousin Lovers,"Nov 26, 3:50 am",2025
drop,Elic Ayomanor,41904.0,To Waivers,6,Brokaw's Bums,"Nov 25, 3:20 pm",2025
add,Brandon Aiyuk,32695.0,Free Agent,8,The Cousin Lovers,"Nov 24, 7:48 am",2025
drop,Bam Knight,34357.0,To Waivers,8,The Cousin Lovers,"Nov 24, 7:48 am",2025
add,Devin Singletary,31906.0,Free Agent,9,Talladega Knights,"Nov 23, 11:15 am",2025
drop,Isiah Pacheco,34207.0,To Waivers,9,Talladega Knights,"Nov 23, 11:15 am",2025
add,Tre Tucker,40114.0,Free Agent,10,Starting Defense,"Nov 22, 7:30 pm",2025
add,Matthew Stafford,9265.0,$11  Waiver,5,Joe Buck Yourself,"Nov 21, 2:47 am",2025
drop,Parker Washington,40234.0,To Waivers,5,Joe Buck Yourself,"Nov 21, 2:47 am",2025
add,Luther Burden III,41824.0,Free Agent,5,Joe Buck Yourself,"Nov 20, 9:30 pm",2025
drop,Nick Chubb,31005.0,To Waivers,5,Joe Buck Yourself,"Nov 20, 9:30 pm",2025
add,Nick Chubb,31005.0,Free Agent Added ( by Commissioner ),5,Joe Buck Yourself,"Nov 20, 9:21 pm",2025
add,Rhamondre Stevenson,33508.0,Free Agent Added ( by Commissioner ),5,Joe Buck Yourself,"Nov 20, 9:21 pm",2025
add,Ja'Marr Chase,33393.0,Free Agent Added ( by Commissioner ),5,Joe Buck Yourself,"Nov 20, 9:21 pm",2025
add,Troy Franklin,41009.0,Free Agent Added ( by Commissioner ),10,Starting Defense,"Nov 20, 9:21 pm",2025
add,Tyrone Tracy Jr.,41048.0,Free Agent Added ( by Commissioner ),10,Starting Defense,"Nov 20, 9:20 pm",2025
add,Nico Collins,33477.0,Free Agent Added ( by Commissioner ),10,Starting Defense,"Nov 20, 9:20 pm",2025
drop,Rhamondre Stevenson,33508.0,Dropped ( by Commissioner ) To Waivers,10,Starting Defense,"Nov 20, 9:19 pm",2025
drop,Ja'Marr Chase,33393.0,Dropped ( by Commissioner ) To Waivers,10,Starting Defense,"Nov 20, 9:19 pm",2025
drop,Nick Chubb,31005.0,Dropped ( by Commissioner ) To Waivers,10,Starting Defense,"Nov 20, 9:19 pm",2025
drop,Troy Franklin,41009.0,Dropped ( by Commissioner ) To Waivers,5,Joe Buck Yourself,"Nov 20, 9:19 pm",2025
drop,Tyrone Tracy Jr.,41048.0,Dropped ( by Commissioner ) To Waivers,5,Joe Buck Yourself,"Nov 20, 9:19 pm",2025
drop,Nico Collins,33477.0,Dropped ( by Commissioner ) To Waivers,5,Joe Buck Yourself,"Nov 20, 9:19 pm",2025
add,Theo Johnson,41003.0,Free Agent,10,Starting Defense,"Nov 20, 5:53 pm",2025
drop,Keon Coleman,40911.0,To Waivers,10,Starting Defense,"Nov 20, 5:52 pm",2025
add,Rashid Shaheed,34659.0,Waiver,6,Brokaw's Bums,"Nov 20, 2:54 am",2025
drop,Brenton Strange,40078.0,To Waivers,6,Brokaw's Bums,"Nov 20, 2:54 am",2025
add,Kayshon Boutte,40224.0,Free Agent,8,The Cousin Lovers,"Nov 19, 6:30 pm",2025
drop,Tre Tucker,40114.0,To Waivers,8,The Cousin Lovers,"Nov 19, 6:30 pm",2025
add,Jaguars,,Free Agent,7,Lambeau Leapers,"Nov 19, 6:04 pm",2025
add,Cam Little,41062.0,Free Agent,3,Simps Squad,"Nov 19, 3:47 pm",2025
drop,Jake Elliott,30266.0,To Free Agent,3,Simps Squad,"Nov 19, 3:47 pm",2025
add,Jake Elliott,30266.0,Free Agent,3,Simps Squad,"Nov 19, 3:47 pm",2025
drop,Chase McLaughlin,32417.0,To Waivers,3,Simps Squad,"Nov 19, 3:47 pm",2025
add,Isiah Pacheco,34207.0,Free Agent,9,Talladega Knights,"Nov 19, 1:52 pm",2025
drop,Matthew Stafford,9265.0,To Waivers,9,Talladega Knights,"Nov 19, 1:52 pm",2025
add,Bhayshul Tuten,41900.0,Free Agent,5,Joe Buck Yourself,"Nov 19, 7:44 am",2025
drop,Joe Flacco,8795.0,To Waivers,5,Joe Buck Yourself,"Nov 19, 7:44 am",2025
add,Bam Knight,34357.0,Free Agent,8,The Cousin Lovers,"Nov 19, 6:59 am",2025
drop,Patriots,,To Waivers,8,The Cousin Lovers,"Nov 19, 6:59 am",2025
add,Sean Tucker,40742.0,Waiver,1,Hingle McCringlebery,"Nov 19, 3:58 am",2025
drop,Cowboys,,To Waivers,1,Hingle McCringlebery,"Nov 19, 3:58 am",2025
add,Josh Downs,40126.0,Waiver,6,Brokaw's Bums,"Nov 19, 3:58 am",2025
drop,Cooper Kupp,30182.0,To Waivers,6,Brokaw's Bums,"Nov 19, 3:58 am",2025
add,Raiders,,Waiver,6,Brokaw's Bums,"Nov 19, 3:58 am",2025
drop,Bears,,To Waivers,6,Brokaw's Bums,"Nov 19, 3:58 am",2025
add,Jacoby Brissett,29325.0,Waiver,6,Brokaw's Bums,"Nov 19, 3:58 am",2025
drop,Marcus Mariota,28390.0,To Waivers,6,Brokaw's Bums,"Nov 19, 3:58 am",2025
add,Darnell Mooney,32843.0,Waiver,3,Simps Squad,"Nov 19, 3:58 am",2025
add,Hunter Henry,29269.0,Waiver,3,Simps Squad,"Nov 19, 3:58 am",2025
drop,Sam LaPorta,40064.0,To Waivers,3,Simps Squad,"Nov 19, 3:58 am",2025
add,Tyler Loop,41988.0,$4  Waiver,9,Talladega Knights,"Nov 19, 3:58 am",2025
add,Ka'imi Fairbairn,29792.0,$4  Waiver,8,The Cousin Lovers,"Nov 19, 3:58 am",2025
drop,Eddy Pineiro,31482.0,To Waivers,8,The Cousin Lovers,"Nov 19, 3:58 am",2025
add,Lions,,$6  Waiver,9,Talladega Knights,"Nov 19, 3:58 am",2025
add,Kenny Gainwell,33538.0,$8  Waiver,9,Talladega Knights,"Nov 19, 3:58 am",2025
drop,Rams,,To Waivers,2,Jackson's Team,"Nov 18, 8:05 pm",2025
drop,Emari Demercado,40430.0,To Waivers,9,Talladega Knights,"Nov 18, 9:53 am",2025
drop,Chiefs,,To Waivers,9,Talladega Knights,"Nov 18, 9:53 am",2025
drop,Rashid Shaheed,34659.0,To Waivers,9,Talladega Knights,"Nov 18, 9:52 am",2025
add,Nick Chubb,31005.0,Free Agent,10,Starting Defense,"Nov 16, 10:46 am",2025
add,Matt Prater,8565.0,Free Agent,7,Lambeau Leapers,"Nov 16, 10:43 am",2025
drop,Brandon McManus,27120.0,To Waivers,7,Lambeau Leapers,"Nov 16, 10:42 am",2025
add,Buccaneers,,Free Agent,1,Hingle McCringlebery,"Nov 16, 8:04 am",2025
add,Michael Wilson,40121.0,Free Agent,9,Talladega Knights,"Nov 15, 3:23 pm",2025
drop,Kenny Gainwell,33538.0,To Waivers,9,Talladega Knights,"Nov 15, 3:23 pm",2025
add,Chris Godwin Jr.,30197.0,Free Agent,9,Talladega Knights,"Nov 15, 3:22 pm",2025
drop,Isiah Pacheco,34207.0,To Waivers,9,Talladega Knights,"Nov 15, 3:22 pm",2025
add,Zach Ertz,26658.0,Free Agent,10,Starting Defense,"Nov 14, 9:06 pm",2025
drop,Dalton Schultz,31107.0,To Free Agent,2,Jackson's Team,"Nov 14, 8:57 pm",2025
drop,Jared Goff,29235.0,To Waivers,7,Lambeau Leapers,"Nov 14, 8:07 pm",2025
add,Chris Rodriguez Jr.,40231.0,Free Agent,8,The Cousin Lovers,"Nov 14, 10:35 am",2025
drop,Ka'imi Fairbairn,29792.0,To Waivers,8,The Cousin Lovers,"Nov 14, 10:35 am",2025
add,Dalton Schultz,31107.0,Free Agent,2,Jackson's Team,"Nov 14, 7:13 am",2025
drop,Christian Kirk,31017.0,To Waivers,2,Jackson's Team,"Nov 14, 7:13 am",2025
add,Packers,,Waiver,2,Jackson's Team,"Nov 14, 3:07 am",2025
add,Chiefs,,Free Agent,9,Talladega Knights,"Nov 13, 7:58 pm",2025
drop,Lions,,To Waivers,9,Talladega Knights,"Nov 13, 7:58 pm",2025
add,Joe Flacco,8795.0,Free Agent,5,Joe Buck Yourself,"Nov 13, 9:15 am",2025
drop,Jacory Croskey-Merritt,42010.0,To Waivers,5,Joe Buck Yourself,"Nov 13, 9:15 am",2025
add,Ka'imi Fairbairn,29792.0,Free Agent,8,The Cousin Lovers,"Nov 12, 11:41 am",2025
drop,Nick Chubb,31005.0,To Waivers,8,The Cousin Lovers,"Nov 12, 11:41 am",2025
add,Steelers,,Free Agent,4,The Roethlisberger's,"Nov 12, 11:39 am",2025
drop,Tank Bigsby,40095.0,To Waivers,4,The Roethlisberger's,"Nov 12, 11:39 am",2025
add,Blake Corum,40962.0,Free Agent,6,Brokaw's Bums,"Nov 12, 8:05 am",2025
drop,Bam Knight,34357.0,To Waivers,6,Brokaw's Bums,"Nov 12, 8:05 am",2025
add,Brenton Strange,40078.0,Free Agent,6,Brokaw's Bums,"Nov 12, 8:03 am",2025
drop,T.J. Hockenson,31840.0,To Waivers,6,Brokaw's Bums,"Nov 12, 8:03 am",2025
add,Bears,,Free Agent,6,Brokaw's Bums,"Nov 12, 6:10 am",2025
drop,Panthers,,To Waivers,6,Brokaw's Bums,"Nov 12, 6:10 am",2025
add,Cowboys,,Free Agent,1,Hingle McCringlebery,"Nov 12, 4:56 am",2025
drop,J.J. McCarthy,40905.0,To Waivers,1,Hingle McCringlebery,"Nov 12, 4:56 am",2025
add,Jerry Jeudy,32685.0,Waiver,1,Hingle McCringlebery,"Nov 12, 3:49 am",2025
drop,Josh Downs,40126.0,To Waivers,1,Hingle McCringlebery,"Nov 12, 3:49 am",2025
add,Marcus Mariota,28390.0,Waiver,6,Brokaw's Bums,"Nov 12, 3:49 am",2025
drop,Sam Darnold,30973.0,To Waivers,6,Brokaw's Bums,"Nov 12, 3:49 am",2025
add,Falcons,,$3  Waiver,5,Joe Buck Yourself,"Nov 12, 3:49 am",2025
drop,Packers,,To Waivers,5,Joe Buck Yourself,"Nov 12, 3:49 am",2025
add,Patriots,,$5  Waiver,8,The Cousin Lovers,"Nov 12, 3:49 am",2025
drop,Devin Singletary,31906.0,To Waivers,8,The Cousin Lovers,"Nov 12, 3:49 am",2025
add,Juwan Johnson,33113.0,$19  Waiver,8,The Cousin Lovers,"Nov 12, 3:49 am",2025
drop,Hunter Henry,29269.0,To Waivers,8,The Cousin Lovers,"Nov 12, 3:49 am",2025
drop,Cairo Santos,28227.0,To Waivers,2,Jackson's Team,"Nov 11, 11:15 am",2025
drop,Ray Davis,40980.0,To Waivers,5,Joe Buck Yourself,"Nov 11, 9:34 am",2025
add,Packers,,Free Agent,5,Joe Buck Yourself,"Nov 10, 2:00 pm",2025
add,Chargers,,Free Agent,7,Lambeau Leapers,"Nov 9, 12:13 pm",2025
drop,Jaguars,,To Waivers,7,Lambeau Leapers,"Nov 9, 12:13 pm",2025
drop,Dolphins,,To Waivers,10,Starting Defense,"Nov 9, 11:58 am",2025
add,Keon Coleman,40911.0,Free Agent,10,Starting Defense,"Nov 9, 11:57 am",2025
drop,Terrell Jennings,41713.0,To Free Agent,10,Starting Defense,"Nov 9, 11:57 am",2025
add,Terrell Jennings,41713.0,Free Agent,10,Starting Defense,"Nov 9, 11:39 am",2025
drop,Evan Engram,30136.0,To Waivers,10,Starting Defense,"Nov 9, 11:39 am",2025
add,Cade Otton,34062.0,Free Agent,6,Brokaw's Bums,"Nov 9, 7:33 am",2025
drop,Theo Johnson,41003.0,To Waivers,6,Brokaw's Bums,"Nov 9, 7:33 am",2025
add,Devin Singletary,31906.0,Free Agent,8,The Cousin Lovers,"Nov 8, 2:44 pm",2025
add,Nick Chubb,31005.0,Free Agent,8,The Cousin Lovers,"Nov 8, 2:40 pm",2025
add,Jayden Reed,40063.0,Free Agent,8,The Cousin Lovers,"Nov 8, 2:37 pm",2025
drop,Chris Godwin Jr.,30197.0,To Waivers,8,The Cousin Lovers,"Nov 8, 2:37 pm",2025
add,Emari Demercado,40430.0,Free Agent,9,Talladega Knights,"Nov 8, 8:16 am",2025
add,Jaguars,,Waiver,7,Lambeau Leapers,"Nov 7, 2:41 am",2025
drop,Falcons,,To Waivers,7,Lambeau Leapers,"Nov 7, 2:41 am",2025
add,Sam Darnold,30973.0,Waiver,6,Brokaw's Bums,"Nov 7, 2:41 am",2025
drop,Bryce Young,40029.0,To Waivers,6,Brokaw's Bums,"Nov 7, 2:41 am",2025
drop,Parker Romo,34657.0,To Waivers,10,Starting Defense,"Nov 6, 6:01 pm",2025
drop,Luke McCaffrey,40964.0,To Waivers,10,Starting Defense,"Nov 6, 12:36 pm",2025
add,Christian Kirk,31017.0,Free Agent,2,Jackson's Team,"Nov 5, 11:56 am",2025
drop,Cade Otton,34062.0,To Waivers,2,Jackson's Team,"Nov 5, 11:56 am",2025
add,Cairo Santos,28227.0,Free Agent,2,Jackson's Team,"Nov 5, 11:54 am",2025
drop,Kayshon Boutte,40224.0,To Waivers,2,Jackson's Team,"Nov 5, 11:54 am",2025
add,Ray Davis,40980.0,Free Agent,5,Joe Buck Yourself,"Nov 5, 11:28 am",2025
drop,Dylan Sampson,41907.0,To Waivers,5,Joe Buck Yourself,"Nov 5, 11:28 am",2025
add,Alec Pierce,34008.0,Free Agent,5,Joe Buck Yourself,"Nov 5, 8:51 am",2025
drop,Sam Darnold,30973.0,To Waivers,5,Joe Buck Yourself,"Nov 5, 8:51 am",2025
add,Panthers,,Free Agent,6,Brokaw's Bums,"Nov 5, 6:49 am",2025
drop,Chargers,,To Waivers,6,Brokaw's Bums,"Nov 5, 6:49 am",2025
add,Jason Myers,28378.0,Free Agent,6,Brokaw's Bums,"Nov 5, 6:40 am",2025
add,Bryce Young,40029.0,Free Agent,6,Brokaw's Bums,"Nov 5, 6:39 am",2025
drop,Kendre Miller,40108.0,To Waivers,9,Talladega Knights,"Nov 5, 6:08 am",2025
add,J.J. McCarthy,40905.0,Waiver,1,Hingle McCringlebery,"Nov 5, 3:40 am",2025
drop,Jaguars,,To Waivers,1,Hingle McCringlebery,"Nov 5, 3:40 am",2025
add,Theo Johnson,41003.0,Waiver,6,Brokaw's Bums,"Nov 5, 3:40 am",2025
drop,Zach Ertz,26658.0,To Waivers,6,Brokaw's Bums,"Nov 5, 3:40 am",2025
add,Chase McLaughlin,32417.0,Waiver,3,Simps Squad,"Nov 5, 3:40 am",2025
add,Jaxson Dart,41810.0,Waiver,2,Jackson's Team,"Nov 5, 3:40 am",2025
drop,Chiefs,,To Waivers,2,Jackson's Team,"Nov 5, 3:40 am",2025
add,Caleb Williams,40900.0,Waiver,2,Jackson's Team,"Nov 5, 3:40 am",2025
drop,Samaje Perine,30227.0,To Waivers,2,Jackson's Team,"Nov 5, 3:40 am",2025
add,Dylan Sampson,41907.0,$1  Waiver,5,Joe Buck Yourself,"Nov 5, 3:40 am",2025
drop,Isaiah Davis,41031.0,To Waivers,5,Joe Buck Yourself,"Nov 5, 3:40 am",2025
add,Colston Loveland,41795.0,$16  Waiver,1,Hingle McCringlebery,"Nov 5, 3:40 am",2025
drop,Jalen Coker,41293.0,To Waivers,1,Hingle McCringlebery,"Nov 5, 3:40 am",2025
add,Luke Musgrave,40074.0,$40  Waiver,7,Lambeau Leapers,"Nov 5, 3:40 am",2025
drop,Tucker Kraft,40102.0,To Waivers,7,Lambeau Leapers,"Nov 5, 3:40 am",2025
drop,Packers,,To Waivers,5,Joe Buck Yourself,"Nov 4, 10:55 pm",2025
drop,Wil Lutz,29754.0,To Waivers,6,Brokaw's Bums,"Nov 4, 6:29 pm",2025
drop,Harrison Butker,30346.0,To Waivers,3,Simps Squad,"Nov 4, 9:32 am",2025
drop,Calvin Ridley,30996.0,To Waivers,3,Simps Squad,"Nov 4, 9:32 am",2025
drop,Nick Chubb,31005.0,To Waivers,8,The Cousin Lovers,"Nov 4, 7:32 am",2025
drop,Patriots,,To Waivers,8,The Cousin Lovers,"Nov 4, 7:21 am",2025
drop,Jayden Reed,40063.0,To Waivers,6,Brokaw's Bums,"Nov 3, 11:07 pm",2025
add,Browns,,Free Agent,1,Hingle McCringlebery,"Nov 2, 10:42 am",2025
add,Samaje Perine,30227.0,Free Agent,2,Jackson's Team,"Nov 2, 9:45 am",2025
drop,Keon Coleman,40911.0,To Waivers,2,Jackson's Team,"Nov 2, 9:45 am",2025
add,Zach Ertz,26658.0,Free Agent,6,Brokaw's Bums,"Nov 1, 3:38 pm",2025
drop,Caleb Williams,40900.0,To Waivers,6,Brokaw's Bums,"Nov 1, 3:38 pm",2025
add,Sam Darnold,30973.0,Free Agent,5,Joe Buck Yourself,"Nov 1, 9:24 am",2025
drop,Kyler Murray,31833.0,To Waivers,5,Joe Buck Yourself,"Nov 1, 9:24 am",2025
add,Parker Washington,40234.0,Free Agent,5,Joe Buck Yourself,"Oct 31, 3:44 pm",2025
add,Emanuel Wilson,40707.0,Free Agent,7,Lambeau Leapers,"Oct 30, 1:28 pm",2025
drop,Matt Prater,8565.0,To Waivers,7,Lambeau Leapers,"Oct 30, 1:14 pm",2025
drop,Matt Gay,31977.0,To Waivers,7,Lambeau Leapers,"Oct 30, 1:14 pm",2025
add,Harrison Butker,30346.0,Free Agent,3,Simps Squad,"Oct 30, 1:10 pm",2025
drop,Evan McPherson,33537.0,To Waivers,3,Simps Squad,"Oct 30, 1:10 pm",2025
add,Ravens,,Free Agent,3,Simps Squad,"Oct 30, 1:10 pm",2025
drop,Steelers,,To Waivers,3,Simps Squad,"Oct 30, 1:10 pm",2025
add,Tank Bigsby,40095.0,Free Agent,4,The Roethlisberger's,"Oct 30, 7:59 am",2025
drop,Jaxson Dart,41810.0,To Waivers,4,The Roethlisberger's,"Oct 30, 7:59 am",2025
add,Jauan Jennings,32887.0,$7  Waiver,5,Joe Buck Yourself,"Oct 30, 2:48 am",2025
drop,Jaydon Blue,41935.0,To Waivers,5,Joe Buck Yourself,"Oct 30, 2:48 am",2025
add,Tre Tucker,40114.0,Free Agent,8,The Cousin Lovers,"Oct 29, 2:39 pm",2025
add,Andy Borregales,41980.0,Free Agent,4,The Roethlisberger's,"Oct 29, 12:42 pm",2025
drop,Chase McLaughlin,32417.0,To Waivers,4,The Roethlisberger's,"Oct 29, 12:42 pm",2025
add,Chimere Dike,41903.0,Free Agent,3,Simps Squad,"Oct 29, 11:11 am",2025
add,Calvin Ridley,30996.0,Free Agent,3,Simps Squad,"Oct 29, 10:45 am",2025
add,Packers,,Free Agent,5,Joe Buck Yourself,"Oct 29, 8:06 am",2025
drop,Jaylin Noel,41885.0,To Waivers,5,Joe Buck Yourself,"Oct 29, 8:06 am",2025
add,Jaguars,,Free Agent,1,Hingle McCringlebery,"Oct 29, 5:02 am",2025
drop,Hollywood Brown,31857.0,To Waivers,1,Hingle McCringlebery,"Oct 29, 5:02 am",2025
add,Matthew Stafford,9265.0,$4  Waiver,9,Talladega Knights,"Oct 29, 3:38 am",2025
add,Lions,,$4  Waiver,9,Talladega Knights,"Oct 29, 3:38 am",2025
add,Tyjae Spears,40119.0,$4  Waiver,1,Hingle McCringlebery,"Oct 29, 3:38 am",2025
drop,Emari Demercado,40430.0,To Waivers,1,Hingle McCringlebery,"Oct 29, 3:38 am",2025
add,Kyler Murray,31833.0,$8  Waiver,5,Joe Buck Yourself,"Oct 29, 3:38 am",2025
drop,Buccaneers,,To Waivers,1,Hingle McCringlebery,"Oct 28, 12:06 pm",2025
drop,Dalton Schultz,31107.0,To Waivers,5,Joe Buck Yourself,"Oct 28, 7:45 am",2025
drop,Cam Skattebo,41922.0,To Waivers,5,Joe Buck Yourself,"Oct 28, 7:45 am",2025
drop,Kendrick Bourne,30551.0,To Waivers,5,Joe Buck Yourself,"Oct 28, 7:45 am",2025
drop,Darnell Mooney,32843.0,To Waivers,8,The Cousin Lovers,"Oct 28, 7:37 am",2025
drop,Michael Carter,33495.0,To Waivers,9,Talladega Knights,"Oct 28, 6:13 am",2025
drop,Jauan Jennings,32887.0,To Waivers,1,Hingle McCringlebery,"Oct 28, 5:48 am",2025
add,Parker Romo,34657.0,Free Agent,10,Starting Defense,"Oct 26, 8:43 am",2025
add,Darnell Mooney,32843.0,Free Agent,8,The Cousin Lovers,"Oct 25, 11:26 am",2025
drop,Tre Tucker,40114.0,To Waivers,8,The Cousin Lovers,"Oct 25, 11:26 am",2025
add,Evan McPherson,33537.0,Free Agent,3,Simps Squad,"Oct 24, 12:16 pm",2025
drop,Michael Badgley,31366.0,To Waivers,3,Simps Squad,"Oct 24, 12:16 pm",2025
add,Troy Franklin,41009.0,Free Agent,5,Joe Buck Yourself,"Oct 23, 9:04 pm",2025
add,Dalton Schultz,31107.0,Free Agent,5,Joe Buck Yourself,"Oct 23, 4:03 pm",2025
drop,Mason Taylor,41827.0,To Waivers,5,Joe Buck Yourself,"Oct 23, 4:03 pm",2025
add,Jaylin Noel,41885.0,Free Agent,5,Joe Buck Yourself,"Oct 23, 4:02 pm",2025
drop,Christian Kirk,31017.0,To Waivers,5,Joe Buck Yourself,"Oct 23, 4:02 pm",2025
add,Caleb Williams,40900.0,Free Agent,6,Brokaw's Bums,"Oct 23, 11:16 am",2025
drop,Blake Corum,40962.0,To Waivers,6,Brokaw's Bums,"Oct 23, 11:16 am",2025
add,Brock Purdy,34218.0,Free Agent,3,Simps Squad,"Oct 22, 1:08 pm",2025
add,Daniel Jones,31838.0,Free Agent,8,The Cousin Lovers,"Oct 22, 12:47 pm",2025
add,Isaiah Davis,41031.0,Free Agent,5,Joe Buck Yourself,"Oct 22, 10:52 am",2025
drop,Tyjae Spears,40119.0,To Waivers,5,Joe Buck Yourself,"Oct 22, 10:52 am",2025
add,Christian Kirk,31017.0,Free Agent,5,Joe Buck Yourself,"Oct 22, 8:31 am",2025
add,Texans,,Free Agent,5,Joe Buck Yourself,"Oct 22, 8:27 am",2025
drop,Packers,,To Waivers,5,Joe Buck Yourself,"Oct 22, 8:27 am",2025
add,Chargers,,Free Agent,6,Brokaw's Bums,"Oct 22, 5:57 am",2025
drop,Browns,,To Waivers,6,Brokaw's Bums,"Oct 22, 5:57 am",2025
add,Kyle Monangai,42025.0,Waiver,6,Brokaw's Bums,"Oct 22, 3:28 am",2025
add,Oronde Gadsden,41951.0,Waiver,3,Simps Squad,"Oct 22, 3:28 am",2025
drop,Luther Burden III,41824.0,To Waivers,3,Simps Squad,"Oct 22, 3:28 am",2025
add,Buccaneers,,$1  Waiver,1,Hingle McCringlebery,"Oct 22, 3:28 am",2025
drop,Bears,,To Waivers,1,Hingle McCringlebery,"Oct 22, 3:28 am",2025
add,Tez Johnson,42030.0,$71  Waiver,4,The Roethlisberger's,"Oct 22, 3:28 am",2025
drop,Nyheim Miller-Hines,31074.0,To Waivers,3,Simps Squad,"Oct 21, 10:42 am",2025
drop,Justin Fields,33399.0,To Waivers,3,Simps Squad,"Oct 21, 10:42 am",2025
drop,Jayden Higgins,41819.0,To Waivers,5,Joe Buck Yourself,"Oct 21, 9:08 am",2025
drop,Jordan Whittington,41083.0,To Waivers,6,Brokaw's Bums,"Oct 21, 7:10 am",2025
drop,Caleb Williams,40900.0,To Waivers,8,The Cousin Lovers,"Oct 21, 5:48 am",2025
add,Jayden Higgins,41819.0,Free Agent,5,Joe Buck Yourself,"Oct 19, 5:46 pm",2025
drop,Emanuel Wilson,40707.0,To Waivers,5,Joe Buck Yourself,"Oct 19, 5:46 pm",2025
add,Luke McCaffrey,40964.0,Free Agent,10,Starting Defense,"Oct 19, 12:15 pm",2025
add,Matt Gay,31977.0,Free Agent,7,Lambeau Leapers,"Oct 19, 11:33 am",2025
drop,Titans,,To Waivers,7,Lambeau Leapers,"Oct 19, 11:33 am",2025
add,Falcons,,Free Agent,7,Lambeau Leapers,"Oct 19, 11:31 am",2025
drop,Ravens,,To Waivers,7,Lambeau Leapers,"Oct 19, 11:31 am",2025
drop,Jude McAtamney,41686.0,To Free Agent,5,Joe Buck Yourself,"Oct 19, 8:48 am",2025
add,Jude McAtamney,41686.0,Free Agent,5,Joe Buck Yourself,"Oct 19, 8:48 am",2025
drop,Chad Ryland,40159.0,To Free Agent,5,Joe Buck Yourself,"Oct 19, 8:48 am",2025
add,Chad Ryland,40159.0,Free Agent,5,Joe Buck Yourself,"Oct 19, 8:47 am",2025
drop,Matt Gay,31977.0,To Free Agent,5,Joe Buck Yourself,"Oct 19, 8:47 am",2025
add,Matt Gay,31977.0,Free Agent,5,Joe Buck Yourself,"Oct 19, 8:47 am",2025
drop,Bhayshul Tuten,41900.0,To Waivers,5,Joe Buck Yourself,"Oct 19, 8:47 am",2025
add,Michael Carter,33495.0,Free Agent,9,Talladega Knights,"Oct 19, 8:40 am",2025
drop,Calvin Ridley,30996.0,To Waivers,9,Talladega Knights,"Oct 19, 8:40 am",2025
add,Caleb Williams,40900.0,Free Agent,8,The Cousin Lovers,"Oct 19, 8:33 am",2025
drop,Daniel Jones,31838.0,To Free Agent,8,The Cousin Lovers,"Oct 19, 8:33 am",2025
add,Daniel Jones,31838.0,Free Agent,8,The Cousin Lovers,"Oct 19, 8:28 am",2025
drop,Matthew Stafford,9265.0,To Waivers,8,The Cousin Lovers,"Oct 19, 8:28 am",2025
add,Bhayshul Tuten,41900.0,Free Agent,5,Joe Buck Yourself,"Oct 18, 12:14 pm",2025
add,Jordan Whittington,41083.0,Free Agent,6,Brokaw's Bums,"Oct 17, 4:43 pm",2025
drop,DJ Giddens,41937.0,To Waivers,6,Brokaw's Bums,"Oct 17, 4:43 pm",2025
add,Emanuel Wilson,40707.0,Free Agent,5,Joe Buck Yourself,"Oct 17, 4:22 pm",2025
add,Dolphins,,Free Agent,10,Starting Defense,"Oct 16, 7:15 pm",2025
drop,Tank Bigsby,40095.0,To Waivers,10,Starting Defense,"Oct 16, 7:15 pm",2025
add,Tyrone Tracy Jr.,41048.0,Free Agent,5,Joe Buck Yourself,"Oct 16, 4:07 pm",2025
drop,Caleb Williams,40900.0,To Waivers,5,Joe Buck Yourself,"Oct 16, 4:07 pm",2025
add,Tre Tucker,40114.0,Free Agent,8,The Cousin Lovers,"Oct 16, 12:14 pm",2025
drop,Jerry Jeudy,32685.0,To Waivers,8,The Cousin Lovers,"Oct 16, 12:14 pm",2025
add,Kayshon Boutte,40224.0,Free Agent,2,Jackson's Team,"Oct 16, 8:29 am",2025
drop,Hassan Haskins,34087.0,To Waivers,2,Jackson's Team,"Oct 16, 8:29 am",2025
add,Cade Otton,34062.0,Free Agent,2,Jackson's Team,"Oct 16, 7:56 am",2025
drop,David Njoku,30142.0,To Waivers,2,Jackson's Team,"Oct 16, 7:56 am",2025
add,Caleb Williams,40900.0,Free Agent,5,Joe Buck Yourself,"Oct 15, 10:22 am",2025
drop,Daniel Jones,31838.0,To Waivers,5,Joe Buck Yourself,"Oct 15, 10:22 am",2025
add,Elic Ayomanor,41904.0,Free Agent,6,Brokaw's Bums,"Oct 15, 9:56 am",2025
drop,Isaiah Davis,41031.0,To Waivers,6,Brokaw's Bums,"Oct 15, 9:56 am",2025
add,Browns,,Free Agent,6,Brokaw's Bums,"Oct 15, 9:53 am",2025
drop,Brashard Smith,42012.0,To Waivers,6,Brokaw's Bums,"Oct 15, 9:53 am",2025
add,Wil Lutz,29754.0,Free Agent,6,Brokaw's Bums,"Oct 15, 9:52 am",2025
add,Bam Knight,34357.0,Free Agent,6,Brokaw's Bums,"Oct 15, 9:50 am",2025
add,Tyjae Spears,40119.0,Free Agent,5,Joe Buck Yourself,"Oct 15, 7:52 am",2025
drop,Sterling Shepard,29274.0,To Waivers,5,Joe Buck Yourself,"Oct 15, 7:52 am",2025
drop,Michael Carter,33495.0,To Waivers,5,Joe Buck Yourself,"Oct 15, 7:51 am",2025
drop,Kyle Monangai,42025.0,To Waivers,5,Joe Buck Yourself,"Oct 15, 7:48 am",2025
add,Jaxson Dart,41810.0,Waiver,4,The Roethlisberger's,"Oct 15, 3:29 am",2025
drop,Kyler Murray,31833.0,To Waivers,4,The Roethlisberger's,"Oct 15, 3:29 am",2025
add,Will Reichard,41093.0,Waiver,1,Hingle McCringlebery,"Oct 15, 3:29 am",2025
drop,Joshua Karty,41081.0,To Waivers,1,Hingle McCringlebery,"Oct 15, 3:29 am",2025
add,Bears,,$2  Waiver,1,Hingle McCringlebery,"Oct 15, 3:29 am",2025
drop,Chargers,,To Waivers,1,Hingle McCringlebery,"Oct 15, 3:29 am",2025
add,Josh Downs,40126.0,$5  Waiver,1,Hingle McCringlebery,"Oct 15, 3:29 am",2025
drop,Bhayshul Tuten,41900.0,To Waivers,1,Hingle McCringlebery,"Oct 15, 3:29 am",2025
add,Eddy Pineiro,31482.0,$8  Waiver,8,The Cousin Lovers,"Oct 15, 3:29 am",2025
drop,Matt Gay,31977.0,To Waivers,8,The Cousin Lovers,"Oct 15, 3:29 am",2025
drop,Theo Johnson,41003.0,To Waivers,4,The Roethlisberger's,"Oct 14, 10:51 pm",2025
drop,Raiders,,To Waivers,6,Brokaw's Bums,"Oct 14, 1:20 pm",2025
drop,Cam Little,41062.0,To Waivers,6,Brokaw's Bums,"Oct 14, 1:20 pm",2025
drop,Bengals,,To Waivers,10,Starting Defense,"Oct 14, 5:33 am",2025
add,Kyle Monangai,42025.0,Free Agent,5,Joe Buck Yourself,"Oct 13, 10:52 am",2025
drop,Isaiah Bond,42598.0,To Waivers,5,Joe Buck Yourself,"Oct 13, 10:52 am",2025
add,Matt Prater,8565.0,Free Agent,7,Lambeau Leapers,"Oct 12, 2:21 pm",2025
add,Jaydon Blue,41935.0,Free Agent,5,Joe Buck Yourself,"Oct 10, 7:20 pm",2025
drop,Browns,,To Free Agent,5,Joe Buck Yourself,"Oct 10, 7:20 pm",2025
add,Christian Watson,33989.0,Free Agent,8,The Cousin Lovers,"Oct 10, 6:09 pm",2025
add,Browns,,Free Agent,5,Joe Buck Yourself,"Oct 10, 4:15 pm",2025
add,Sterling Shepard,29274.0,Free Agent,5,Joe Buck Yourself,"Oct 10, 1:18 pm",2025
add,Matt Gay,31977.0,Free Agent,8,The Cousin Lovers,"Oct 10, 12:27 pm",2025
add,DJ Giddens,41937.0,Free Agent,6,Brokaw's Bums,"Oct 9, 10:44 am",2025
drop,Oronde Gadsden,41951.0,To Waivers,6,Brokaw's Bums,"Oct 9, 10:44 am",2025
add,Theo Johnson,41003.0,Free Agent,4,The Roethlisberger's,"Oct 8, 2:39 pm",2025
add,Titans,,Free Agent,7,Lambeau Leapers,"Oct 8, 9:17 am",2025
drop,Jake Elliott,30266.0,To Waivers,7,Lambeau Leapers,"Oct 8, 9:17 am",2025
add,Michael Badgley,31366.0,Free Agent,3,Simps Squad,"Oct 8, 8:32 am",2025
drop,Ka'imi Fairbairn,29792.0,To Waivers,3,Simps Squad,"Oct 8, 8:32 am",2025
add,Isaiah Davis,41031.0,Free Agent,6,Brokaw's Bums,"Oct 8, 8:27 am",2025
add,Luther Burden III,41824.0,Free Agent,3,Simps Squad,"Oct 8, 8:26 am",2025
drop,Tre Tucker,40114.0,To Waivers,3,Simps Squad,"Oct 8, 8:26 am",2025
add,Mason Taylor,41827.0,Free Agent,5,Joe Buck Yourself,"Oct 8, 8:16 am",2025
drop,Elic Ayomanor,41904.0,To Waivers,5,Joe Buck Yourself,"Oct 8, 8:16 am",2025
add,Nyheim Miller-Hines,31074.0,Free Agent,3,Simps Squad,"Oct 8, 8:16 am",2025
drop,Ollie Gordon II,41969.0,To Waivers,3,Simps Squad,"Oct 8, 8:16 am",2025
drop,Brenton Strange,40078.0,To Waivers,6,Brokaw's Bums,"Oct 8, 8:05 am",2025
add,David Njoku,30142.0,Free Agent,2,Jackson's Team,"Oct 8, 7:45 am",2025
drop,Juwan Johnson,33113.0,To Waivers,2,Jackson's Team,"Oct 8, 7:45 am",2025
add,Chargers,,Free Agent,1,Hingle McCringlebery,"Oct 8, 6:13 am",2025
drop,Lions,,To Waivers,1,Hingle McCringlebery,"Oct 8, 6:13 am",2025
add,Joshua Karty,41081.0,Free Agent,1,Hingle McCringlebery,"Oct 8, 6:13 am",2025
drop,Will Reichard,41093.0,To Waivers,1,Hingle McCringlebery,"Oct 8, 6:13 am",2025
add,Raiders,,Free Agent,6,Brokaw's Bums,"Oct 8, 6:12 am",2025
drop,Browns,,To Waivers,6,Brokaw's Bums,"Oct 8, 6:12 am",2025
add,Kareem Hunt,30199.0,Waiver,6,Brokaw's Bums,"Oct 8, 5:39 am",2025
add,Chase McLaughlin,32417.0,$2  Waiver,4,The Roethlisberger's,"Oct 8, 5:39 am",2025
drop,Spencer Shrader,41499.0,To Waivers,4,The Roethlisberger's,"Oct 8, 5:39 am",2025
add,Chris Boswell,28188.0,$2  Waiver,5,Joe Buck Yourself,"Oct 8, 5:39 am",2025
drop,Zach Ertz,26658.0,To Waivers,5,Joe Buck Yourself,"Oct 8, 5:39 am",2025
add,Patriots,,$6  Waiver,8,The Cousin Lovers,"Oct 8, 5:39 am",2025
drop,Jaxson Dart,41810.0,To Waivers,8,The Cousin Lovers,"Oct 8, 5:39 am",2025
add,Matthew Stafford,9265.0,$8  Waiver,8,The Cousin Lovers,"Oct 8, 5:39 am",2025
drop,Jason Myers,28378.0,To Waivers,8,The Cousin Lovers,"Oct 8, 5:39 am",2025
add,Calvin Ridley,30996.0,$12  Waiver,9,Talladega Knights,"Oct 8, 5:39 am",2025
drop,Malik Washington,41058.0,To Waivers,9,Talladega Knights,"Oct 8, 5:39 am",2025
add,Kimani Vidal,41052.0,$40  Waiver,3,Simps Squad,"Oct 8, 5:39 am",2025
add,Hassan Haskins,34087.0,$62  Waiver,2,Jackson's Team,"Oct 8, 5:39 am",2025
drop,Christian Kirk,31017.0,To Waivers,2,Jackson's Team,"Oct 8, 5:39 am",2025
drop,Giants,,To Waivers,3,Simps Squad,"Oct 7, 12:16 pm",2025
drop,Cardinals,,To Waivers,5,Joe Buck Yourself,"Oct 7, 7:42 am",2025
drop,Vikings,,To Waivers,8,The Cousin Lovers,"Oct 7, 7:41 am",2025
drop,Harrison Butker,30346.0,To Waivers,5,Joe Buck Yourself,"Oct 7, 7:30 am",2025
drop,Brock Purdy,34218.0,To Waivers,8,The Cousin Lovers,"Oct 7, 7:21 am",2025
add,Travis Hunter,41787.0,Free Agent,1,Hingle McCringlebery,"Oct 4, 10:18 am",2025
drop,Colston Loveland,41795.0,To Waivers,1,Hingle McCringlebery,"Oct 4, 10:18 am",2025
add,DeVonta Smith,33398.0,$85  Waiver,6,Brokaw's Bums,"Oct 4, 2:41 am",2025
drop,Calvin Ridley,30996.0,To Waivers,6,Brokaw's Bums,"Oct 4, 2:41 am",2025
add,Zach Ertz,26658.0,Free Agent,5,Joe Buck Yourself,"Oct 3, 11:37 am",2025
drop,Brandon Aiyuk,32695.0,To Waivers,5,Joe Buck Yourself,"Oct 3, 11:36 am",2025
add,Jaxson Dart,41810.0,Free Agent,8,The Cousin Lovers,"Oct 3, 5:37 am",2025
add,Daniel Jones,31838.0,$6  Waiver,5,Joe Buck Yourself,"Oct 3, 2:27 am",2025
drop,Troy Franklin,41009.0,To Waivers,5,Joe Buck Yourself,"Oct 3, 2:27 am",2025
add,Elic Ayomanor,41904.0,Free Agent,5,Joe Buck Yourself,"Oct 2, 9:42 pm",2025
drop,DeVonta Smith,33398.0,To Waivers,5,Joe Buck Yourself,"Oct 2, 9:42 pm",2025
add,Brock Purdy,34218.0,Free Agent,8,The Cousin Lovers,"Oct 2, 5:12 pm",2025
add,Brashard Smith,42012.0,Free Agent,6,Brokaw's Bums,"Oct 2, 6:59 am",2025
drop,Justice Hill,31945.0,To Waivers,6,Brokaw's Bums,"Oct 2, 6:59 am",2025
add,Colston Loveland,41795.0,Free Agent,1,Hingle McCringlebery,"Oct 1, 9:46 pm",2025
drop,Isaac TeSlaa,41865.0,To Waivers,1,Hingle McCringlebery,"Oct 1, 9:46 pm",2025
add,Jake Elliott,30266.0,Free Agent,7,Lambeau Leapers,"Oct 1, 7:25 pm",2025
drop,Ray Davis,40980.0,To Waivers,7,Lambeau Leapers,"Oct 1, 7:25 pm",2025
add,Jared Goff,29235.0,Free Agent,7,Lambeau Leapers,"Oct 1, 7:24 pm",2025
drop,Tyjae Spears,40119.0,To Waivers,7,Lambeau Leapers,"Oct 1, 7:24 pm",2025
add,Kendrick Bourne,30551.0,Free Agent,5,Joe Buck Yourself,"Oct 1, 4:32 pm",2025
drop,Elic Ayomanor,41904.0,To Free Agent,5,Joe Buck Yourself,"Oct 1, 4:32 pm",2025
add,Isaiah Bond,42598.0,Free Agent,5,Joe Buck Yourself,"Oct 1, 3:19 pm",2025
drop,Joe Mixon,30161.0,To Waivers,5,Joe Buck Yourself,"Oct 1, 3:16 pm",2025
add,Giants,,Free Agent,3,Simps Squad,"Oct 1, 12:34 pm",2025
drop,David Njoku,30142.0,To Waivers,3,Simps Squad,"Oct 1, 12:34 pm",2025
add,Rams,,Free Agent,2,Jackson's Team,"Oct 1, 11:19 am",2025
add,Emari Demercado,40430.0,Free Agent,1,Hingle McCringlebery,"Oct 1, 11:15 am",2025
drop,Tyreek Hill,29399.0,To Waivers,1,Hingle McCringlebery,"Oct 1, 11:14 am",2025
add,Justice Hill,31945.0,Free Agent,6,Brokaw's Bums,"Oct 1, 11:08 am",2025
drop,Tyquan Thornton,34005.0,To Waivers,6,Brokaw's Bums,"Oct 1, 11:08 am",2025
add,Jason Myers,28378.0,Free Agent,8,The Cousin Lovers,"Oct 1, 9:46 am",2025
drop,Tyler Loop,41988.0,To Waivers,8,The Cousin Lovers,"Oct 1, 9:46 am",2025
drop,Darnell Mooney,32843.0,To Waivers,8,The Cousin Lovers,"Oct 1, 9:42 am",2025
add,Michael Carter,33495.0,Free Agent,5,Joe Buck Yourself,"Oct 1, 7:44 am",2025
drop,Travis Hunter,41787.0,To Waivers,5,Joe Buck Yourself,"Oct 1, 7:44 am",2025
add,Elic Ayomanor,41904.0,Free Agent,5,Joe Buck Yourself,"Oct 1, 7:38 am",2025
add,Jalen Coker,41293.0,Free Agent,1,Hingle McCringlebery,"Oct 1, 6:46 am",2025
add,Browns,,Waiver,6,Brokaw's Bums,"Oct 1, 5:29 am",2025
drop,Patriots,,To Waivers,6,Brokaw's Bums,"Oct 1, 5:29 am",2025
add,Harrison Butker,30346.0,$3  Waiver,5,Joe Buck Yourself,"Oct 1, 5:29 am",2025
drop,Chris Boswell,28188.0,To Waivers,5,Joe Buck Yourself,"Oct 1, 5:29 am",2025
add,Cardinals,,$4  Waiver,5,Joe Buck Yourself,"Oct 1, 5:29 am",2025
drop,Tory Horton,41952.0,To Waivers,5,Joe Buck Yourself,"Oct 1, 5:29 am",2025
add,Darius Slayton,32003.0,$15  Waiver,6,Brokaw's Bums,"Oct 1, 5:29 am",2025
drop,Tez Johnson,42030.0,To Waivers,6,Brokaw's Bums,"Oct 1, 5:29 am",2025
add,Malik Washington,41058.0,$17  Waiver,9,Talladega Knights,"Oct 1, 5:29 am",2025
drop,Daniel Jones,31838.0,To Waivers,9,Talladega Knights,"Oct 1, 5:29 am",2025
add,Kendre Miller,40108.0,$31  Waiver,9,Talladega Knights,"Oct 1, 5:29 am",2025
drop,Cedric Tillman,40093.0,To Waivers,9,Talladega Knights,"Oct 1, 5:29 am",2025
drop,Geno Smith,26662.0,To Waivers,2,Jackson's Team,"Sep 30, 11:07 am",2025
drop,Caleb Williams,40900.0,To Waivers,6,Brokaw's Bums,"Sep 30, 7:29 am",2025
drop,Malik Nabers,40899.0,To Waivers,4,The Roethlisberger's,"Sep 30, 5:32 am",2025
add,Darren Waller,28592.0,Free Agent,6,Brokaw's Bums,"Sep 29, 7:06 am",2025
drop,J.J. McCarthy,40905.0,To Waivers,8,The Cousin Lovers,"Sep 28, 7:14 pm",2025
drop,Kaleb Johnson,41881.0,To Free Agent,6,Brokaw's Bums,"Sep 28, 12:24 pm",2025
add,Tez Johnson,42030.0,Free Agent,6,Brokaw's Bums,"Sep 28, 9:02 am",2025
drop,Tyrone Tracy Jr.,41048.0,To Waivers,6,Brokaw's Bums,"Sep 28, 9:02 am",2025
add,Kaleb Johnson,41881.0,Free Agent,6,Brokaw's Bums,"Sep 28, 8:14 am",2025
add,Kenny Gainwell,33538.0,Free Agent,9,Talladega Knights,"Sep 28, 7:46 am",2025
drop,Chris Rodriguez Jr.,40231.0,To Waivers,9,Talladega Knights,"Sep 28, 7:46 am",2025
add,Oronde Gadsden,41951.0,Free Agent,6,Brokaw's Bums,"Sep 26, 9:47 pm",2025
add,Christian Kirk,31017.0,Free Agent,2,Jackson's Team,"Sep 26, 8:12 pm",2025
add,Rico Dowdle,33100.0,Free Agent,3,Simps Squad,"Sep 25, 5:03 pm",2025
drop,Dont'e Thornton Jr.,41892.0,To Waivers,3,Simps Squad,"Sep 25, 5:03 pm",2025
add,Chris Rodriguez Jr.,40231.0,Free Agent,9,Talladega Knights,"Sep 25, 7:49 am",2025
drop,Elic Ayomanor,41904.0,To Waivers,9,Talladega Knights,"Sep 25, 7:49 am",2025
add,Elic Ayomanor,41904.0,Free Agent,9,Talladega Knights,"Sep 24, 4:08 pm",2025
drop,Marvin Mims Jr.,40090.0,To Waivers,9,Talladega Knights,"Sep 24, 4:08 pm",2025
add,Tory Horton,41952.0,Free Agent,5,Joe Buck Yourself,"Sep 24, 12:56 pm",2025
drop,Christian Kirk,31017.0,To Free Agent,5,Joe Buck Yourself,"Sep 24, 12:56 pm",2025
add,Christian Kirk,31017.0,Free Agent,5,Joe Buck Yourself,"Sep 24, 12:54 pm",2025
drop,Rams,,To Waivers,5,Joe Buck Yourself,"Sep 24, 12:54 pm",2025
add,Tyquan Thornton,34005.0,Free Agent,6,Brokaw's Bums,"Sep 24, 7:13 am",2025
drop,Dalton Schultz,31107.0,To Waivers,6,Brokaw's Bums,"Sep 24, 7:13 am",2025
add,Patriots,,Waiver,6,Brokaw's Bums,"Sep 24, 5:02 am",2025
drop,Falcons,,To Waivers,6,Brokaw's Bums,"Sep 24, 5:02 am",2025
add,Lions,,Waiver,1,Hingle McCringlebery,"Sep 24, 5:02 am",2025
drop,49ers,,To Waivers,1,Hingle McCringlebery,"Sep 24, 5:02 am",2025
add,Geno Smith,26662.0,$8  Waiver,2,Jackson's Team,"Sep 24, 5:02 am",2025
drop,Zach Ertz,26658.0,To Waivers,2,Jackson's Team,"Sep 24, 5:02 am",2025
add,Woody Marks,41902.0,$9  Waiver,5,Joe Buck Yourself,"Sep 24, 5:02 am",2025
drop,Najee Harris,33412.0,To Waivers,5,Joe Buck Yourself,"Sep 24, 5:02 am",2025
add,Tre Tucker,40114.0,$28  Waiver,3,Simps Squad,"Sep 24, 5:02 am",2025
drop,Kaleb Johnson,41881.0,To Waivers,3,Simps Squad,"Sep 24, 5:02 am",2025
drop,Adam Thielen,27277.0,To Waivers,6,Brokaw's Bums,"Sep 21, 8:37 pm",2025
add,Najee Harris,33412.0,Free Agent,5,Joe Buck Yourself,"Sep 19, 2:25 pm",2025
drop,Kayshon Boutte,40224.0,To Waivers,5,Joe Buck Yourself,"Sep 19, 2:25 pm",2025
add,Romeo Doubs,34088.0,Free Agent,8,The Cousin Lovers,"Sep 19, 12:13 pm",2025
add,Colts,,Free Agent,4,The Roethlisberger's,"Sep 18, 7:36 pm",2025
drop,Bears,,To Waivers,4,The Roethlisberger's,"Sep 18, 7:36 pm",2025
add,Chiefs,,Free Agent,2,Jackson's Team,"Sep 17, 9:55 am",2025
drop,Christian Kirk,31017.0,To Waivers,2,Jackson's Team,"Sep 17, 9:54 am",2025
drop,DeAndre Hopkins,26650.0,To Waivers,2,Jackson's Team,"Sep 17, 9:54 am",2025
add,Caleb Williams,40900.0,Free Agent,6,Brokaw's Bums,"Sep 17, 7:06 am",2025
drop,Buccaneers,,To Waivers,6,Brokaw's Bums,"Sep 17, 7:06 am",2025
add,Spencer Shrader,41499.0,Free Agent,4,The Roethlisberger's,"Sep 17, 5:47 am",2025
drop,Wil Lutz,29754.0,To Waivers,4,The Roethlisberger's,"Sep 17, 5:47 am",2025
add,Seahawks,,Free Agent,8,The Cousin Lovers,"Sep 17, 5:38 am",2025
add,Buccaneers,,Waiver,6,Brokaw's Bums,"Sep 17, 5:05 am",2025
add,Falcons,,Waiver,6,Brokaw's Bums,"Sep 17, 5:05 am",2025
add,Zach Ertz,26658.0,$8  Waiver,2,Jackson's Team,"Sep 17, 5:05 am",2025
add,Wan'Dale Robinson,33998.0,$11  Waiver,3,Simps Squad,"Sep 17, 5:05 am",2025
drop,DJ Giddens,41937.0,To Waivers,3,Simps Squad,"Sep 17, 5:05 am",2025
add,Juwan Johnson,33113.0,$22  Waiver,2,Jackson's Team,"Sep 17, 5:05 am",2025
drop,Joshua Palmer,33465.0,To Waivers,2,Jackson's Team,"Sep 17, 5:05 am",2025
add,Troy Franklin,41009.0,$36  Waiver,5,Joe Buck Yourself,"Sep 17, 5:05 am",2025
drop,Will Dissly,31090.0,To Waivers,5,Joe Buck Yourself,"Sep 17, 5:05 am",2025
drop,Michael Mayer,40065.0,To Waivers,1,Hingle McCringlebery,"Sep 16, 11:18 am",2025
drop,Cowboys,,To Waivers,6,Brokaw's Bums,"Sep 16, 9:37 am",2025
drop,Cardinals,,To Waivers,8,The Cousin Lovers,"Sep 16, 9:18 am",2025
add,Dalton Schultz,31107.0,Free Agent,6,Brokaw's Bums,"Sep 14, 9:35 pm",2025
drop,Jaylen Wright,41010.0,To Waivers,6,Brokaw's Bums,"Sep 14, 9:35 pm",2025
add,Will Dissly,31090.0,Free Agent,5,Joe Buck Yourself,"Sep 14, 2:26 pm",2025
drop,Dylan Sampson,41907.0,To Waivers,5,Joe Buck Yourself,"Sep 14, 2:26 pm",2025
add,Michael Mayer,40065.0,Free Agent,1,Hingle McCringlebery,"Sep 14, 2:06 pm",2025
drop,Kareem Hunt,30199.0,To Free Agent,1,Hingle McCringlebery,"Sep 14, 2:06 pm",2025
add,Kareem Hunt,30199.0,Free Agent,1,Hingle McCringlebery,"Sep 14, 7:08 am",2025
add,Cardinals,,Free Agent,8,The Cousin Lovers,"Sep 13, 2:33 pm",2025
drop,Jayden Higgins,41819.0,To Waivers,8,The Cousin Lovers,"Sep 13, 2:33 pm",2025
add,Cedric Tillman,40093.0,Free Agent,9,Talladega Knights,"Sep 12, 5:43 am",2025
drop,Austin Ekeler,30423.0,To Waivers,9,Talladega Knights,"Sep 12, 5:20 am",2025
add,Hunter Henry,29269.0,Free Agent,8,The Cousin Lovers,"Sep 10, 11:37 am",2025
drop,Colston Loveland,41795.0,To Waivers,8,The Cousin Lovers,"Sep 10, 11:37 am",2025
add,DJ Giddens,41937.0,Free Agent,3,Simps Squad,"Sep 10, 10:58 am",2025
drop,Josh Downs,40126.0,To Waivers,3,Simps Squad,"Sep 10, 10:58 am",2025
add,Quentin Johnston,40051.0,Free Agent,5,Joe Buck Yourself,"Sep 10, 9:23 am",2025
drop,Cardinals,,To Waivers,5,Joe Buck Yourself,"Sep 10, 9:23 am",2025
add,Kayshon Boutte,40224.0,Free Agent,5,Joe Buck Yourself,"Sep 10, 8:32 am",2025
drop,Jaydon Blue,41935.0,To Waivers,5,Joe Buck Yourself,"Sep 10, 8:32 am",2025
add,Cowboys,,Waiver,6,Brokaw's Bums,"Sep 10, 5:13 am",2025
add,Tyler Loop,41988.0,$1  Waiver,8,The Cousin Lovers,"Sep 10, 5:13 am",2025
drop,Chase McLaughlin,32417.0,To Waivers,8,The Cousin Lovers,"Sep 10, 5:13 am",2025
add,Daniel Jones,31838.0,$3  Waiver,9,Talladega Knights,"Sep 10, 5:13 am",2025
drop,C.J. Stroud,40030.0,To Waivers,9,Talladega Knights,"Sep 10, 5:13 am",2025
add,Bears,,$7  Waiver,4,The Roethlisberger's,"Sep 10, 5:13 am",2025
drop,Chiefs,,To Waivers,4,The Roethlisberger's,"Sep 10, 5:13 am",2025
add,Harold Fannin Jr.,41877.0,$13  Waiver,1,Hingle McCringlebery,"Sep 10, 5:13 am",2025
drop,Dameon Pierce,34063.0,To Waivers,1,Hingle McCringlebery,"Sep 10, 5:13 am",2025
add,Justin Fields,33399.0,$21  Waiver,3,Simps Squad,"Sep 10, 5:13 am",2025
drop,Kyle Williams,41864.0,To Waivers,3,Simps Squad,"Sep 10, 5:13 am",2025
add,Hollywood Brown,31857.0,$54  Waiver,1,Hingle McCringlebery,"Sep 10, 5:13 am",2025
drop,Rashod Bateman,33415.0,To Waivers,2,Jackson's Team,"Sep 9, 8:26 pm",2025
drop,Najee Harris,33412.0,To Waivers,8,The Cousin Lovers,"Sep 9, 9:20 am",2025
drop,Commanders,,To Waivers,6,Brokaw's Bums,"Sep 9, 7:03 am",2025
add,Adam Thielen,27277.0,Free Agent,6,Brokaw's Bums,"Sep 8, 5:35 pm",2025
drop,Keaton Mitchell,40641.0,To Waivers,6,Brokaw's Bums,"Sep 7, 6:54 pm",2025
add,Joshua Palmer,33465.0,Free Agent,2,Jackson's Team,"Sep 7, 6:08 pm",2025
add,Rashod Bateman,33415.0,Free Agent,2,Jackson's Team,"Sep 7, 6:07 pm",2025
add,Chiefs,,Free Agent,4,The Roethlisberger's,"Sep 5, 6:41 pm",2025
drop,Chargers,,To Waivers,4,The Roethlisberger's,"Sep 5, 6:41 pm",2025
add,Bengals,,Free Agent,10,Starting Defense,"Sep 4, 1:27 pm",2025
drop,Cedric Tillman,40093.0,To Waivers,10,Starting Defense,"Sep 4, 1:27 pm",2025
add,Dameon Pierce,34063.0,Free Agent,1,Hingle McCringlebery,"Sep 2, 9:24 pm",2025
drop,Woody Marks,41902.0,To Waivers,1,Hingle McCringlebery,"Sep 2, 9:24 pm",2025
add,Brenton Strange,40078.0,Free Agent,6,Brokaw's Bums,"Sep 1, 1:54 pm",2025
drop,Luther Burden III,41824.0,To Waivers,6,Brokaw's Bums,"Sep 1, 1:54 pm",2025
add,49ers,,Free Agent,1,Hingle McCringlebery,"Aug 31, 10:53 am",2025
drop,Lions,,To Waivers,1,Hingle McCringlebery,"Aug 31, 10:53 am",2025
add,Quinshon Judkins,41821.0,Free Agent,2,Jackson's Team,"Aug 29, 10:19 am",2025
drop,Adam Thielen,27277.0,To Waivers,2,Jackson's Team,"Aug 29, 10:19 am",2025
add,Packers,,Free Agent,5,Joe Buck Yourself,"Aug 28, 6:06 pm",2025
drop,Texans,,To Waivers,5,Joe Buck Yourself,"Aug 28, 6:06 pm",2025
add,Isaac TeSlaa,41865.0,Free Agent,1,Hingle McCringlebery,"Aug 27, 2:04 pm",2025
drop,Quinshon Judkins,41821.0,To Waivers,1,Hingle McCringlebery,"Aug 27, 2:04 pm",2025
add,Dont'e Thornton Jr.,41892.0,Free Agent,3,Simps Squad,"Aug 26, 1:09 pm",2025
drop,Joshua Palmer,33465.0,To Waivers,3,Simps Squad,"Aug 26, 1:09 pm",2025
add,Commanders,,Free Agent,6,Brokaw's Bums,"Aug 25, 12:07 pm",2025
drop,Brock Purdy,34218.0,To Waivers,6,Brokaw's Bums,"Aug 25, 12:07 pm",2025
add,Rams,,Free Agent,5,Joe Buck Yourself,"Aug 25, 8:29 am",2025
add,Adam Thielen,27277.0,Free Agent,2,Jackson's Team,"Aug 25, 7:59 am",2025
drop,Isaac Guerendo,40998.0,To Waivers,2,Jackson's Team,"Aug 25, 7:59 am",2025
add,Bills,,Waiver,10,Starting Defense,"Aug 25, 4:13 am",2025
drop,Jonnu Smith,30213.0,To Waivers,10,Starting Defense,"Aug 25, 4:13 am",2025
add,J.J. McCarthy,40905.0,Waiver,8,The Cousin Lovers,"Aug 25, 4:13 am",2025
add,Nick Chubb,31005.0,Waiver,8,The Cousin Lovers,"Aug 25, 4:13 am",2025
add,Cardinals,,Waiver,5,Joe Buck Yourself,"Aug 25, 4:13 am",2025
add,Joshua Palmer,33465.0,Waiver,3,Simps Squad,"Aug 25, 4:13 am",2025
drop,DeMario Douglas,40222.0,To Waivers,3,Simps Squad,"Aug 25, 4:13 am",2025
